{"type":"FeatureCollection","features":[{"type":"Feature","geometry":{"type":"MultiPolygon","coordinates":[[[[8.789062,47.694974],[8.876953,47.694974],[8.876953,47.635784],[8.964844,47.635784],[8.964844,47.694974],[9.052734,47.694974],[9.228516,47.635784],[9.492188,47.576526],[9.580078,47.517201],[9.580078,47.457809],[9.667969,47.457809],[9.667969,47.338823],[9.580078,47.338823],[9.580078,47.279229],[9.492188,47.219568],[9.492188,47.040182],[9.84375,47.040182],[9.84375,46.980252],[9.84375,46.920255],[9.931641,46.920255],[10.019531,46.860191],[10.195312,46.860191],[10.283203,46.920255],[10.283203,46.980252],[10.458984,46.980252],[10.458984,46.55886],[10.283203,46.55886],[10.283203,46.619261],[10.107422,46.619261],[10.019531,46.55886],[10.019531,46.437857],[10.107422,46.437857],[10.195312,46.377254],[10.195312,46.255847],[10.107422,46.255847],[10.019531,46.316584],[10.019531,46.377254],[9.84375,46.377254],[9.755859,46.316584],[9.492188,46.316584],[9.492188,46.498392],[9.316406,46.498392],[9.316406,46.437857],[9.316406,46.316584],[9.140625,46.195042],[9.140625,46.13417],[9.052734,46.13417],[9.052734,46.012224],[9.052734,45.95115],[9.052734,45.828799],[8.964844,45.828799],[8.964844,45.890008],[8.876953,45.890008],[8.876953,45.95115],[8.789062,45.95115],[8.789062,46.012224],[8.789062,46.073231],[8.701172,46.073231],[8.701172,46.13417],[8.4375,46.255847],[8.4375,46.437857],[8.261719,46.437857],[8.173828,46.195042],[8.173828,46.13417],[7.998047,46.012224],[7.910156,46.012224],[7.910156,45.95115],[7.822266,45.95115],[7.734375,45.95115],[7.470703,45.95115],[7.382812,45.890008],[7.119141,45.890008],[7.03125,45.95115],[7.03125,46.012224],[6.943359,46.073231],[6.855469,46.073231],[6.767578,46.13417],[6.767578,46.437857],[6.503906,46.437857],[6.328125,46.377254],[6.240234,46.377254],[6.240234,46.195042],[6.152344,46.195042],[6.152344,46.13417],[5.976562,46.13417],[5.976562,46.255847],[6.152344,46.255847],[6.152344,46.377254],[6.064453,46.437857],[6.240234,46.679594],[6.328125,46.739861],[6.416016,46.739861],[6.503906,46.800059],[6.416016,46.860191],[6.503906,46.920255],[6.503906,46.980252],[6.679688,46.980252],[6.679688,47.040182],[6.767578,47.15984],[6.855469,47.15984],[6.943359,47.279229],[7.03125,47.338823],[6.855469,47.338823],[7.03125,47.517201],[7.119141,47.517201],[7.207031,47.457809],[7.294922,47.457809],[7.470703,47.457809],[7.470703,47.517201],[7.558594,47.576526],[7.646484,47.576526],[7.646484,47.517201],[7.734375,47.517201],[7.734375,47.576526],[8.085938,47.576526],[8.173828,47.635784],[8.261719,47.635784],[8.261719,47.576526],[8.4375,47.576526],[8.4375,47.635784],[8.4375,47.754098],[8.525391,47.813155],[8.701172,47.813155],[8.701172,47.694974],[8.789062,47.694974]]]]},"properties":{"From":1886,"To":2023,"id":null,"Holder":null,"Name":"Switzerland","Status":"independent","Area":null,"Capital":"Bern","capital_geom":"0101000020E61000005F7D3CF4DDDD1D40B79C4B7155754740"}},{"type":"Feature","geometry":{"type":"MultiPolygon","coordinates":[[[[9.492188,43.004647],[9.492188,42.747012],[9.404297,42.682435],[9.492188,42.617791],[9.492188,42.55308],[9.580078,42.55308],[9.580078,42.098222],[9.404297,41.967659],[9.404297,41.640078],[9.316406,41.574361],[9.316406,41.508577],[9.228516,41.442726],[9.228516,41.376809],[9.140625,41.376809],[9.140625,41.442726],[8.964844,41.508577],[8.876953,41.508577],[8.789062,41.574361],[8.789062,41.640078],[8.876953,41.640078],[8.876953,41.705729],[8.701172,41.705729],[8.701172,41.836828],[8.789062,41.836828],[8.789062,41.902277],[8.613281,41.902277],[8.613281,41.967659],[8.701172,41.967659],[8.701172,42.098222],[8.613281,42.098222],[8.613281,42.228517],[8.701172,42.228517],[8.613281,42.358544],[8.701172,42.488302],[8.701172,42.55308],[9.052734,42.682435],[9.052734,42.747012],[9.228516,42.747012],[9.316406,42.682435],[9.316406,43.004647],[9.492188,43.004647]]],[[[6.943359,45.890008],[6.855469,45.890008],[6.855469,45.828799],[6.767578,45.767523],[6.767578,45.706179],[7.119141,45.460131],[7.119141,45.274886],[6.943359,45.151053],[6.679688,45.151053],[6.591797,45.089036],[6.679688,45.02695],[6.767578,44.902578],[6.855469,44.902578],[6.943359,44.840291],[7.03125,44.840291],[7.03125,44.715514],[6.943359,44.653024],[6.855469,44.527843],[6.855469,44.402392],[6.943359,44.276671],[7.03125,44.21371],[7.382812,44.150681],[7.646484,44.150681],[7.734375,44.087585],[7.470703,43.897892],[7.558594,43.834527],[7.558594,43.771094],[7.382812,43.771094],[7.382812,43.707594],[7.207031,43.707594],[7.119141,43.644026],[7.119141,43.580391],[6.855469,43.452919],[6.855469,43.389082],[6.767578,43.389082],[6.679688,43.325178],[6.679688,43.197167],[6.503906,43.197167],[6.416016,43.133061],[6.152344,43.133061],[6.152344,43.068888],[6.064453,43.068888],[5.976562,43.068888],[5.800781,43.068888],[5.800781,43.133061],[5.712891,43.197167],[5.361328,43.197167],[5.361328,43.389082],[5.273438,43.325178],[5.009766,43.325178],[5.009766,43.389082],[4.746094,43.389082],[4.570312,43.389082],[4.570312,43.452919],[4.306641,43.452919],[4.306641,43.516689],[4.21875,43.516689],[4.21875,43.452919],[4.130859,43.452919],[4.130859,43.580391],[4.042969,43.580391],[3.867188,43.452919],[3.515625,43.325178],[3.427734,43.261206],[3.339844,43.261206],[3.076172,43.068888],[2.988281,42.875964],[2.988281,42.811522],[3.076172,42.747012],[3.076172,42.488302],[2.988281,42.488302],[2.724609,42.423457],[2.636719,42.423457],[2.636719,42.358544],[2.460938,42.358544],[2.373047,42.423457],[2.109375,42.423457],[2.109375,42.358544],[2.021484,42.358544],[1.845703,42.488302],[1.757812,42.488302],[1.757812,42.617791],[1.582031,42.617791],[1.582031,42.682435],[1.494141,42.682435],[1.40625,42.682435],[1.318359,42.747012],[1.142578,42.682435],[1.142578,42.747012],[1.054688,42.811522],[0.791016,42.811522],[0.703125,42.875964],[0.703125,42.682435],[0.263672,42.682435],[0.175781,42.747012],[0.087891,42.682435],[-0.087891,42.682435],[-0.087891,42.747012],[-0.175781,42.811522],[-0.527344,42.811522],[-0.703125,42.875964],[-0.703125,42.940339],[-0.966797,42.940339],[-0.966797,43.004647],[-1.054688,43.004647],[-1.230469,43.068888],[-1.494141,43.068888],[-1.40625,43.133061],[-1.40625,43.261206],[-1.494141,43.261206],[-1.669922,43.325178],[-1.757812,43.325178],[-1.757812,43.389082],[-1.669922,43.389082],[-1.494141,43.516689],[-1.494141,43.580391],[-1.40625,43.644026],[-1.40625,43.771094],[-1.318359,44.087585],[-1.318359,44.21371],[-1.230469,44.402392],[-1.230469,44.590467],[-1.142578,44.653024],[-1.054688,44.653024],[-1.054688,44.715514],[-1.142578,44.777936],[-1.230469,44.715514],[-1.230469,45.02695],[-1.142578,45.213004],[-1.142578,45.521744],[-1.054688,45.521744],[-0.966797,45.460131],[-0.878906,45.460131],[-0.878906,45.521744],[-0.966797,45.644768],[-1.054688,45.644768],[-1.142578,45.706179],[-1.230469,45.706179],[-1.230469,45.767523],[-1.230469,45.828799],[-1.230469,45.890008],[-1.142578,45.890008],[-1.054688,45.890008],[-1.054688,46.012224],[-1.142578,46.13417],[-1.142578,46.316584],[-1.230469,46.316584],[-1.494141,46.377254],[-1.669922,46.437857],[-1.845703,46.55886],[-1.845703,46.619261],[-2.021484,46.739861],[-2.021484,46.800059],[-2.109375,46.800059],[-2.109375,46.920255],[-2.021484,46.980252],[-2.021484,47.100045],[-2.197266,47.100045],[-2.197266,47.219568],[-2.285156,47.219568],[-2.460938,47.279229],[-2.548828,47.279229],[-2.548828,47.398349],[-2.373047,47.398349],[-2.460938,47.457809],[-2.460938,47.517201],[-2.636719,47.517201],[-2.636719,47.576526],[-2.636719,47.635784],[-2.724609,47.635784],[-2.900391,47.576526],[-3.076172,47.576526],[-3.076172,47.457809],[-3.164062,47.457809],[-3.164062,47.635784],[-3.251953,47.635784],[-3.515625,47.754098],[-3.603516,47.754098],[-3.779297,47.813155],[-3.867188,47.813155],[-3.867188,47.872144],[-4.130859,47.872144],[-4.130859,47.813155],[-4.306641,47.813155],[-4.306641,47.872144],[-4.394531,47.872144],[-4.394531,47.931066],[-4.570312,48.04871],[-4.394531,48.107431],[-4.306641,48.107431],[-4.306641,48.224673],[-4.482422,48.224673],[-4.570312,48.166085],[-4.658203,48.283193],[-4.570312,48.283193],[-4.21875,48.283193],[-4.306641,48.341646],[-4.570312,48.341646],[-4.746094,48.341646],[-4.833984,48.400032],[-4.746094,48.516604],[-4.746094,48.57479],[-4.570312,48.57479],[-4.570312,48.632909],[-4.394531,48.69096],[-4.21875,48.69096],[-4.042969,48.748945],[-3.955078,48.748945],[-3.955078,48.632909],[-3.867188,48.632909],[-3.867188,48.748945],[-3.691406,48.748945],[-3.691406,48.69096],[-3.603516,48.69096],[-3.603516,48.748945],[-3.603516,48.806863],[-3.515625,48.864715],[-3.339844,48.806863],[-3.251953,48.864715],[-3.076172,48.864715],[-3.076172,48.806863],[-2.8125,48.632909],[-2.724609,48.516604],[-2.636719,48.516604],[-2.460938,48.632909],[-2.285156,48.69096],[-2.109375,48.632909],[-2.021484,48.57479],[-2.021484,48.69096],[-1.845703,48.69096],[-1.845703,48.632909],[-1.318359,48.632909],[-1.40625,48.69096],[-1.494141,48.69096],[-1.582031,48.748945],[-1.582031,49.21042],[-1.669922,49.325122],[-1.757812,49.382373],[-1.845703,49.496675],[-1.845703,49.667628],[-1.757812,49.667628],[-1.494141,49.667628],[-1.40625,49.724479],[-1.318359,49.724479],[-1.230469,49.667628],[-1.230469,49.61071],[-1.318359,49.553726],[-1.318359,49.496675],[-1.230469,49.496675],[-1.142578,49.382373],[-0.703125,49.382373],[-0.615234,49.325122],[-0.263672,49.325122],[-0.263672,49.267805],[-0.087891,49.325122],[0.0,49.325122],[0.087891,49.382373],[0.175781,49.382373],[0.175781,49.439557],[0.087891,49.496675],[0.175781,49.667628],[0.175781,49.724479],[0.351562,49.724479],[0.527344,49.837982],[0.615234,49.837982],[0.703125,49.894634],[1.054688,49.894634],[1.230469,50.007739],[1.40625,50.064192],[1.40625,50.120578],[1.494141,50.120578],[1.494141,50.176898],[1.582031,50.289339],[1.582031,50.903033],[1.933594,51.013755],[2.197266,51.013755],[2.373047,51.069017],[2.548828,51.069017],[2.636719,51.013755],[2.636719,50.847573],[2.8125,50.736455],[2.988281,50.736455],[3.076172,50.792047],[3.164062,50.792047],[3.164062,50.736455],[3.251953,50.680797],[3.251953,50.513427],[3.603516,50.513427],[3.691406,50.457504],[3.691406,50.401515],[3.779297,50.34546],[4.042969,50.34546],[4.21875,50.233152],[4.21875,50.120578],[4.130859,50.007739],[4.21875,50.007739],[4.21875,49.95122],[4.482422,49.95122],[4.658203,50.007739],[4.658203,50.064192],[4.833984,50.120578],[4.833984,49.781264],[5.009766,49.781264],[5.361328,49.667628],[5.361328,49.61071],[5.449219,49.61071],[5.449219,49.496675],[5.625,49.496675],[5.625,49.553726],[5.800781,49.553726],[5.800781,49.496675],[5.888672,49.496675],[5.976562,49.439557],[6.064453,49.439557],[6.152344,49.496675],[6.328125,49.496675],[6.416016,49.496675],[6.591797,49.382373],[6.679688,49.267805],[6.679688,49.15297],[6.855469,49.15297],[6.855469,49.21042],[6.943359,49.21042],[7.119141,49.095452],[7.294922,49.095452],[7.382812,49.15297],[7.470703,49.15297],[7.646484,49.037868],[7.998047,49.037868],[7.998047,48.980217],[8.173828,48.980217],[8.173828,48.864715],[8.085938,48.864715],[8.085938,48.806863],[7.998047,48.748945],[7.910156,48.632909],[7.822266,48.57479],[7.734375,48.400032],[7.734375,48.283193],[7.558594,48.166085],[7.558594,48.04871],[7.646484,47.989922],[7.558594,47.872144],[7.558594,47.576526],[7.470703,47.517201],[7.470703,47.457809],[7.294922,47.457809],[7.207031,47.457809],[7.119141,47.517201],[7.03125,47.517201],[6.855469,47.338823],[7.03125,47.338823],[6.943359,47.279229],[6.855469,47.15984],[6.767578,47.15984],[6.679688,47.040182],[6.679688,46.980252],[6.503906,46.980252],[6.503906,46.920255],[6.416016,46.860191],[6.503906,46.800059],[6.416016,46.739861],[6.328125,46.739861],[6.240234,46.679594],[6.064453,46.437857],[6.152344,46.377254],[6.152344,46.255847],[5.976562,46.255847],[5.976562,46.13417],[6.152344,46.13417],[6.152344,46.195042],[6.240234,46.195042],[6.240234,46.377254],[6.328125,46.377254],[6.503906,46.437857],[6.767578,46.437857],[6.767578,46.13417],[6.855469,46.073231],[6.943359,46.073231],[7.03125,46.012224],[7.03125,45.95115],[6.943359,45.890008]],[[5.185547,43.452919],[5.185547,43.516689],[5.009766,43.580391],[5.009766,43.389082],[5.097656,43.389082],[5.185547,43.452919]],[[-0.878906,45.460131],[-0.791016,45.336702],[-0.791016,45.274886],[-0.703125,45.213004],[-0.703125,45.39845],[-0.878906,45.460131]],[[-0.703125,45.089036],[-0.527344,44.902578],[-0.527344,45.02695],[-0.615234,45.089036],[-0.703125,45.089036]],[[-2.109375,47.279229],[-1.933594,47.279229],[-2.021484,47.338823],[-2.109375,47.279229]],[[-2.021484,48.57479],[-2.021484,48.516604],[-1.933594,48.516604],[-1.933594,48.57479],[-2.021484,48.57479]]],[[[-1.494141,46.255847],[-1.318359,46.195042],[-1.318359,46.13417],[-1.494141,46.195042],[-1.494141,46.255847]]],[[[-3.251953,47.398349],[-3.076172,47.338823],[-3.076172,47.279229],[-3.251953,47.279229],[-3.251953,47.398349]]],[[[3.076172,42.488302],[3.164062,42.488302],[3.164062,42.423457],[3.076172,42.423457],[3.076172,42.488302]]],[[[-1.318359,45.95115],[-1.40625,45.95115],[-1.40625,46.012224],[-1.318359,46.012224],[-1.318359,45.95115]]],[[[-1.845703,49.667628],[-1.933594,49.667628],[-1.933594,49.724479],[-1.845703,49.724479],[-1.845703,49.667628]]],[[[-2.724609,47.517201],[-2.8125,47.457809],[-2.8125,47.517201],[-2.724609,47.517201]]],[[[-1.318359,45.95115],[-1.230469,45.890008],[-1.318359,45.890008],[-1.318359,45.95115]]],[[[6.943359,45.890008],[6.943359,45.828799],[6.855469,45.828799],[6.943359,45.890008]]]]},"properties":{"From":1919,"To":2023,"id":null,"Holder":null,"Name":"France","Status":"independent","Area":null,"Capital":"Paris","capital_geom":"0101000020E6100000A96BED7DAAAA02402D6002B7EE6E4840"}},{"type":"Feature","geometry":{"type":"MultiPolygon","coordinates":[[[[14.414062,35.960223],[14.501953,35.960223],[14.501953,35.88905],[14.589844,35.88905],[14.589844,35.817813],[14.414062,35.817813],[14.414062,35.88905],[14.326172,35.88905],[14.326172,35.960223],[14.414062,35.960223]]]]},"properties":{"From":1964,"To":2023,"id":null,"Holder":null,"Name":"Malta","Status":"independent","Area":null,"Capital":"Valletta","capital_geom":"0101000020E6100000BA313D6189072D4050C763062AF34140"}},{"type":"Feature","geometry":{"type":"MultiPolygon","coordinates":[[[[26.982422,51.781436],[27.158203,51.781436],[27.158203,51.672555],[27.246094,51.618017],[27.685547,51.618017],[27.685547,51.508742],[27.773438,51.454007],[27.861328,51.563412],[27.861328,51.618017],[27.949219,51.618017],[27.949219,51.563412],[28.125,51.563412],[28.125,51.618017],[28.212891,51.618017],[28.212891,51.672555],[28.300781,51.672555],[28.300781,51.563412],[28.652344,51.563412],[28.652344,51.454007],[28.740234,51.454007],[28.828125,51.508742],[28.828125,51.563412],[29.091797,51.618017],[29.179688,51.618017],[29.267578,51.563412],[29.267578,51.508742],[29.355469,51.399206],[29.443359,51.399206],[29.619141,51.508742],[29.707031,51.508742],[29.707031,51.454007],[30.058594,51.454007],[30.058594,51.508742],[30.146484,51.508742],[30.322266,51.399206],[30.322266,51.344339],[30.498047,51.289406],[30.585938,51.234407],[30.585938,51.344339],[30.673828,51.344339],[30.585938,51.454007],[30.585938,51.727028],[30.673828,51.781436],[30.673828,51.835778],[30.9375,51.99841],[30.9375,52.106505],[31.904297,52.106505],[31.904297,52.05249],[32.080078,52.05249],[32.255859,52.106505],[32.34375,52.106505],[32.34375,52.321911],[32.607422,52.321911],[32.607422,52.268157],[32.783203,52.268157],[32.958984,52.214339],[32.958984,52.268157],[33.046875,52.321911],[33.222656,52.375599],[33.398438,52.375599],[33.486328,52.321911],[33.662109,52.321911],[33.662109,52.375599],[33.837891,52.375599],[34.101562,52.214339],[34.101562,51.99841],[34.277344,51.944265],[34.365234,51.835778],[34.453125,51.781436],[34.453125,51.727028],[34.189453,51.727028],[34.101562,51.672555],[34.101562,51.618017],[34.189453,51.618017],[34.277344,51.563412],[34.277344,51.454007],[34.365234,51.234407],[34.541016,51.234407],[34.716797,51.179343],[34.892578,51.179343],[34.980469,51.234407],[35.068359,51.234407],[35.15625,51.179343],[35.15625,51.013755],[35.244141,51.013755],[35.244141,51.069017],[35.332031,51.069017],[35.332031,50.903033],[35.419922,50.736455],[35.507812,50.680797],[35.419922,50.625073],[35.419922,50.457504],[35.595703,50.401515],[35.683594,50.34546],[35.771484,50.401515],[35.859375,50.401515],[35.859375,50.457504],[36.123047,50.457504],[36.123047,50.401515],[36.210938,50.401515],[36.210938,50.34546],[36.298828,50.289339],[36.386719,50.289339],[36.5625,50.233152],[36.738281,50.233152],[36.738281,50.289339],[36.826172,50.34546],[37.177734,50.34546],[37.265625,50.401515],[37.353516,50.401515],[37.441406,50.457504],[37.617188,50.176898],[37.705078,50.064192],[37.792969,50.064192],[37.96875,49.95122],[38.056641,49.95122],[38.144531,50.064192],[38.320312,50.064192],[38.320312,50.007739],[38.408203,50.007739],[38.496094,49.95122],[38.671875,49.95122],[38.847656,49.894634],[39.023438,49.781264],[39.199219,49.894634],[39.199219,49.781264],[39.287109,49.781264],[39.287109,49.724479],[39.462891,49.724479],[39.638672,49.667628],[39.638672,49.61071],[39.814453,49.553726],[39.990234,49.553726],[39.990234,49.61071],[40.166016,49.61071],[40.166016,49.553726],[40.078125,49.553726],[40.078125,49.382373],[40.166016,49.382373],[40.166016,49.267805],[40.078125,49.15297],[39.990234,49.15297],[39.990234,49.095452],[39.902344,49.095452],[39.902344,49.037868],[39.726562,49.037868],[39.726562,48.980217],[39.814453,48.922499],[39.990234,48.864715],[39.990234,48.922499],[40.078125,48.922499],[40.078125,48.806863],[39.814453,48.806863],[39.726562,48.748945],[39.638672,48.57479],[39.814453,48.57479],[39.902344,48.516604],[39.902344,48.341646],[39.990234,48.283193],[39.902344,48.224673],[39.902344,48.166085],[39.814453,48.04871],[39.814453,47.872144],[39.726562,47.813155],[39.375,47.813155],[39.375,47.872144],[39.287109,47.872144],[39.199219,47.813155],[39.111328,47.813155],[39.023438,47.872144],[38.847656,47.872144],[38.847656,47.813155],[38.759766,47.754098],[38.759766,47.694974],[38.583984,47.635784],[38.496094,47.635784],[38.320312,47.576526],[38.320312,47.517201],[38.232422,47.338823],[38.320312,47.279229],[38.232422,47.219568],[38.232422,47.100045],[38.144531,47.040182],[38.056641,47.100045],[37.529297,47.100045],[37.441406,47.040182],[37.441406,46.920255],[37.177734,46.920255],[37.089844,46.860191],[36.914062,46.860191],[36.914062,46.800059],[36.826172,46.800059],[36.738281,46.800059],[36.650391,46.800059],[36.5625,46.739861],[36.386719,46.739861],[36.386719,46.679594],[36.210938,46.619261],[36.210938,46.679594],[35.859375,46.679594],[35.859375,46.619261],[35.771484,46.619261],[35.771484,46.55886],[35.683594,46.55886],[35.683594,46.498392],[35.595703,46.498392],[35.332031,46.316584],[35.244141,46.377254],[35.244141,46.437857],[35.15625,46.377254],[35.15625,46.316584],[34.980469,46.195042],[34.716797,46.195042],[34.628906,46.073231],[34.541016,46.012224],[34.541016,45.95115],[34.365234,46.012224],[34.453125,46.13417],[34.365234,46.13417],[34.189453,46.255847],[34.101562,46.195042],[34.101562,46.13417],[34.013672,46.13417],[34.013672,46.195042],[33.925781,46.195042],[33.75,46.255847],[33.574219,46.13417],[33.486328,46.13417],[33.486328,46.073231],[33.398438,46.073231],[33.310547,46.13417],[32.783203,46.13417],[32.607422,46.073231],[32.34375,46.073231],[32.255859,46.13417],[32.255859,46.195042],[31.992188,46.255847],[31.816406,46.255847],[31.728516,46.316584],[31.904297,46.316584],[31.992188,46.377254],[31.992188,46.437857],[31.816406,46.498392],[32.167969,46.498392],[32.255859,46.437857],[32.34375,46.437857],[32.431641,46.498392],[32.431641,46.55886],[32.255859,46.55886],[32.167969,46.55886],[31.992188,46.619261],[31.992188,46.739861],[31.904297,46.739861],[31.904297,46.619261],[31.728516,46.619261],[31.640625,46.619261],[31.464844,46.619261],[31.025391,46.619261],[30.9375,46.55886],[30.849609,46.55886],[30.761719,46.498392],[30.761719,46.316584],[30.673828,46.255847],[30.498047,46.073231],[30.146484,45.828799],[29.882812,45.828799],[29.794922,45.767523],[29.794922,45.706179],[29.794922,45.644768],[29.707031,45.644768],[29.707031,45.828799],[29.619141,45.828799],[29.619141,45.460131],[29.794922,45.460131],[29.794922,45.336702],[29.707031,45.274886],[29.707031,45.213004],[29.619141,45.274886],[29.619141,45.39845],[29.53125,45.39845],[29.443359,45.460131],[29.355469,45.460131],[28.828125,45.274886],[28.828125,45.213004],[28.564453,45.213004],[28.388672,45.274886],[28.300781,45.336702],[28.300781,45.39845],[28.212891,45.460131],[28.212891,45.521744],[28.564453,45.521744],[28.476562,45.644768],[28.476562,45.706179],[28.564453,45.767523],[28.652344,45.767523],[28.740234,45.890008],[28.740234,45.95115],[28.828125,45.95115],[28.916016,46.012224],[29.003906,46.012224],[29.003906,46.255847],[28.916016,46.437857],[29.003906,46.437857],[29.003906,46.498392],[29.179688,46.55886],[29.179688,46.377254],[29.267578,46.377254],[29.267578,46.437857],[29.355469,46.437857],[29.53125,46.498392],[29.53125,46.437857],[29.619141,46.377254],[29.707031,46.437857],[29.882812,46.377254],[30.058594,46.377254],[30.058594,46.437857],[29.970703,46.55886],[29.970703,46.800059],[29.882812,46.860191],[29.707031,46.920255],[29.619141,46.920255],[29.619141,47.338823],[29.53125,47.338823],[29.443359,47.279229],[29.355469,47.338823],[29.355469,47.398349],[29.267578,47.398349],[29.267578,47.457809],[29.179688,47.457809],[29.179688,47.576526],[29.267578,47.754098],[29.179688,47.931066],[29.179688,47.989922],[29.091797,47.989922],[29.091797,47.931066],[29.003906,47.931066],[28.916016,47.989922],[28.828125,48.107431],[28.740234,48.166085],[28.388672,48.166085],[28.388672,48.224673],[28.037109,48.224673],[28.037109,48.283193],[28.037109,48.341646],[27.861328,48.341646],[27.861328,48.400032],[27.773438,48.458352],[27.421875,48.458352],[27.246094,48.341646],[26.71875,48.341646],[26.542969,48.224673],[26.367188,48.224673],[26.279297,48.166085],[26.279297,48.107431],[26.191406,47.989922],[25.927734,47.989922],[25.839844,47.931066],[25.3125,47.931066],[25.136719,47.813155],[25.136719,47.754098],[25.048828,47.754098],[25.048828,47.694974],[24.873047,47.694974],[24.785156,47.813155],[24.697266,47.813155],[24.697266,47.872144],[24.609375,47.931066],[24.345703,47.931066],[24.257812,47.872144],[24.082031,47.931066],[23.818359,47.931066],[23.554688,47.989922],[23.378906,47.989922],[23.378906,48.04871],[23.291016,48.04871],[23.291016,48.107431],[23.115234,48.107431],[23.115234,48.04871],[22.939453,47.931066],[22.851562,47.989922],[22.851562,48.04871],[22.763672,48.107431],[22.587891,48.107431],[22.587891,48.166085],[22.5,48.224673],[22.412109,48.224673],[22.236328,48.341646],[22.236328,48.400032],[22.148438,48.400032],[22.148438,48.57479],[22.324219,48.69096],[22.412109,48.864715],[22.5,48.922499],[22.5,48.980217],[22.587891,49.037868],[22.587891,49.095452],[22.763672,49.037868],[22.851562,49.037868],[22.851562,49.095452],[22.763672,49.15297],[22.763672,49.21042],[22.763672,49.382373],[22.675781,49.496675],[22.675781,49.553726],[22.763672,49.61071],[22.763672,49.667628],[23.115234,49.95122],[23.115234,50.007739],[23.291016,50.120578],[23.378906,50.120578],[23.466797,50.233152],[23.642578,50.233152],[23.642578,50.34546],[23.730469,50.401515],[23.994141,50.401515],[24.082031,50.569283],[24.082031,50.680797],[23.994141,50.736455],[23.994141,50.847573],[24.169922,50.847573],[23.90625,51.013755],[23.90625,51.069017],[23.818359,51.179343],[23.730469,51.179343],[23.730469,51.234407],[23.642578,51.289406],[23.642578,51.344339],[23.730469,51.399206],[23.642578,51.454007],[23.642578,51.618017],[23.730469,51.672555],[23.90625,51.618017],[23.994141,51.618017],[24.082031,51.618017],[24.257812,51.727028],[24.257812,51.781436],[24.433594,51.890054],[24.873047,51.890054],[24.960938,51.944265],[26.015625,51.944265],[26.191406,51.835778],[26.71875,51.835778],[26.71875,51.781436],[26.894531,51.781436],[26.982422,51.781436]],[[31.904297,47.100045],[31.816406,47.040182],[31.904297,46.920255],[31.992188,46.920255],[31.992188,46.980252],[31.904297,47.100045]],[[31.464844,46.679594],[31.552734,46.679594],[31.552734,46.739861],[31.464844,46.739861],[31.464844,46.679594]]],[[[31.816406,46.498392],[31.640625,46.498392],[31.552734,46.55886],[31.728516,46.55886],[31.816406,46.498392]]]]},"properties":{"From":2014,"To":2023,"id":null,"Holder":null,"Name":"Ukraine","Status":"independent","Area":null,"Capital":"Kiev","capital_geom":"0101000020E610000007D3307C44843E401630815B77374940"}},{"type":"Feature","geometry":{"type":"MultiPolygon","coordinates":[[[[66.357422,69.005675],[66.533203,68.974164],[66.533203,68.942607],[66.357422,68.974164],[66.357422,69.005675]]],[[[65.917969,69.09994],[66.181641,69.09994],[66.181641,69.068563],[66.005859,69.068563],[66.09375,69.037142],[66.269531,68.974164],[66.357422,68.974164],[66.357422,68.942607],[66.533203,68.942607],[66.621094,68.911005],[66.708984,68.911005],[66.708984,68.879358],[66.884766,68.879358],[66.972656,68.847665],[67.148438,68.847665],[67.060547,68.815927],[67.060547,68.784144],[67.236328,68.688521],[67.412109,68.656555],[67.587891,68.592487],[67.675781,68.592487],[67.763672,68.528235],[67.763672,68.49604],[67.851562,68.49604],[68.027344,68.431513],[68.203125,68.431513],[68.291016,68.334376],[68.203125,68.301905],[68.203125,68.204212],[68.027344,68.204212],[67.939453,68.204212],[67.851562,68.204212],[67.675781,68.204212],[67.587891,68.171555],[67.236328,68.204212],[67.148438,68.171555],[66.972656,68.171555],[66.796875,68.073305],[66.708984,68.073305],[66.533203,68.007571],[66.445312,67.875541],[66.445312,67.676085],[66.357422,67.542167],[66.181641,67.407487],[66.005859,67.373698],[65.917969,67.204032],[65.742188,67.169955],[65.478516,67.204032],[65.390625,67.067433],[65.039062,67.204032],[64.951172,67.033163],[64.775391,66.964476],[64.599609,66.861082],[64.511719,66.75725],[64.335938,66.722541],[64.072266,66.722541],[63.896484,66.75725],[63.720703,66.583217],[63.544922,66.548263],[63.369141,66.583217],[63.28125,66.407955],[63.193359,66.266856],[63.017578,66.124962],[62.841797,66.089364],[62.666016,66.089364],[62.578125,65.910623],[62.402344,65.838776],[62.226562,65.838776],[61.962891,65.802776],[61.787109,65.766727],[61.699219,65.622023],[61.523438,65.58572],[61.347656,65.512963],[61.259766,65.403445],[61.083984,65.293468],[60.908203,65.256706],[60.732422,65.18303],[60.46875,65.18303],[60.292969,65.109148],[60.117188,65.109148],[59.941406,65.146115],[59.765625,65.07213],[60.029297,64.960766],[60.029297,64.923542],[59.765625,64.886265],[59.589844,64.736641],[59.677734,64.661517],[59.765625,64.661517],[59.765625,64.623877],[59.501953,64.510643],[59.677734,64.434892],[59.677734,64.168107],[59.765625,64.168107],[59.853516,64.129784],[59.765625,64.014496],[59.589844,63.975961],[59.326172,63.273182],[59.238281,63.194018],[59.326172,63.114638],[59.326172,63.035039],[59.414062,62.835089],[59.414062,62.754726],[59.326172,62.754726],[59.501953,62.552857],[59.501953,62.226996],[59.414062,62.144976],[59.326172,61.93895],[59.326172,61.773123],[59.414062,61.773123],[59.414062,61.731526],[59.326172,61.689872],[59.326172,61.606396],[59.501953,61.522695],[59.501953,61.438767],[59.326172,61.438767],[59.150391,61.354614],[59.0625,61.270233],[59.0625,61.100789],[59.150391,60.8877],[59.0625,60.75916],[58.974609,60.586967],[58.886719,60.457218],[58.886719,60.10867],[59.0625,60.020952],[59.0625,59.800634],[58.886719,59.445075],[58.798828,59.355596],[58.359375,59.355596],[58.359375,58.813742],[58.623047,58.585436],[58.623047,58.401712],[58.886719,58.401712],[59.0625,58.493694],[59.150391,58.401712],[59.150391,58.170702],[59.0625,58.031372],[59.150391,57.938183],[59.238281,57.751076],[59.238281,57.562995],[59.501953,57.515823],[59.677734,57.231503],[59.765625,57.136239],[60.117188,56.944974],[60.292969,56.897004],[60.380859,56.752723],[60.380859,56.36525],[60.205078,56.218923],[60.46875,55.924586],[60.292969,55.627996],[60.205078,55.528631],[59.853516,55.329144],[59.941406,55.279115],[59.941406,55.178868],[59.677734,55.028022],[59.501953,54.876607],[59.501953,54.775346],[59.414062,54.72462],[59.238281,54.572062],[59.0625,54.572062],[59.0625,54.470038],[58.974609,54.41893],[58.886719,54.265224],[58.710938,54.162434],[58.623047,54.059388],[58.447266,53.904338],[58.447266,53.748711],[58.271484,53.696706],[58.095703,53.592505],[57.919922,53.540307],[57.832031,53.383328],[57.744141,53.278353],[57.65625,53.067627],[57.65625,52.855864],[57.568359,52.696361],[57.392578,52.643063],[57.304688,52.802761],[57.128906,52.802761],[56.953125,52.855864],[56.777344,52.802761],[56.601562,52.802761],[56.425781,52.696361],[56.25,52.696361],[56.162109,52.536273],[55.986328,52.643063],[55.810547,52.696361],[55.722656,52.802761],[55.546875,52.908902],[55.371094,52.961875],[55.195312,52.855864],[55.019531,52.802761],[54.931641,52.855864],[54.755859,52.696361],[54.580078,52.696361],[54.404297,52.802761],[54.140625,52.643063],[54.404297,52.375599],[54.580078,52.214339],[54.580078,51.99841],[54.492188,51.835778],[54.052734,51.835778],[53.964844,51.781436],[53.789062,51.890054],[53.525391,51.944265],[53.349609,51.890054],[53.173828,51.99841],[52.998047,52.05249],[52.910156,52.214339],[52.822266,52.321911],[52.646484,52.375599],[52.294922,52.268157],[52.207031,52.106505],[52.119141,52.214339],[51.943359,52.268157],[51.767578,52.214339],[51.416016,52.429222],[51.240234,52.375599],[51.152344,52.214339],[50.976562,52.214339],[50.800781,52.106505],[50.625,52.05249],[50.625,51.835778],[50.712891,51.618017],[50.625,51.618017],[50.537109,51.563412],[50.537109,51.454007],[50.449219,51.454007],[50.361328,51.399206],[50.361328,51.344339],[50.185547,51.234407],[49.921875,51.234407],[49.833984,51.179343],[49.833984,51.124213],[49.482422,51.124213],[49.394531,51.069017],[49.394531,50.958427],[49.482422,50.903033],[49.482422,50.847573],[49.306641,50.847573],[49.306641,50.792047],[49.130859,50.792047],[49.130859,50.736455],[49.042969,50.736455],[49.042969,50.680797],[48.867188,50.625073],[48.691406,50.625073],[48.691406,50.34546],[48.779297,50.233152],[48.779297,50.176898],[48.955078,50.064192],[48.867188,49.95122],[48.779297,49.95122],[48.779297,49.894634],[48.603516,49.894634],[48.515625,49.837982],[48.339844,49.837982],[48.164062,49.95122],[48.164062,50.064192],[48.076172,50.064192],[48.076172,50.120578],[47.900391,50.233152],[47.724609,50.401515],[47.636719,50.457504],[47.548828,50.457504],[47.460938,50.401515],[47.460938,50.34546],[47.373047,50.34546],[47.285156,50.289339],[47.285156,50.120578],[47.373047,50.120578],[47.373047,50.064192],[47.285156,50.064192],[47.285156,50.007739],[47.109375,49.894634],[46.933594,49.894634],[46.933594,49.837982],[46.757812,49.382373],[46.757812,49.325122],[46.933594,49.325122],[46.933594,49.267805],[47.021484,49.267805],[47.021484,49.037868],[46.933594,49.037868],[46.933594,48.980217],[46.757812,48.980217],[46.757812,48.922499],[46.669922,48.632909],[46.582031,48.632909],[46.582031,48.516604],[46.494141,48.458352],[46.494141,48.400032],[46.669922,48.400032],[47.021484,48.283193],[47.109375,48.283193],[47.109375,47.813155],[47.197266,47.754098],[47.285156,47.754098],[47.373047,47.694974],[47.460938,47.754098],[47.460938,47.813155],[47.636719,47.813155],[47.636719,47.754098],[48.164062,47.754098],[48.164062,47.694974],[48.251953,47.694974],[48.251953,47.635784],[48.339844,47.576526],[48.339844,47.517201],[48.603516,47.338823],[48.603516,47.279229],[48.691406,47.100045],[48.955078,46.800059],[49.042969,46.800059],[48.955078,46.679594],[48.779297,46.679594],[48.691406,46.739861],[48.691406,46.800059],[48.603516,46.800059],[48.515625,46.739861],[48.515625,46.679594],[48.603516,46.55886],[48.779297,46.55886],[48.779297,46.498392],[48.955078,46.498392],[49.21875,46.377254],[49.21875,46.255847],[49.130859,46.255847],[48.955078,46.13417],[48.779297,46.073231],[48.691406,46.073231],[48.691406,46.012224],[48.779297,45.890008],[48.691406,45.828799],[48.603516,45.890008],[48.603516,45.95115],[48.427734,45.95115],[48.339844,45.890008],[48.251953,45.767523],[47.900391,45.706179],[47.8125,45.644768],[47.636719,45.706179],[47.636719,45.58329],[47.548828,45.58329],[47.460938,45.39845],[47.460938,45.336702],[47.373047,45.213004],[47.197266,45.089036],[47.197266,44.964798],[47.109375,44.964798],[47.109375,44.777936],[47.021484,44.777936],[46.933594,44.777936],[46.845703,44.715514],[46.757812,44.715514],[46.757812,44.590467],[46.669922,44.527843],[46.669922,44.465151],[46.757812,44.402392],[46.845703,44.402392],[47.021484,44.339565],[47.109375,44.21371],[47.197266,44.21371],[47.285156,44.150681],[47.460938,43.834527],[47.460938,43.707594],[47.548828,43.771094],[47.460938,43.516689],[47.460938,43.452919],[47.460938,43.325178],[47.548828,43.325178],[47.548828,43.261206],[47.460938,43.261206],[47.460938,43.004647],[47.636719,42.875964],[47.724609,42.875964],[47.724609,42.617791],[47.8125,42.617791],[47.900391,42.55308],[47.900391,42.488302],[48.251953,42.228517],[48.339844,42.098222],[48.339844,41.967659],[48.427734,41.902277],[48.515625,41.902277],[48.603516,41.836828],[48.515625,41.771312],[48.427734,41.640078],[48.427734,41.574361],[48.339844,41.574361],[48.251953,41.508577],[48.076172,41.508577],[48.076172,41.442726],[47.900391,41.310824],[47.900391,41.178654],[47.724609,41.178654],[47.724609,41.244772],[47.548828,41.244772],[47.373047,41.310824],[47.285156,41.310824],[47.285156,41.442726],[47.197266,41.574361],[47.109375,41.574361],[46.845703,41.771312],[46.757812,41.771312],[46.757812,41.836828],[46.669922,41.836828],[46.582031,41.902277],[46.40625,41.902277],[46.40625,41.967659],[46.230469,41.967659],[46.054688,42.032974],[45.966797,42.032974],[45.703125,42.228517],[45.703125,42.358544],[45.791016,42.488302],[45.703125,42.488302],[45.615234,42.55308],[45.439453,42.55308],[45.351562,42.55308],[45.263672,42.682435],[45.0,42.682435],[45.0,42.747012],[44.824219,42.747012],[44.824219,42.682435],[44.736328,42.682435],[44.736328,42.747012],[44.472656,42.747012],[44.384766,42.682435],[44.208984,42.682435],[44.208984,42.617791],[43.945312,42.55308],[43.769531,42.617791],[43.769531,42.682435],[43.857422,42.747012],[43.769531,42.811522],[43.59375,42.811522],[43.59375,42.875964],[43.417969,42.875964],[43.242188,42.940339],[43.154297,42.940339],[42.978516,43.068888],[42.978516,43.133061],[42.890625,43.197167],[42.714844,43.197167],[42.626953,43.133061],[42.539062,43.197167],[42.451172,43.197167],[42.451172,43.261206],[42.1875,43.261206],[42.099609,43.197167],[41.572266,43.197167],[41.572266,43.261206],[41.220703,43.389082],[40.957031,43.389082],[40.869141,43.452919],[40.78125,43.452919],[40.78125,43.516689],[40.517578,43.516689],[40.341797,43.580391],[40.078125,43.580391],[39.990234,43.452919],[39.990234,43.389082],[39.902344,43.389082],[39.902344,43.516689],[39.814453,43.516689],[38.935547,44.150681],[38.847656,44.150681],[38.847656,44.21371],[38.759766,44.276671],[38.583984,44.339565],[38.320312,44.339565],[38.232422,44.402392],[38.144531,44.402392],[38.144531,44.465151],[37.880859,44.715514],[37.792969,44.715514],[37.792969,44.590467],[37.529297,44.653024],[37.441406,44.653024],[37.353516,44.715514],[37.265625,44.840291],[37.265625,44.964798],[37.177734,44.964798],[36.914062,45.089036],[36.650391,45.089036],[36.5625,45.213004],[36.914062,45.213004],[37.001953,45.274886],[36.738281,45.39845],[36.826172,45.460131],[36.914062,45.39845],[37.089844,45.336702],[37.089844,45.213004],[37.177734,45.213004],[37.353516,45.274886],[37.177734,45.274886],[37.177734,45.336702],[37.617188,45.336702],[37.705078,45.274886],[37.705078,45.58329],[37.617188,45.58329],[37.617188,45.644768],[37.792969,45.767523],[37.880859,45.767523],[37.880859,46.012224],[37.96875,46.012224],[38.056641,46.073231],[38.056641,45.95115],[38.144531,46.073231],[38.144531,46.13417],[38.232422,46.13417],[38.408203,46.012224],[38.583984,46.012224],[38.583984,46.073231],[38.496094,46.13417],[38.408203,46.13417],[38.320312,46.195042],[38.320312,46.255847],[38.232422,46.255847],[38.056641,46.377254],[37.96875,46.377254],[37.880859,46.377254],[37.792969,46.498392],[37.792969,46.619261],[38.056641,46.619261],[38.056641,46.679594],[38.144531,46.679594],[38.232422,46.739861],[38.320312,46.739861],[38.496094,46.860191],[38.759766,46.860191],[38.935547,46.920255],[39.111328,47.040182],[39.199219,47.040182],[39.287109,46.980252],[39.287109,47.279229],[38.935547,47.279229],[38.935547,47.219568],[38.847656,47.15984],[38.671875,47.15984],[38.583984,47.100045],[38.496094,47.100045],[38.496094,47.15984],[38.320312,47.100045],[38.232422,47.100045],[38.232422,47.219568],[38.320312,47.279229],[38.232422,47.338823],[38.320312,47.517201],[38.320312,47.576526],[38.496094,47.635784],[38.583984,47.635784],[38.759766,47.694974],[38.759766,47.754098],[38.847656,47.813155],[38.847656,47.872144],[39.023438,47.872144],[39.111328,47.813155],[39.199219,47.813155],[39.287109,47.872144],[39.375,47.872144],[39.375,47.813155],[39.726562,47.813155],[39.814453,47.872144],[39.814453,48.04871],[39.902344,48.166085],[39.902344,48.224673],[39.990234,48.283193],[39.902344,48.341646],[39.902344,48.516604],[39.814453,48.57479],[39.638672,48.57479],[39.726562,48.748945],[39.814453,48.806863],[40.078125,48.806863],[40.078125,48.922499],[39.990234,48.922499],[39.990234,48.864715],[39.814453,48.922499],[39.726562,48.980217],[39.726562,49.037868],[39.902344,49.037868],[39.902344,49.095452],[39.990234,49.095452],[39.990234,49.15297],[40.078125,49.15297],[40.166016,49.267805],[40.166016,49.382373],[40.078125,49.382373],[40.078125,49.553726],[40.166016,49.553726],[40.166016,49.61071],[39.990234,49.61071],[39.990234,49.553726],[39.814453,49.553726],[39.638672,49.61071],[39.638672,49.667628],[39.462891,49.724479],[39.287109,49.724479],[39.287109,49.781264],[39.199219,49.781264],[39.199219,49.894634],[39.023438,49.781264],[38.847656,49.894634],[38.671875,49.95122],[38.496094,49.95122],[38.408203,50.007739],[38.320312,50.007739],[38.320312,50.064192],[38.144531,50.064192],[38.056641,49.95122],[37.96875,49.95122],[37.792969,50.064192],[37.705078,50.064192],[37.617188,50.176898],[37.441406,50.457504],[37.353516,50.401515],[37.265625,50.401515],[37.177734,50.34546],[36.826172,50.34546],[36.738281,50.289339],[36.738281,50.233152],[36.5625,50.233152],[36.386719,50.289339],[36.298828,50.289339],[36.210938,50.34546],[36.210938,50.401515],[36.123047,50.401515],[36.123047,50.457504],[35.859375,50.457504],[35.859375,50.401515],[35.771484,50.401515],[35.683594,50.34546],[35.595703,50.401515],[35.419922,50.457504],[35.419922,50.625073],[35.507812,50.680797],[35.419922,50.736455],[35.332031,50.903033],[35.332031,51.069017],[35.244141,51.069017],[35.244141,51.013755],[35.15625,51.013755],[35.15625,51.179343],[35.068359,51.234407],[34.980469,51.234407],[34.892578,51.179343],[34.716797,51.179343],[34.541016,51.234407],[34.365234,51.234407],[34.277344,51.454007],[34.277344,51.563412],[34.189453,51.618017],[34.101562,51.618017],[34.101562,51.672555],[34.189453,51.727028],[34.453125,51.727028],[34.453125,51.781436],[34.365234,51.835778],[34.277344,51.944265],[34.101562,51.99841],[34.101562,52.214339],[33.837891,52.375599],[33.662109,52.375599],[33.662109,52.321911],[33.486328,52.321911],[33.398438,52.375599],[33.222656,52.375599],[33.046875,52.321911],[32.958984,52.268157],[32.958984,52.214339],[32.783203,52.268157],[32.607422,52.268157],[32.607422,52.321911],[32.34375,52.321911],[32.34375,52.106505],[32.255859,52.106505],[32.080078,52.05249],[31.904297,52.05249],[31.904297,52.106505],[31.816406,52.106505],[31.816406,52.160455],[31.728516,52.160455],[31.728516,52.214339],[31.640625,52.321911],[31.640625,52.48278],[31.464844,52.696361],[31.552734,52.696361],[31.640625,52.749594],[31.552734,52.802761],[31.552734,52.855864],[31.464844,52.855864],[31.376953,52.908902],[31.289062,53.014783],[31.376953,53.120405],[31.376953,53.225768],[31.816406,53.225768],[31.816406,53.120405],[31.992188,53.120405],[32.080078,53.067627],[32.167969,53.067627],[32.783203,53.435719],[32.695312,53.488046],[32.607422,53.488046],[32.431641,53.592505],[32.431641,53.644638],[32.431641,53.696706],[32.34375,53.748711],[32.080078,53.800651],[31.728516,53.800651],[31.816406,53.852527],[31.816406,54.059388],[31.728516,54.110943],[31.640625,54.110943],[31.552734,54.162434],[31.289062,54.265224],[31.289062,54.316523],[31.201172,54.470038],[31.113281,54.470038],[31.113281,54.622978],[31.025391,54.72462],[30.9375,54.775346],[30.761719,54.775346],[30.761719,54.826008],[30.849609,54.927142],[31.025391,55.028022],[30.9375,55.178868],[30.849609,55.279115],[30.849609,55.37911],[30.9375,55.37911],[30.9375,55.578345],[30.849609,55.627996],[30.761719,55.578345],[30.673828,55.677584],[30.498047,55.776573],[30.234375,55.875311],[29.970703,55.875311],[29.882812,55.825973],[29.619141,55.776573],[29.53125,55.677584],[29.443359,55.677584],[29.355469,55.776573],[29.443359,55.924586],[29.443359,55.973798],[29.179688,56.022948],[29.003906,56.022948],[28.828125,55.973798],[28.740234,55.973798],[28.740234,56.022948],[28.652344,56.12106],[28.388672,56.12106],[28.300781,56.072035],[28.212891,56.12106],[28.212891,56.170023],[28.212891,56.267761],[28.125,56.46249],[28.125,56.511018],[28.037109,56.559482],[28.037109,56.656226],[27.949219,56.704506],[27.949219,56.800878],[27.861328,56.848972],[27.861328,56.897004],[27.773438,56.897004],[27.685547,56.897004],[27.861328,57.183902],[27.861328,57.326521],[27.685547,57.373938],[27.597656,57.421294],[27.509766,57.421294],[27.509766,57.562995],[27.333984,57.562995],[27.421875,57.657158],[27.509766,57.797944],[27.597656,57.797944],[27.685547,57.844751],[27.861328,57.844751],[27.861328,57.891497],[27.773438,57.891497],[27.685547,57.938183],[27.685547,58.077876],[27.597656,58.077876],[27.597656,58.12432],[27.421875,58.309489],[27.509766,58.309489],[27.509766,58.585436],[27.421875,58.676938],[27.421875,58.859224],[27.509766,58.859224],[27.509766,58.904646],[27.773438,59.040555],[27.773438,59.085739],[27.861328,59.175928],[27.861328,59.220934],[27.949219,59.265881],[28.125,59.265881],[28.125,59.310768],[28.212891,59.310768],[28.212891,59.400365],[28.125,59.445075],[28.037109,59.445075],[28.037109,59.800634],[28.125,59.800634],[28.125,59.756395],[28.212891,59.756395],[28.212891,59.667741],[28.388672,59.667741],[28.388672,59.800634],[28.476562,59.800634],[28.476562,59.844815],[28.652344,59.800634],[29.003906,59.800634],[29.003906,59.933],[29.179688,60.020952],[29.53125,59.977005],[29.794922,59.933],[29.970703,59.888937],[30.058594,59.888937],[30.058594,59.844815],[30.146484,59.844815],[30.146484,59.888937],[30.234375,59.888937],[30.234375,59.977005],[30.146484,60.020952],[29.970703,60.020952],[29.882812,60.10867],[29.882812,60.152442],[29.794922,60.152442],[29.707031,60.196156],[29.53125,60.196156],[29.443359,60.152442],[29.179688,60.152442],[29.003906,60.196156],[29.003906,60.239811],[28.916016,60.283408],[28.828125,60.283408],[28.652344,60.370429],[28.564453,60.370429],[28.476562,60.500525],[28.564453,60.500525],[28.652344,60.457218],[28.740234,60.457218],[28.652344,60.586967],[28.564453,60.586967],[28.564453,60.630102],[28.652344,60.630102],[28.740234,60.673179],[28.740234,60.716198],[28.652344,60.75916],[28.476562,60.673179],[28.388672,60.673179],[28.388672,60.630102],[28.125,60.500525],[27.861328,60.500525],[27.773438,60.543775],[28.125,60.716198],[28.212891,60.802064],[28.300781,60.802064],[28.300781,60.844911],[28.476562,60.930432],[28.476562,60.973107],[28.652344,60.973107],[28.652344,61.015725],[28.828125,61.100789],[29.003906,61.143235],[29.179688,61.227957],[29.179688,61.270233],[29.267578,61.270233],[29.267578,61.312452],[29.53125,61.438767],[29.619141,61.522695],[29.707031,61.522695],[29.794922,61.606396],[30.146484,61.856149],[30.234375,61.897578],[30.322266,61.980267],[30.673828,62.144976],[30.673828,62.226996],[30.761719,62.267923],[30.849609,62.267923],[30.9375,62.349609],[31.289062,62.512318],[31.289062,62.63377],[31.464844,62.754726],[31.464844,62.835089],[31.552734,62.875188],[31.552734,62.995158],[31.376953,63.074866],[31.201172,63.194018],[31.201172,63.233627],[30.761719,63.43086],[30.673828,63.43086],[30.498047,63.470145],[30.498047,63.509375],[30.410156,63.548552],[30.322266,63.548552],[30.322266,63.587675],[30.234375,63.587675],[30.234375,63.626745],[30.058594,63.743631],[30.146484,63.782486],[30.234375,63.782486],[30.234375,63.821288],[30.410156,63.937372],[30.498047,63.975961],[30.498047,64.014496],[30.585938,64.014496],[30.585938,64.244595],[30.410156,64.28276],[30.234375,64.358931],[30.146484,64.358931],[30.058594,64.396938],[30.058594,64.510643],[29.970703,64.54844],[29.970703,64.586185],[30.058594,64.586185],[30.234375,64.661517],[30.146484,64.774125],[30.058594,64.811557],[29.794922,64.811557],[29.707031,64.848937],[29.707031,64.886265],[29.619141,64.886265],[29.619141,65.07213],[29.707031,65.07213],[29.707031,65.109148],[29.882812,65.109148],[29.882812,65.219894],[29.619141,65.219894],[29.619141,65.293468],[29.707031,65.293468],[29.707031,65.512963],[29.794922,65.512963],[29.794922,65.549367],[29.882812,65.58572],[29.794922,65.658275],[29.970703,65.694476],[30.058594,65.694476],[30.146484,65.694476],[30.058594,65.802776],[30.058594,65.910623],[29.970703,66.053716],[29.882812,66.124962],[29.882812,66.160511],[29.794922,66.196009],[29.619141,66.337505],[29.619141,66.407955],[29.53125,66.407955],[29.53125,66.478208],[29.443359,66.583217],[29.355469,66.618122],[29.355469,66.687784],[29.267578,66.75725],[29.091797,66.82652],[29.091797,66.964476],[29.53125,67.305976],[29.707031,67.407487],[29.882812,67.474922],[29.882812,67.508568],[29.970703,67.508568],[29.970703,67.575717],[30.058594,67.709445],[29.882812,67.742759],[29.707031,67.809245],[29.355469,68.073305],[28.828125,68.171555],[28.652344,68.236823],[28.564453,68.366801],[28.476562,68.528235],[28.476562,68.592487],[28.652344,68.688521],[28.828125,68.815927],[28.828125,68.847665],[28.740234,68.879358],[28.476562,68.879358],[28.476562,68.911005],[28.740234,69.005675],[28.828125,69.005675],[29.003906,69.037142],[29.091797,69.037142],[29.267578,69.09994],[29.267578,69.1938],[29.355469,69.224997],[29.267578,69.256149],[29.267578,69.287257],[29.443359,69.349339],[29.619141,69.349339],[29.619141,69.380313],[29.882812,69.442128],[30.058594,69.472969],[30.058594,69.503765],[30.146484,69.565226],[30.146484,69.62651],[30.058594,69.62651],[30.058594,69.657086],[30.234375,69.657086],[30.498047,69.565226],[30.498047,69.534518],[30.849609,69.534518],[30.9375,69.565226],[30.9375,69.748551],[30.9375,69.778952],[31.201172,69.748551],[31.552734,69.687618],[31.816406,69.687618],[31.728516,69.718107],[31.728516,69.809309],[31.816406,69.839622],[31.992188,69.809309],[32.080078,69.748551],[32.080078,69.839622],[31.992188,69.869892],[31.904297,69.9303],[31.904297,69.960439],[32.080078,69.960439],[32.080078,69.9303],[32.255859,69.900118],[32.607422,69.778952],[32.695312,69.778952],[32.695312,69.809309],[32.958984,69.778952],[33.134766,69.748551],[33.134766,69.62651],[33.046875,69.62651],[32.958984,69.565226],[32.783203,69.565226],[32.607422,69.62651],[32.34375,69.62651],[32.167969,69.657086],[32.080078,69.687618],[31.992188,69.62651],[32.080078,69.59589],[32.255859,69.565226],[32.431641,69.565226],[32.519531,69.503765],[32.431641,69.472969],[32.519531,69.472969],[32.695312,69.503765],[32.783203,69.472969],[33.046875,69.472969],[32.958984,69.442128],[32.958984,69.411242],[32.958984,69.380313],[33.310547,69.442128],[33.486328,69.442128],[33.486328,69.349339],[33.398438,69.287257],[33.486328,69.287257],[33.574219,69.1938],[33.574219,69.31832],[33.662109,69.31832],[33.75,69.349339],[33.837891,69.349339],[34.013672,69.31832],[34.365234,69.31832],[34.453125,69.287257],[34.804688,69.224997],[35.15625,69.224997],[35.15625,69.256149],[35.15625,69.287257],[35.332031,69.256149],[35.419922,69.256149],[35.507812,69.224997],[35.859375,69.1938],[35.947266,69.1938],[36.298828,69.068563],[36.474609,69.037142],[36.5625,69.005675],[37.001953,68.911005],[37.177734,68.847665],[37.265625,68.784144],[37.529297,68.752315],[37.705078,68.688521],[37.792969,68.688521],[37.792969,68.656555],[37.96875,68.592487],[38.056641,68.528235],[38.320312,68.431513],[38.408203,68.366801],[38.408203,68.334376],[38.583984,68.334376],[38.583984,68.366801],[38.935547,68.301905],[39.111328,68.204212],[39.287109,68.171555],[39.462891,68.106102],[39.462891,68.073305],[39.550781,68.073305],[39.726562,68.040461],[39.902344,68.040461],[39.990234,68.007571],[40.166016,67.974634],[40.166016,67.94165],[40.253906,67.908619],[40.341797,67.908619],[40.429688,67.875541],[40.429688,67.842416],[40.429688,67.809245],[40.429688,67.776025],[40.517578,67.742759],[40.693359,67.776025],[40.78125,67.709445],[40.869141,67.709445],[40.869141,67.742759],[40.957031,67.742759],[40.957031,67.709445],[41.044922,67.676085],[41.044922,67.474922],[41.132812,67.474922],[41.132812,67.204032],[41.396484,67.204032],[41.396484,67.135829],[41.308594,66.93006],[41.308594,66.895596],[41.220703,66.861082],[41.220703,66.82652],[41.132812,66.791909],[41.132812,66.75725],[41.044922,66.75725],[40.957031,66.687784],[40.78125,66.583217],[40.693359,66.583217],[40.693359,66.548263],[40.517578,66.443107],[40.341797,66.372755],[40.166016,66.337505],[40.078125,66.266856],[39.550781,66.196009],[39.375,66.124962],[39.287109,66.124962],[39.111328,66.089364],[38.847656,66.089364],[38.583984,66.053716],[38.232422,66.053716],[37.96875,66.089364],[37.880859,66.089364],[37.705078,66.124962],[37.441406,66.160511],[37.441406,66.196009],[37.265625,66.231457],[37.177734,66.266856],[36.5625,66.266856],[36.386719,66.302205],[36.298828,66.302205],[36.210938,66.337505],[35.947266,66.372755],[35.507812,66.372755],[35.419922,66.407955],[35.15625,66.478208],[34.892578,66.583217],[34.716797,66.583217],[34.628906,66.548263],[34.453125,66.548263],[34.365234,66.618122],[34.365234,66.652977],[34.189453,66.652977],[33.925781,66.687784],[33.837891,66.687784],[33.837891,66.75725],[33.75,66.75725],[33.75,66.791909],[33.574219,66.82652],[33.574219,66.791909],[33.574219,66.75725],[33.574219,66.722541],[33.486328,66.722541],[33.222656,66.791909],[33.222656,66.82652],[33.134766,66.82652],[33.046875,66.861082],[32.958984,66.93006],[32.871094,66.93006],[32.871094,66.964476],[32.783203,67.033163],[32.783203,67.067433],[32.695312,67.135829],[32.431641,67.135829],[32.34375,67.169955],[32.255859,67.135829],[32.34375,67.067433],[32.519531,67.033163],[32.519531,66.895596],[32.695312,66.82652],[32.871094,66.791909],[32.958984,66.75725],[32.871094,66.722541],[32.958984,66.687784],[33.222656,66.687784],[33.222656,66.652977],[33.134766,66.652977],[33.134766,66.618122],[33.222656,66.618122],[33.310547,66.652977],[33.310547,66.618122],[33.398438,66.583217],[33.398438,66.548263],[33.222656,66.548263],[32.958984,66.548263],[33.046875,66.51326],[33.134766,66.51326],[33.222656,66.51326],[33.310547,66.51326],[33.310547,66.478208],[33.398438,66.478208],[33.398438,66.443107],[33.574219,66.478208],[33.662109,66.478208],[33.75,66.407955],[33.574219,66.407955],[33.398438,66.337505],[33.662109,66.337505],[33.75,66.302205],[33.75,66.266856],[33.837891,66.266856],[34.101562,66.231457],[34.189453,66.231457],[34.541016,66.089364],[34.716797,65.98227],[34.892578,65.910623],[34.892578,65.874725],[34.980469,65.730626],[34.980469,65.694476],[34.892578,65.694476],[34.716797,65.766727],[34.716797,65.622023],[34.804688,65.58572],[34.716797,65.440002],[34.628906,65.440002],[34.541016,65.440002],[34.365234,65.366837],[34.453125,65.293468],[34.541016,65.256706],[34.628906,65.256706],[34.716797,65.18303],[34.716797,65.07213],[34.804688,65.03506],[34.804688,64.923542],[34.980469,64.848937],[34.980469,64.661517],[34.804688,64.586185],[34.804688,64.54844],[34.892578,64.510643],[34.980469,64.510643],[34.980469,64.472794],[35.332031,64.320872],[35.419922,64.320872],[35.595703,64.396938],[35.683594,64.396938],[35.771484,64.358931],[35.859375,64.28276],[35.859375,64.244595],[35.947266,64.206377],[36.035156,64.206377],[36.123047,64.244595],[36.298828,64.129784],[36.298828,64.014496],[36.474609,63.975961],[36.5625,63.975961],[36.826172,63.937372],[37.001953,63.898731],[37.177734,63.898731],[37.265625,63.821288],[37.353516,63.782486],[37.441406,63.782486],[37.529297,63.821288],[37.617188,63.821288],[37.617188,63.937372],[37.705078,63.937372],[37.792969,63.898731],[37.880859,63.937372],[37.96875,63.937372],[37.96875,63.975961],[38.056641,64.014496],[38.056641,64.168107],[37.96875,64.168107],[37.880859,64.206377],[37.880859,64.244595],[37.96875,64.320872],[37.792969,64.396938],[37.792969,64.434892],[37.705078,64.434892],[37.529297,64.396938],[37.441406,64.358931],[37.353516,64.358931],[37.177734,64.396938],[37.089844,64.434892],[37.001953,64.510643],[36.914062,64.54844],[36.738281,64.699105],[36.738281,64.736641],[36.5625,64.736641],[36.474609,64.886265],[36.474609,64.960766],[36.5625,64.923542],[36.650391,64.923542],[36.826172,64.997939],[36.826172,65.18303],[37.089844,65.18303],[37.353516,65.146115],[37.441406,65.109148],[37.705078,65.07213],[37.705078,64.960766],[37.792969,64.960766],[38.056641,64.848937],[38.408203,64.848937],[38.320312,64.774125],[38.496094,64.774125],[38.496094,64.811557],[38.583984,64.811557],[38.671875,64.774125],[38.847656,64.774125],[38.935547,64.736641],[39.199219,64.661517],[39.375,64.586185],[39.462891,64.586185],[39.550781,64.54844],[39.726562,64.54844],[39.814453,64.586185],[39.814453,64.661517],[39.902344,64.661517],[39.990234,64.661517],[39.990234,64.623877],[40.078125,64.623877],[40.166016,64.661517],[40.166016,64.623877],[40.253906,64.623877],[40.341797,64.661517],[40.253906,64.699105],[40.253906,64.736641],[40.253906,64.774125],[40.341797,64.774125],[40.429688,64.736641],[40.429688,64.848937],[40.341797,64.923542],[40.253906,65.03506],[40.166016,65.03506],[40.078125,65.07213],[40.078125,65.109148],[39.990234,65.146115],[39.990234,65.219894],[39.902344,65.256706],[39.902344,65.293468],[39.814453,65.293468],[39.814453,65.330178],[39.726562,65.330178],[39.726562,65.549367],[40.166016,65.730626],[40.429688,65.766727],[40.517578,65.802776],[40.517578,65.874725],[40.605469,65.910623],[40.605469,65.946472],[40.693359,65.946472],[40.693359,65.98227],[40.957031,65.98227],[41.220703,66.053716],[41.396484,66.053716],[41.396484,66.089364],[41.835938,66.266856],[42.011719,66.407955],[42.099609,66.443107],[42.099609,66.51326],[42.363281,66.51326],[42.539062,66.478208],[42.539062,66.443107],[42.626953,66.443107],[42.626953,66.407955],[43.330078,66.407955],[43.330078,66.372755],[43.417969,66.337505],[43.59375,66.337505],[43.681641,66.266856],[43.681641,66.196009],[43.857422,66.196009],[43.945312,66.124962],[44.033203,66.089364],[44.033203,65.98227],[44.208984,65.874725],[44.121094,66.053716],[44.121094,66.372755],[44.208984,66.372755],[44.208984,66.443107],[44.296875,66.443107],[44.296875,66.478208],[44.384766,66.51326],[44.384766,66.652977],[44.472656,66.652977],[44.472656,66.687784],[44.384766,66.791909],[44.472656,66.791909],[44.472656,66.93006],[44.384766,67.033163],[44.296875,67.033163],[44.121094,67.169955],[43.857422,67.169955],[43.769531,67.204032],[43.769531,67.407487],[43.857422,67.407487],[43.857422,67.474922],[44.033203,67.676085],[44.121094,67.676085],[44.121094,67.875541],[44.121094,67.908619],[44.121094,68.007571],[44.208984,68.106102],[44.208984,68.334376],[44.121094,68.334376],[44.033203,68.366801],[44.033203,68.39918],[43.857422,68.431513],[43.769531,68.431513],[43.681641,68.4638],[43.681641,68.49604],[43.59375,68.528235],[43.330078,68.592487],[43.330078,68.624544],[43.242188,68.624544],[43.242188,68.656555],[43.330078,68.688521],[43.505859,68.688521],[43.769531,68.592487],[43.857422,68.592487],[44.033203,68.528235],[44.208984,68.528235],[44.472656,68.560384],[44.736328,68.560384],[44.824219,68.592487],[45.263672,68.592487],[45.439453,68.560384],[45.527344,68.528235],[45.878906,68.49604],[45.966797,68.431513],[45.966797,68.39918],[46.054688,68.334376],[46.318359,68.204212],[46.40625,68.204212],[46.494141,68.171555],[46.494141,68.138852],[46.582031,68.073305],[46.582031,68.007571],[46.669922,67.94165],[46.757812,67.908619],[46.757812,67.809245],[46.142578,67.809245],[45.878906,67.776025],[45.527344,67.776025],[45.439453,67.742759],[45.351562,67.742759],[45.351562,67.709445],[45.351562,67.676085],[45.351562,67.609221],[45.263672,67.575717],[45.087891,67.575717],[45.087891,67.542167],[44.912109,67.474922],[44.912109,67.339861],[45.087891,67.272043],[45.175781,67.272043],[45.351562,67.204032],[45.527344,67.204032],[45.615234,67.169955],[45.615234,67.101656],[45.703125,67.033163],[45.791016,66.895596],[45.878906,66.895596],[46.054688,66.82652],[46.318359,66.82652],[46.494141,66.895596],[46.582031,66.895596],[46.582031,66.82652],[46.933594,66.82652],[47.109375,66.861082],[47.285156,66.93006],[47.636719,66.93006],[47.724609,66.964476],[47.724609,67.169955],[47.636719,67.169955],[47.8125,67.373698],[47.900391,67.407487],[47.988281,67.474922],[47.900391,67.474922],[47.900391,67.508568],[47.8125,67.575717],[47.8125,67.609221],[47.900391,67.609221],[47.988281,67.676085],[48.164062,67.609221],[48.251953,67.676085],[48.603516,67.676085],[48.603516,67.709445],[48.867188,67.709445],[48.779297,67.809245],[48.779297,67.842416],[48.779297,67.875541],[48.867188,67.875541],[48.955078,67.842416],[49.042969,67.875541],[49.21875,67.875541],[49.570312,67.974634],[49.658203,67.974634],[49.833984,68.007571],[49.921875,68.040461],[49.921875,68.073305],[50.009766,68.073305],[50.097656,68.106102],[50.185547,68.171555],[50.273438,68.171555],[50.361328,68.204212],[50.537109,68.236823],[50.537109,68.269387],[50.625,68.269387],[50.625,68.301905],[50.712891,68.334376],[50.712891,68.366801],[50.800781,68.366801],[50.800781,68.431513],[50.888672,68.431513],[51.064453,68.49604],[51.503906,68.49604],[51.855469,68.49604],[52.03125,68.528235],[52.119141,68.528235],[52.207031,68.560384],[52.207031,68.49604],[52.382812,68.49604],[52.294922,68.431513],[52.294922,68.39918],[52.207031,68.39918],[52.119141,68.366801],[52.294922,68.301905],[52.470703,68.366801],[52.558594,68.366801],[52.558594,68.39918],[52.646484,68.39918],[52.646484,68.431513],[52.734375,68.431513],[52.734375,68.49604],[52.646484,68.49604],[52.646484,68.528235],[52.558594,68.528235],[52.470703,68.592487],[52.294922,68.592487],[52.294922,68.624544],[52.382812,68.624544],[52.734375,68.752315],[52.910156,68.784144],[52.998047,68.784144],[53.085938,68.847665],[53.173828,68.847665],[53.349609,68.911005],[53.4375,68.911005],[53.701172,68.974164],[53.964844,68.974164],[54.140625,69.005675],[54.580078,69.005675],[54.580078,68.974164],[54.316406,68.974164],[54.228516,68.942607],[53.964844,68.911005],[53.613281,68.911005],[53.613281,68.879358],[53.701172,68.879358],[53.964844,68.879358],[53.964844,68.847665],[53.964844,68.815927],[53.964844,68.784144],[53.876953,68.752315],[53.876953,68.688521],[53.789062,68.688521],[53.789062,68.656555],[53.701172,68.656555],[53.701172,68.592487],[53.876953,68.528235],[53.876953,68.49604],[53.964844,68.39918],[53.789062,68.334376],[53.701172,68.334376],[53.701172,68.366801],[53.701172,68.39918],[53.613281,68.39918],[53.613281,68.366801],[53.525391,68.366801],[53.4375,68.366801],[53.349609,68.334376],[53.261719,68.269387],[53.261719,68.236823],[53.4375,68.236823],[53.525391,68.269387],[53.701172,68.269387],[53.789062,68.236823],[53.876953,68.236823],[53.876953,68.204212],[54.052734,68.204212],[54.140625,68.236823],[54.228516,68.204212],[54.492188,68.301905],[54.580078,68.301905],[54.580078,68.204212],[54.667969,68.204212],[54.667969,68.171555],[54.84375,68.171555],[54.931641,68.236823],[54.931641,68.269387],[54.84375,68.334376],[54.931641,68.366801],[54.931641,68.39918],[55.019531,68.431513],[55.195312,68.528235],[55.371094,68.560384],[55.634766,68.560384],[55.722656,68.592487],[55.810547,68.592487],[55.898438,68.624544],[55.898438,68.656555],[56.074219,68.656555],[56.162109,68.624544],[56.25,68.624544],[56.25,68.592487],[56.337891,68.592487],[56.425781,68.624544],[56.689453,68.624544],[56.865234,68.560384],[57.041016,68.528235],[57.128906,68.528235],[57.304688,68.560384],[57.392578,68.592487],[57.392578,68.624544],[57.480469,68.656555],[57.568359,68.752315],[57.392578,68.752315],[57.480469,68.784144],[57.832031,68.784144],[57.919922,68.815927],[58.007812,68.847665],[58.183594,68.879358],[58.183594,68.847665],[58.271484,68.784144],[58.271484,68.879358],[58.271484,68.911005],[58.798828,69.005675],[59.238281,69.005675],[59.238281,68.974164],[58.974609,68.974164],[58.886719,68.942607],[58.974609,68.911005],[59.0625,68.911005],[59.326172,68.815927],[59.414062,68.752315],[59.414062,68.688521],[59.150391,68.688521],[59.0625,68.624544],[59.0625,68.39918],[59.150391,68.39918],[59.238281,68.366801],[59.501953,68.366801],[59.589844,68.334376],[59.677734,68.334376],[59.853516,68.366801],[59.941406,68.39918],[59.941406,68.528235],[59.853516,68.592487],[59.765625,68.624544],[59.765625,68.656555],[59.941406,68.688521],[60.46875,68.688521],[60.46875,68.720441],[60.732422,68.815927],[60.732422,68.847665],[60.820312,68.879358],[60.820312,68.911005],[60.908203,68.911005],[60.908203,69.131271],[60.820312,69.131271],[60.820312,69.162558],[60.732422,69.1938],[60.732422,69.09994],[60.644531,69.09994],[60.556641,69.131271],[60.556641,69.31832],[60.46875,69.349339],[60.292969,69.442128],[60.292969,69.472969],[60.205078,69.565226],[60.117188,69.565226],[60.117188,69.62651],[60.205078,69.657086],[60.292969,69.657086],[60.292969,69.687618],[60.117188,69.687618],[60.029297,69.718107],[59.941406,69.687618],[59.853516,69.687618],[59.765625,69.687618],[59.589844,69.718107],[59.501953,69.748551],[59.589844,69.778952],[59.589844,69.809309],[59.414062,69.869892],[59.326172,69.869892],[59.238281,69.869892],[59.150391,69.9303],[58.974609,69.9303],[58.710938,70.020587],[58.623047,70.020587],[58.623047,70.170201],[58.535156,70.170201],[58.535156,70.199994],[58.359375,70.259452],[58.623047,70.259452],[58.623047,70.229744],[58.798828,70.229744],[58.798828,70.259452],[58.710938,70.289117],[58.623047,70.289117],[58.623047,70.318738],[58.798828,70.407348],[58.974609,70.466207],[59.0625,70.466207],[59.0625,70.407348],[59.238281,70.377854],[59.326172,70.377854],[59.326172,70.348318],[59.414062,70.318738],[59.414062,70.289117],[59.501953,70.289117],[59.677734,70.199994],[59.765625,70.170201],[59.853516,70.110485],[59.941406,70.110485],[60.292969,69.990535],[60.292969,69.960439],[60.380859,69.960439],[60.46875,69.9303],[60.556641,69.809309],[60.46875,69.748551],[60.380859,69.687618],[60.380859,69.657086],[60.556641,69.657086],[60.644531,69.687618],[60.644531,69.718107],[60.732422,69.809309],[60.732422,69.839622],[60.820312,69.869892],[60.996094,69.869892],[60.996094,69.839622],[61.171875,69.839622],[61.259766,69.809309],[61.347656,69.809309],[61.435547,69.778952],[61.787109,69.778952],[61.875,69.748551],[62.578125,69.748551],[62.666016,69.718107],[63.017578,69.718107],[63.105469,69.687618],[63.28125,69.687618],[64.160156,69.534518],[64.248047,69.534518],[64.335938,69.503765],[64.423828,69.503765],[64.423828,69.472969],[64.511719,69.472969],[64.511719,69.442128],[64.599609,69.442128],[64.6875,69.411242],[64.6875,69.380313],[64.775391,69.349339],[64.863281,69.349339],[65.039062,69.287257],[64.863281,69.287257],[64.775391,69.224997],[64.775391,69.131271],[64.951172,69.1938],[64.951172,69.256149],[65.039062,69.256149],[65.126953,69.256149],[65.126953,69.224997],[65.214844,69.224997],[65.302734,69.1938],[65.390625,69.1938],[65.478516,69.162558],[65.654297,69.162558],[65.654297,69.131271],[65.654297,69.068563],[65.917969,69.068563],[65.917969,69.09994]],[[50.800781,68.366801],[50.888672,68.334376],[51.064453,68.334376],[51.503906,68.431513],[51.503906,68.4638],[51.416016,68.4638],[51.152344,68.4638],[51.152344,68.431513],[51.064453,68.431513],[50.888672,68.39918],[50.800781,68.366801]],[[38.320312,46.739861],[38.320312,46.679594],[38.408203,46.679594],[38.496094,46.619261],[38.583984,46.679594],[38.583984,46.739861],[38.320312,46.739861]],[[38.232422,64.774125],[38.056641,64.774125],[38.056641,64.623877],[38.144531,64.661517],[38.144531,64.736641],[38.232422,64.774125]],[[33.574219,69.1938],[33.486328,69.1938],[33.310547,69.131271],[33.310547,69.09994],[33.398438,69.09994],[33.574219,69.1938]],[[43.681641,66.196009],[43.505859,66.196009],[43.417969,66.160511],[43.417969,66.124962],[43.505859,66.124962],[43.681641,66.196009]],[[40.166016,64.586185],[40.166016,64.54844],[40.429688,64.54844],[40.429688,64.586185],[40.166016,64.586185]],[[46.582031,66.82652],[46.494141,66.82652],[46.40625,66.75725],[46.494141,66.75725],[46.582031,66.791909],[46.582031,66.82652]],[[33.310547,69.09994],[33.134766,69.09994],[33.046875,69.068563],[33.310547,69.068563],[33.310547,69.09994]],[[32.34375,69.472969],[32.255859,69.442128],[32.167969,69.411242],[32.34375,69.411242],[32.34375,69.472969]],[[43.417969,66.124962],[43.330078,66.089364],[43.330078,66.053716],[43.417969,66.053716],[43.417969,66.124962]],[[47.460938,43.516689],[47.460938,43.644026],[47.373047,43.580391],[47.373047,43.516689],[47.460938,43.516689]],[[40.517578,64.623877],[40.429688,64.586185],[40.517578,64.54844],[40.517578,64.586185],[40.517578,64.623877]],[[43.417969,66.053716],[43.505859,65.98227],[43.505859,66.053716],[43.417969,66.053716]],[[57.919922,68.815927],[57.919922,68.752315],[58.007812,68.784144],[57.919922,68.815927]],[[32.958984,69.380313],[32.783203,69.287257],[32.958984,69.349339],[32.958984,69.380313]],[[40.429688,64.661517],[40.429688,64.623877],[40.517578,64.623877],[40.429688,64.661517]]],[[[35.771484,64.997939],[35.595703,65.07213],[35.507812,65.109148],[35.507812,65.146115],[35.595703,65.18303],[35.859375,65.18303],[35.859375,64.997939],[35.771484,64.997939]]],[[[54.580078,70.699951],[54.755859,70.670881],[54.667969,70.641769],[54.580078,70.670881],[54.580078,70.699951]]],[[[33.662109,46.13417],[33.837891,46.13417],[33.837891,46.073231],[33.925781,46.012224],[34.013672,46.012224],[34.101562,46.012224],[34.101562,45.95115],[34.189453,45.95115],[34.189453,46.012224],[34.365234,46.012224],[34.453125,45.95115],[34.365234,45.890008],[34.541016,45.890008],[34.541016,45.828799],[34.453125,45.767523],[34.628906,45.767523],[34.892578,45.644768],[34.980469,45.644768],[34.980469,45.706179],[35.068359,45.644768],[35.068359,45.58329],[35.068359,45.460131],[34.980469,45.39845],[35.068359,45.336702],[35.15625,45.336702],[35.332031,45.274886],[35.332031,45.336702],[35.419922,45.336702],[35.419922,45.274886],[35.507812,45.274886],[35.859375,45.39845],[35.947266,45.39845],[35.947266,45.336702],[36.035156,45.336702],[36.035156,45.39845],[36.123047,45.460131],[36.474609,45.460131],[36.5625,45.39845],[36.650391,45.39845],[36.650391,45.336702],[36.474609,45.336702],[36.474609,45.274886],[36.386719,45.213004],[36.386719,45.089036],[36.210938,45.02695],[35.947266,45.02695],[35.859375,45.02695],[35.771484,45.089036],[35.419922,45.089036],[35.419922,45.02695],[35.332031,45.02695],[35.15625,44.902578],[35.15625,44.840291],[35.068359,44.840291],[34.980469,44.840291],[34.716797,44.777936],[34.541016,44.715514],[34.453125,44.715514],[34.365234,44.653024],[34.365234,44.527843],[34.101562,44.465151],[34.101562,44.402392],[33.75,44.402392],[33.574219,44.465151],[33.574219,44.527843],[33.398438,44.590467],[33.574219,44.590467],[33.574219,44.653024],[33.486328,44.777936],[33.662109,44.902578],[33.662109,44.964798],[33.574219,45.089036],[33.486328,45.089036],[33.398438,45.151053],[33.310547,45.151053],[33.222656,45.213004],[33.134766,45.213004],[32.958984,45.336702],[32.519531,45.336702],[32.519531,45.460131],[32.607422,45.460131],[32.607422,45.521744],[32.871094,45.58329],[32.871094,45.644768],[32.958984,45.644768],[33.046875,45.706179],[33.222656,45.767523],[33.398438,45.767523],[33.398438,45.828799],[33.486328,45.828799],[33.574219,45.890008],[33.75,45.890008],[33.75,45.95115],[33.662109,45.95115],[33.662109,46.13417]]],[[[42.626953,66.791909],[42.714844,66.75725],[42.714844,66.687784],[42.539062,66.687784],[42.539062,66.722541],[42.451172,66.75725],[42.451172,66.791909],[42.626953,66.791909]]],[[[49.306641,69.503765],[49.306641,69.472969],[49.394531,69.472969],[49.658203,69.380313],[49.746094,69.380313],[49.921875,69.349339],[50.097656,69.287257],[50.097656,69.256149],[50.185547,69.256149],[50.185547,69.224997],[50.361328,69.162558],[50.361328,69.09994],[50.273438,69.068563],[50.185547,69.005675],[50.097656,69.005675],[50.097656,69.068563],[50.185547,69.068563],[50.185547,69.162558],[49.921875,69.068563],[49.833984,69.005675],[49.833984,68.974164],[49.746094,68.911005],[49.482422,68.815927],[49.482422,68.784144],[49.130859,68.752315],[48.955078,68.752315],[48.779297,68.720441],[48.603516,68.752315],[48.251953,68.911005],[48.251953,69.256149],[48.339844,69.287257],[48.339844,69.31832],[48.603516,69.411242],[48.603516,69.442128],[48.691406,69.472969],[48.867188,69.472969],[48.867188,69.503765],[49.306641,69.503765]]],[[[21.181641,54.977614],[21.181641,55.178868],[21.269531,55.178868],[21.269531,55.279115],[21.445312,55.279115],[21.533203,55.178868],[21.708984,55.178868],[21.708984,55.128649],[21.796875,55.128649],[21.796875,55.078367],[21.972656,55.078367],[22.060547,55.028022],[22.148438,55.028022],[22.148438,55.078367],[22.5,55.078367],[22.675781,54.977614],[22.763672,54.977614],[22.851562,54.876607],[22.851562,54.775346],[22.763672,54.775346],[22.763672,54.72462],[22.675781,54.521081],[22.675781,54.470038],[22.763672,54.41893],[22.763672,54.367759],[22.675781,54.367759],[22.675781,54.316523],[21.09375,54.316523],[20.917969,54.367759],[20.390625,54.367759],[20.302734,54.41893],[19.775391,54.41893],[20.039062,54.572062],[20.126953,54.572062],[20.214844,54.622978],[20.390625,54.673831],[20.214844,54.72462],[19.951172,54.72462],[19.951172,54.927142],[20.039062,54.927142],[20.390625,54.927142],[20.478516,54.977614],[20.566406,54.977614],[20.566406,54.927142],[20.830078,54.927142],[20.830078,54.876607],[21.09375,54.876607],[21.181641,54.977614]]],[[[58.974609,69.287257],[59.0625,69.287257],[59.238281,69.224997],[59.238281,69.131271],[59.150391,69.162558],[59.150391,69.1938],[58.974609,69.256149],[58.974609,69.287257]]],[[[34.277344,69.411242],[34.365234,69.349339],[34.013672,69.349339],[34.013672,69.411242],[34.277344,69.411242]]],[[[52.822266,71.32895],[52.822266,71.300793],[52.998047,71.272595],[53.085938,71.272595],[53.173828,71.272595],[53.261719,71.187754],[53.261719,71.159391],[53.173828,71.074056],[52.998047,71.074056],[52.822266,71.102543],[52.822266,71.159391],[52.734375,71.159391],[52.646484,71.216075],[52.558594,71.244356],[52.294922,71.244356],[52.294922,71.272595],[52.207031,71.272595],[52.207031,71.32895],[52.294922,71.32895],[52.382812,71.385142],[52.470703,71.385142],[52.734375,71.413177],[52.822266,71.413177],[52.822266,71.385142],[52.734375,71.385142],[52.822266,71.357067],[52.822266,71.32895]]],[[[56.425781,75.050354],[56.25,75.027664],[56.162109,75.00494],[56.074219,75.00494],[55.986328,74.982183],[55.898438,74.982183],[55.898438,75.07301],[55.722656,75.07301],[55.722656,75.095633],[55.810547,75.140778],[55.898438,75.208245],[56.074219,75.230667],[56.162109,75.185789],[56.162109,75.140778],[56.337891,75.185789],[56.425781,75.095633],[56.425781,75.050354]]],[[[56.865234,70.612614],[56.953125,70.612614],[57.216797,70.612614],[57.304688,70.554179],[57.216797,70.554179],[57.216797,70.495574],[57.041016,70.495574],[56.953125,70.524897],[56.953125,70.554179],[56.865234,70.583418],[56.865234,70.612614]],[[57.041016,70.583418],[57.128906,70.554179],[57.128906,70.583418],[57.041016,70.583418]]],[[[60.292969,76.163993],[60.292969,76.121893],[60.205078,76.121893],[60.117188,76.100796],[59.853516,76.100796],[59.853516,76.121893],[59.941406,76.121893],[59.941406,76.142958],[60.029297,76.163993],[60.292969,76.163993]]],[[[58.886719,75.909504],[58.886719,75.930885],[59.238281,75.973553],[59.238281,75.930885],[59.150391,75.930885],[58.886719,75.909504]]],[[[34.892578,45.890008],[34.804688,45.890008],[34.716797,46.012224],[34.628906,46.073231],[34.804688,46.073231],[34.892578,46.012224],[34.892578,45.890008]]],[[[65.917969,69.09994],[65.742188,69.09994],[65.742188,69.131271],[65.917969,69.131271],[65.917969,69.09994]]],[[[47.548828,43.771094],[47.548828,43.897892],[47.636719,43.897892],[47.636719,43.834527],[47.548828,43.771094]]],[[[19.951172,54.72462],[19.951172,54.622978],[19.863281,54.622978],[19.863281,54.673831],[19.951172,54.72462]]],[[[57.392578,68.752315],[57.304688,68.720441],[57.216797,68.720441],[57.216797,68.752315],[57.392578,68.752315]]],[[[34.541016,45.890008],[34.541016,45.95115],[34.628906,45.95115],[34.628906,45.890008],[34.541016,45.890008]]],[[[48.691406,67.908619],[48.603516,67.908619],[48.603516,67.94165],[48.691406,67.94165],[48.691406,67.908619]]],[[[39.814453,68.138852],[39.902344,68.106102],[39.902344,68.073305],[39.814453,68.106102],[39.814453,68.138852]]],[[[52.998047,71.01696],[53.085938,70.988349],[52.998047,70.959697],[52.998047,71.01696]]],[[[60.292969,76.163993],[60.46875,76.184995],[60.46875,76.163993],[60.292969,76.163993]]],[[[39.990234,64.661517],[39.990234,64.699105],[40.078125,64.699105],[40.078125,64.661517],[39.990234,64.661517]]],[[[66.269531,69.037142],[66.357422,69.037142],[66.357422,69.005675],[66.269531,69.037142]]],[[[36.738281,45.39845],[36.738281,45.336702],[36.650391,45.39845],[36.738281,45.39845]]],[[[37.792969,46.619261],[37.705078,46.679594],[37.792969,46.679594],[37.792969,46.619261]]],[[[33.398438,66.548263],[33.486328,66.51326],[33.398438,66.51326],[33.398438,66.548263]]],[[[48.691406,67.908619],[48.779297,67.908619],[48.779297,67.875541],[48.691406,67.908619]]],[[[67.851562,68.204212],[67.939453,68.171555],[67.851562,68.171555],[67.851562,68.204212]]],[[[53.613281,68.366801],[53.701172,68.366801],[53.613281,68.334376],[53.613281,68.366801]]],[[[58.886719,69.31832],[58.974609,69.287257],[58.886719,69.287257],[58.886719,69.31832]]],[[[52.822266,71.32895],[52.910156,71.357067],[52.910156,71.32895],[52.822266,71.32895]]],[[[54.492188,70.728979],[54.316406,70.78691],[54.228516,70.757966],[54.316406,70.728979],[54.052734,70.728979],[54.052734,70.757966],[53.964844,70.757966],[53.876953,70.78691],[53.701172,70.78691],[53.525391,70.815812],[53.4375,70.815812],[53.349609,70.873491],[53.701172,70.873491],[53.701172,70.988349],[53.613281,71.01696],[53.525391,71.074056],[53.701172,71.102543],[53.789062,71.130988],[53.876953,71.130988],[53.876953,71.102543],[54.140625,71.102543],[54.140625,71.130988],[53.964844,71.159391],[53.964844,71.187754],[53.789062,71.159391],[53.701172,71.187754],[53.525391,71.187754],[53.525391,71.216075],[53.4375,71.272595],[53.525391,71.272595],[53.525391,71.300793],[53.4375,71.300793],[53.349609,71.32895],[53.261719,71.441171],[53.349609,71.524909],[53.173828,71.497037],[52.998047,71.497037],[52.998047,71.441171],[52.910156,71.413177],[52.822266,71.413177],[52.646484,71.497037],[52.558594,71.552741],[52.558594,71.608283],[52.382812,71.497037],[52.294922,71.497037],[52.294922,71.524909],[52.207031,71.552741],[52.119141,71.552741],[52.119141,71.524909],[52.207031,71.497037],[52.119141,71.469124],[51.767578,71.469124],[51.679688,71.524909],[51.416016,71.746432],[51.416016,71.938158],[51.503906,71.965388],[51.503906,71.992578],[51.591797,72.073911],[51.855469,72.15489],[52.03125,72.100944],[52.119141,72.100944],[52.294922,72.073911],[52.294922,72.04684],[52.382812,72.04684],[52.382812,72.208678],[52.470703,72.26231],[52.558594,72.26231],[52.734375,72.342464],[52.734375,72.369105],[52.646484,72.448792],[52.910156,72.52813],[52.910156,72.554498],[52.910156,72.580829],[52.822266,72.580829],[52.734375,72.554498],[52.734375,72.633374],[52.822266,72.659588],[52.734375,72.659588],[52.382812,72.711903],[52.382812,72.738003],[52.558594,72.86793],[52.734375,72.86793],[52.822266,72.893802],[52.910156,72.893802],[52.998047,72.919635],[53.085938,72.919635],[53.173828,72.893802],[53.349609,72.86793],[53.4375,72.919635],[53.349609,72.945431],[53.173828,72.945431],[53.173828,72.996909],[53.261719,73.022592],[53.261719,73.048236],[53.173828,73.048236],[53.085938,73.099413],[53.261719,73.201317],[53.4375,73.252045],[53.613281,73.252045],[53.789062,73.302624],[53.964844,73.277353],[54.052734,73.252045],[54.140625,73.252045],[54.316406,73.327858],[54.228516,73.327858],[54.052734,73.353055],[54.052734,73.403338],[54.228516,73.403338],[54.228516,73.428424],[54.316406,73.428424],[54.316406,73.453473],[54.228516,73.478485],[54.228516,73.503461],[54.316406,73.553302],[54.404297,73.553302],[54.492188,73.602996],[54.580078,73.627789],[54.755859,73.627789],[54.755859,73.652545],[54.84375,73.652545],[55.195312,73.726595],[54.84375,73.726595],[54.580078,73.701948],[54.492188,73.701948],[54.492188,73.677264],[54.404297,73.652545],[54.404297,73.627789],[54.228516,73.602996],[54.052734,73.602996],[53.964844,73.627789],[53.789062,73.701948],[53.789062,73.726595],[53.701172,73.751205],[53.613281,73.751205],[53.701172,73.77578],[53.964844,73.77578],[54.052734,73.82482],[54.052734,73.849286],[54.228516,73.898111],[54.228516,73.922469],[54.316406,73.922469],[54.404297,73.946791],[54.580078,73.946791],[54.84375,73.971078],[54.755859,73.995328],[54.580078,73.995328],[54.667969,74.067866],[54.755859,74.091974],[55.019531,74.188052],[55.195312,74.188052],[55.371094,74.140084],[55.458984,74.140084],[55.810547,74.091974],[55.898438,74.091974],[55.810547,74.140084],[55.722656,74.140084],[55.634766,74.164085],[55.634766,74.188052],[55.546875,74.188052],[55.283203,74.235878],[55.107422,74.235878],[55.107422,74.259738],[55.195312,74.307353],[55.283203,74.307353],[55.283203,74.283563],[55.634766,74.283563],[55.722656,74.259738],[55.722656,74.307353],[55.634766,74.331108],[55.458984,74.331108],[55.283203,74.354828],[55.283203,74.425777],[55.371094,74.449358],[56.162109,74.449358],[56.162109,74.472903],[55.986328,74.496413],[56.074219,74.519889],[56.074219,74.54333],[55.898438,74.54333],[55.722656,74.566736],[55.458984,74.566736],[55.546875,74.636748],[55.546875,74.660016],[55.634766,74.68325],[55.810547,74.68325],[55.898438,74.660016],[55.986328,74.660016],[56.162109,74.70645],[56.337891,74.729615],[56.513672,74.68325],[56.689453,74.68325],[56.601562,74.70645],[56.601562,74.729615],[56.513672,74.798906],[56.162109,74.798906],[56.074219,74.775843],[55.898438,74.775843],[55.810547,74.798906],[55.810547,74.821934],[55.898438,74.844929],[56.337891,74.890816],[56.425781,74.890816],[56.513672,74.913708],[56.689453,74.936567],[56.689453,74.959392],[56.601562,74.959392],[56.513672,74.936567],[56.425781,74.959392],[56.337891,74.959392],[56.337891,74.982183],[56.513672,75.027664],[56.513672,75.050354],[56.601562,75.118222],[56.689453,75.118222],[56.777344,75.185789],[56.777344,75.208245],[56.865234,75.230667],[56.865234,75.275413],[56.777344,75.275413],[56.777344,75.320025],[56.865234,75.364506],[57.041016,75.386696],[57.216797,75.386696],[57.568359,75.342282],[57.568359,75.320025],[57.744141,75.320025],[57.744141,75.342282],[57.65625,75.430979],[57.568359,75.453071],[57.480469,75.497157],[57.568359,75.519151],[57.65625,75.519151],[57.65625,75.541113],[57.919922,75.563041],[58.183594,75.563041],[58.183594,75.628632],[57.919922,75.628632],[57.919922,75.650431],[58.007812,75.672197],[58.271484,75.672197],[58.535156,75.715633],[58.535156,75.75894],[58.798828,75.845169],[58.886719,75.866646],[59.150391,75.866646],[59.326172,75.909504],[59.414062,75.909504],[59.414062,75.930885],[59.677734,75.930885],[59.677734,75.909504],[59.765625,75.909504],[59.941406,75.952235],[59.941406,75.973553],[60.029297,75.973553],[60.117188,75.994839],[60.205078,75.994839],[60.205078,75.973553],[60.292969,75.973553],[60.380859,76.016094],[60.292969,76.016094],[60.205078,76.037317],[60.029297,76.037317],[60.029297,76.058508],[60.292969,76.100796],[60.46875,76.121893],[60.820312,76.121893],[60.644531,76.079668],[60.46875,76.016094],[60.644531,75.994839],[60.732422,75.994839],[60.820312,76.016094],[60.820312,76.058508],[61.083984,76.058508],[61.083984,76.079668],[61.171875,76.142958],[60.908203,76.142958],[60.996094,76.247817],[60.996094,76.268695],[61.083984,76.289542],[61.259766,76.289542],[61.611328,76.310358],[61.699219,76.310358],[61.787109,76.289542],[61.962891,76.268695],[62.314453,76.268695],[62.402344,76.226907],[62.402344,76.184995],[62.490234,76.184995],[62.578125,76.205967],[62.666016,76.247817],[62.753906,76.268695],[62.841797,76.268695],[62.841797,76.247817],[62.929688,76.205967],[63.017578,76.205967],[63.017578,76.226907],[63.193359,76.247817],[63.369141,76.289542],[63.720703,76.331142],[63.896484,76.331142],[63.984375,76.310358],[64.160156,76.310358],[64.511719,76.393312],[64.6875,76.413973],[64.6875,76.434604],[64.775391,76.475773],[64.951172,76.496311],[65.039062,76.496311],[65.039062,76.455203],[65.126953,76.455203],[65.390625,76.516819],[65.390625,76.557743],[65.478516,76.578159],[65.566406,76.578159],[65.654297,76.557743],[65.917969,76.516819],[66.005859,76.516819],[66.005859,76.537296],[65.917969,76.618901],[65.917969,76.639226],[65.742188,76.679785],[65.917969,76.740397],[66.005859,76.760541],[66.181641,76.760541],[66.357422,76.840816],[66.445312,76.86081],[66.621094,76.86081],[66.621094,76.900709],[66.708984,76.900709],[66.972656,76.940488],[66.972656,76.960334],[67.060547,76.960334],[67.236328,76.980149],[67.324219,76.980149],[67.5,77.019692],[67.675781,77.019692],[67.939453,76.999935],[68.027344,76.999935],[68.115234,76.980149],[68.115234,76.960334],[68.466797,76.960334],[68.730469,76.840816],[68.90625,76.780655],[68.90625,76.65952],[68.818359,76.65952],[68.818359,76.537296],[68.378906,76.351896],[68.291016,76.310358],[68.291016,76.289542],[68.115234,76.289542],[68.027344,76.268695],[67.939453,76.268695],[67.675781,76.226907],[67.5,76.205967],[67.5,76.184995],[67.412109,76.184995],[67.412109,76.163993],[67.236328,76.121893],[67.060547,76.100796],[67.060547,76.079668],[66.884766,76.079668],[66.884766,76.058508],[66.621094,76.058508],[66.621094,76.037317],[66.445312,75.994839],[66.357422,75.994839],[66.181641,75.952235],[66.005859,75.930885],[65.742188,75.909504],[65.390625,75.888091],[65.126953,75.82366],[65.126953,75.802118],[64.863281,75.802118],[64.775391,75.780545],[64.511719,75.75894],[64.423828,75.737303],[64.160156,75.715633],[63.896484,75.672197],[63.808594,75.650431],[63.720703,75.672197],[63.720703,75.693931],[63.632812,75.693931],[63.544922,75.650431],[63.28125,75.584937],[63.017578,75.584937],[62.929688,75.563041],[62.841797,75.519151],[62.753906,75.519151],[62.578125,75.497157],[62.490234,75.497157],[62.402344,75.453071],[62.314453,75.430979],[62.050781,75.430979],[61.875,75.386696],[61.699219,75.364506],[61.699219,75.275413],[61.523438,75.230667],[61.435547,75.230667],[61.347656,75.253057],[61.347656,75.342282],[61.259766,75.320025],[61.259766,75.230667],[61.171875,75.230667],[61.171875,75.208245],[61.083984,75.208245],[60.996094,75.1633],[60.820312,75.1633],[60.820312,75.140778],[60.732422,75.095633],[60.820312,75.095633],[60.820312,75.07301],[60.732422,75.050354],[60.732422,75.027664],[60.644531,75.027664],[60.556641,75.050354],[60.556641,75.118222],[60.46875,75.118222],[60.46875,75.027664],[60.380859,75.027664],[60.292969,75.00494],[60.117188,74.982183],[60.117188,74.959392],[60.644531,74.959392],[60.644531,74.913708],[60.556641,74.867889],[60.205078,74.867889],[60.205078,74.844929],[60.380859,74.798906],[60.380859,74.775843],[60.292969,74.752746],[60.292969,74.729615],[59.765625,74.729615],[59.853516,74.68325],[59.853516,74.613445],[59.765625,74.590108],[59.589844,74.590108],[59.501953,74.613445],[59.414062,74.660016],[59.238281,74.68325],[59.238281,74.636748],[59.150391,74.590108],[59.150391,74.54333],[59.0625,74.472903],[59.150391,74.449358],[58.798828,74.449358],[58.710938,74.472903],[58.710938,74.496413],[58.623047,74.496413],[58.447266,74.54333],[58.359375,74.54333],[58.359375,74.566736],[58.271484,74.590108],[58.183594,74.590108],[58.183594,74.566736],[58.271484,74.519889],[58.359375,74.519889],[58.447266,74.496413],[58.623047,74.425777],[58.623047,74.331108],[58.710938,74.307353],[58.710938,74.235878],[58.623047,74.188052],[58.535156,74.164085],[58.447266,74.164085],[58.359375,74.164085],[58.359375,74.091974],[58.271484,74.091974],[58.271484,74.140084],[58.183594,74.140084],[58.183594,73.971078],[58.095703,73.971078],[57.919922,73.995328],[57.65625,74.067866],[57.65625,74.091974],[57.568359,74.188052],[57.392578,74.188052],[57.480469,74.140084],[57.480469,74.091974],[57.304688,74.091974],[57.480469,74.067866],[57.568359,74.067866],[57.568359,74.043723],[57.65625,74.019543],[57.744141,73.971078],[57.832031,73.971078],[57.919922,73.922469],[57.919922,73.77578],[57.744141,73.726595],[57.65625,73.726595],[57.65625,73.751205],[57.568359,73.77578],[57.480469,73.82482],[57.392578,73.82482],[57.480469,73.751205],[57.65625,73.652545],[57.568359,73.627789],[57.392578,73.528399],[57.304688,73.528399],[57.128906,73.578167],[57.041016,73.578167],[56.953125,73.627789],[56.865234,73.627789],[56.777344,73.652545],[56.777344,73.602996],[56.865234,73.578167],[57.041016,73.553302],[57.216797,73.503461],[57.216797,73.453473],[57.041016,73.353055],[56.865234,73.327858],[56.777344,73.353055],[56.777344,73.252045],[56.513672,73.252045],[56.425781,73.277353],[56.162109,73.277353],[56.074219,73.302624],[56.074219,73.403338],[55.986328,73.403338],[55.986328,73.327858],[55.898438,73.327858],[55.810547,73.327858],[55.810547,73.302624],[55.898438,73.302624],[56.074219,73.252045],[56.337891,73.252045],[56.425781,73.2267],[56.601562,73.15044],[56.601562,73.124945],[56.425781,73.099413],[56.25,73.073844],[56.337891,73.048236],[56.425781,73.048236],[56.337891,72.996909],[56.074219,72.996909],[56.074219,72.971189],[56.25,72.971189],[56.25,72.842021],[56.162109,72.790088],[55.634766,72.790088],[55.898438,72.711903],[55.898438,72.659588],[55.810547,72.659588],[55.722656,72.633374],[55.722656,72.554498],[55.634766,72.52813],[55.546875,72.52813],[55.546875,72.448792],[55.458984,72.448792],[55.458984,72.289067],[55.546875,72.26231],[55.546875,72.15489],[55.371094,72.100944],[55.371094,72.019729],[55.283203,71.965388],[55.283203,71.938158],[55.195312,71.910888],[55.458984,71.910888],[55.546875,71.856229],[55.546875,71.718882],[55.722656,71.608283],[55.722656,71.580532],[55.810547,71.552741],[55.810547,71.497037],[55.898438,71.413177],[56.074219,71.32895],[56.074219,71.272595],[56.162109,71.216075],[56.425781,71.130988],[56.513672,71.074056],[56.601562,71.074056],[56.601562,71.01696],[57.216797,70.815812],[57.480469,70.78691],[57.568359,70.728979],[57.480469,70.670881],[57.480469,70.612614],[57.216797,70.612614],[57.041016,70.670881],[56.777344,70.699951],[56.865234,70.641769],[56.689453,70.641769],[56.689453,70.612614],[56.689453,70.583418],[56.601562,70.583418],[56.513672,70.554179],[56.513672,70.583418],[56.425781,70.583418],[56.337891,70.583418],[56.25,70.612614],[56.25,70.641769],[56.162109,70.641769],[56.162109,70.612614],[55.986328,70.612614],[56.074219,70.583418],[55.898438,70.583418],[55.722656,70.612614],[55.722656,70.641769],[55.810547,70.641769],[55.810547,70.670881],[55.722656,70.670881],[55.722656,70.699951],[55.634766,70.699951],[55.458984,70.728979],[55.371094,70.728979],[55.283203,70.670881],[55.283203,70.583418],[55.195312,70.554179],[55.107422,70.554179],[54.931641,70.670881],[54.755859,70.670881],[54.667969,70.728979],[54.667969,70.757966],[54.580078,70.78691],[54.492188,70.78691],[54.492188,70.728979]],[[56.074219,72.971189],[55.986328,72.971189],[55.634766,72.971189],[55.634766,72.945431],[56.074219,72.945431],[56.074219,72.971189]],[[57.392578,73.82482],[57.392578,73.849286],[57.041016,73.849286],[57.041016,73.82482],[57.392578,73.82482]],[[56.337891,70.670881],[56.513672,70.670881],[56.513672,70.728979],[56.425781,70.728979],[56.337891,70.670881]],[[53.701172,71.385142],[53.613281,71.385142],[53.525391,71.385142],[53.525391,71.300793],[53.701172,71.385142]],[[53.701172,71.413177],[53.876953,71.413177],[53.964844,71.469124],[53.876953,71.469124],[53.701172,71.413177]],[[52.822266,72.659588],[52.910156,72.659588],[53.085938,72.659588],[52.998047,72.685765],[52.822266,72.685765],[52.822266,72.659588]],[[54.84375,73.428424],[54.580078,73.403338],[54.492188,73.403338],[54.492188,73.378215],[54.580078,73.378215],[54.84375,73.428424]],[[56.777344,74.68325],[56.953125,74.68325],[56.953125,74.70645],[56.777344,74.70645],[56.777344,74.68325]],[[55.986328,70.612614],[55.986328,70.670881],[55.898438,70.670881],[55.898438,70.612614],[55.986328,70.612614]],[[54.316406,73.327858],[54.404297,73.327858],[54.492188,73.378215],[54.404297,73.378215],[54.316406,73.327858]],[[58.359375,74.188052],[58.359375,74.211983],[58.271484,74.211983],[58.271484,74.188052],[58.359375,74.188052]],[[59.589844,74.775843],[59.589844,74.729615],[59.677734,74.729615],[59.589844,74.775843]],[[56.162109,73.073844],[55.986328,73.073844],[55.986328,73.048236],[56.162109,73.073844]],[[56.162109,70.641769],[56.162109,70.670881],[56.074219,70.670881],[56.074219,70.641769],[56.162109,70.641769]],[[56.337891,70.670881],[56.25,70.670881],[56.25,70.641769],[56.337891,70.641769],[56.337891,70.670881]],[[53.349609,71.524909],[53.4375,71.524909],[53.4375,71.552741],[53.349609,71.552741],[53.349609,71.524909]],[[55.283203,73.353055],[55.283203,73.327858],[55.371094,73.327858],[55.371094,73.353055],[55.283203,73.353055]],[[56.162109,74.472903],[56.25,74.472903],[56.25,74.496413],[56.162109,74.496413],[56.162109,74.472903]],[[63.632812,75.693931],[63.632812,75.715633],[63.544922,75.715633],[63.544922,75.693931],[63.632812,75.693931]],[[55.195312,73.378215],[55.283203,73.353055],[55.283203,73.378215],[55.195312,73.378215]],[[56.777344,73.652545],[56.777344,73.677264],[56.689453,73.677264],[56.777344,73.652545]]],[[[54.492188,70.728979],[54.580078,70.728979],[54.580078,70.699951],[54.492188,70.728979]]]]},"properties":{"From":2014,"To":2023,"id":null,"Holder":null,"Name":"Russia (Soviet Union)","Status":"independent","Area":null,"Capital":"Moscow","capital_geom":"0101000020E610000093020B60CACE4240D5B2B5BE48E04B40"}},{"type":"Feature","geometry":{"type":"MultiPolygon","coordinates":[[[[20.039062,49.21042],[20.126953,49.21042],[20.126953,49.325122],[20.214844,49.325122],[20.302734,49.382373],[20.742188,49.382373],[20.830078,49.325122],[21.005859,49.325122],[21.005859,49.382373],[21.09375,49.439557],[21.621094,49.439557],[21.972656,49.325122],[22.060547,49.267805],[22.060547,49.21042],[22.236328,49.15297],[22.324219,49.15297],[22.5,49.095452],[22.587891,49.095452],[22.587891,49.037868],[22.5,48.980217],[22.5,48.922499],[22.412109,48.864715],[22.324219,48.69096],[22.148438,48.57479],[22.148438,48.400032],[21.972656,48.400032],[21.884766,48.341646],[21.708984,48.341646],[21.621094,48.458352],[21.621094,48.516604],[21.533203,48.516604],[21.445312,48.57479],[21.269531,48.516604],[20.917969,48.516604],[20.917969,48.57479],[20.654297,48.57479],[20.566406,48.516604],[20.478516,48.516604],[20.478516,48.458352],[20.390625,48.400032],[20.390625,48.283193],[20.214844,48.283193],[20.039062,48.166085],[19.951172,48.166085],[19.775391,48.224673],[19.511719,48.224673],[19.511719,48.107431],[19.160156,48.04871],[19.072266,48.107431],[18.984375,48.04871],[18.808594,48.04871],[18.720703,47.931066],[18.896484,47.813155],[18.720703,47.813155],[18.720703,47.754098],[17.753906,47.754098],[17.490234,47.872144],[17.314453,47.989922],[17.226562,47.989922],[17.226562,48.04871],[17.138672,48.04871],[17.050781,48.107431],[17.050781,48.166085],[16.962891,48.166085],[16.962891,48.283193],[16.875,48.341646],[16.875,48.516604],[16.962891,48.516604],[16.962891,48.632909],[17.138672,48.864715],[17.314453,48.864715],[17.402344,48.806863],[17.490234,48.864715],[17.753906,48.864715],[17.929688,48.980217],[18.105469,49.037868],[18.105469,49.15297],[18.193359,49.15297],[18.193359,49.267805],[18.28125,49.325122],[18.369141,49.325122],[18.544922,49.439557],[18.544922,49.496675],[18.984375,49.496675],[18.984375,49.382373],[19.160156,49.382373],[19.160156,49.439557],[19.423828,49.61071],[19.511719,49.61071],[19.511719,49.553726],[19.599609,49.439557],[19.6875,49.382373],[19.775391,49.382373],[19.863281,49.267805],[19.775391,49.267805],[19.775391,49.21042],[20.039062,49.21042]]]]},"properties":{"From":1993,"To":2023,"id":null,"Holder":null,"Name":"Slovakia","Status":"independent","Area":null,"Capital":"Bratislava","capital_geom":"0101000020E610000041649126DE1D31403333333333134840"}},{"type":"Feature","geometry":{"type":"MultiPolygon","coordinates":[[[[18.369141,59.355596],[18.28125,59.400365],[18.369141,59.400365],[18.369141,59.355596]]],[[[17.402344,59.578851],[17.402344,59.667741],[17.490234,59.578851],[17.402344,59.578851]]],[[[18.193359,56.944974],[18.28125,57.04073],[18.28125,57.088515],[18.193359,57.136239],[18.105469,57.231503],[18.193359,57.326521],[18.105469,57.468589],[18.105469,57.562995],[18.193359,57.610107],[18.28125,57.610107],[18.28125,57.657158],[18.369141,57.657158],[18.369141,57.751076],[18.457031,57.751076],[18.457031,57.797944],[18.720703,57.938183],[18.896484,57.938183],[18.984375,57.891497],[19.072266,57.844751],[19.072266,57.797944],[18.896484,57.751076],[18.808594,57.704147],[18.808594,57.657158],[18.720703,57.515823],[18.720703,57.468589],[18.808594,57.421294],[18.720703,57.231503],[18.632812,57.231503],[18.457031,57.136239],[18.369141,57.136239],[18.369141,57.04073],[18.28125,56.944974],[18.193359,56.944974]]],[[[17.050781,57.326521],[17.138672,57.326521],[17.050781,57.183902],[16.962891,57.136239],[16.962891,57.04073],[16.875,56.897004],[16.875,56.800878],[16.787109,56.800878],[16.699219,56.704506],[16.611328,56.511018],[16.611328,56.36525],[16.523438,56.316537],[16.523438,56.218923],[16.435547,56.218923],[16.435547,56.559482],[16.523438,56.800878],[16.611328,56.897004],[16.875,57.04073],[16.875,57.136239],[16.962891,57.231503],[16.962891,57.326521],[17.050781,57.326521]]],[[[18.369141,59.355596],[18.457031,59.355596],[18.457031,59.445075],[18.632812,59.355596],[18.632812,59.310768],[18.28125,59.310768],[18.369141,59.355596]]],[[[19.335938,57.984808],[19.335938,57.938183],[19.160156,57.938183],[19.160156,57.844751],[19.072266,57.844751],[19.072266,57.984808],[19.335938,57.984808]]],[[[17.753906,59.400365],[17.753906,59.310768],[17.666016,59.310768],[17.666016,59.355596],[17.578125,59.400365],[17.753906,59.400365]]],[[[17.402344,61.731526],[17.490234,61.731526],[17.490234,61.648162],[17.402344,61.606396],[17.402344,61.689872],[17.402344,61.731526]]],[[[21.445312,65.366837],[21.357422,65.366837],[21.357422,65.330178],[21.533203,65.293468],[21.533203,65.330178],[21.621094,65.330178],[21.708984,65.293468],[21.621094,65.256706],[21.533203,65.256706],[21.533203,65.219894],[21.621094,65.146115],[21.621094,65.07213],[21.445312,65.07213],[21.445312,64.997939],[21.357422,64.997939],[21.269531,64.960766],[21.269531,64.923542],[21.181641,64.886265],[21.181641,64.811557],[21.09375,64.811557],[21.09375,64.774125],[21.269531,64.774125],[21.269531,64.661517],[21.181641,64.736641],[21.09375,64.736641],[21.09375,64.661517],[21.269531,64.623877],[21.357422,64.586185],[21.445312,64.586185],[21.533203,64.54844],[21.621094,64.434892],[21.445312,64.358931],[21.357422,64.358931],[21.357422,64.28276],[21.269531,64.28276],[20.917969,64.129784],[20.917969,64.014496],[20.830078,63.898731],[20.742188,63.860036],[20.742188,63.821288],[20.654297,63.821288],[20.566406,63.782486],[20.478516,63.821288],[20.478516,63.743631],[20.390625,63.704722],[20.390625,63.66576],[20.126953,63.66576],[20.039062,63.626745],[19.863281,63.587675],[19.775391,63.548552],[19.775391,63.470145],[19.6875,63.43086],[19.599609,63.43086],[19.599609,63.509375],[19.511719,63.548552],[19.423828,63.548552],[19.511719,63.470145],[19.423828,63.43086],[19.335938,63.43086],[19.335938,63.470145],[19.248047,63.470145],[19.248047,63.312683],[19.160156,63.312683],[19.072266,63.233627],[18.896484,63.233627],[18.896484,63.194018],[18.808594,63.154355],[18.720703,63.194018],[18.544922,63.114638],[18.369141,63.074866],[18.28125,62.995158],[18.544922,62.995158],[18.544922,62.955223],[18.457031,62.875188],[18.193359,62.794935],[18.105469,62.754726],[18.105469,62.835089],[17.929688,62.835089],[18.017578,62.754726],[18.017578,62.674143],[17.841797,62.674143],[17.929688,62.63377],[18.017578,62.63377],[18.017578,62.552857],[17.841797,62.471724],[17.753906,62.512318],[17.666016,62.512318],[17.666016,62.431074],[17.578125,62.431074],[17.578125,62.471724],[17.490234,62.471724],[17.490234,62.431074],[17.578125,62.349609],[17.490234,62.349609],[17.402344,62.349609],[17.402344,62.308794],[17.490234,62.267923],[17.578125,62.267923],[17.578125,62.226996],[17.490234,62.226996],[17.490234,61.980267],[17.402344,61.980267],[17.402344,61.93895],[17.314453,61.814664],[17.402344,61.773123],[17.402344,61.731526],[17.314453,61.731526],[17.138672,61.731526],[17.138672,61.689872],[17.138672,61.648162],[17.138672,61.522695],[17.226562,61.438767],[17.138672,61.438767],[17.138672,61.354614],[17.226562,61.312452],[17.226562,61.270233],[17.138672,61.185625],[17.138672,60.930432],[17.226562,60.930432],[17.226562,60.8877],[17.314453,60.844911],[17.314453,60.673179],[17.402344,60.630102],[17.666016,60.630102],[17.666016,60.586967],[17.578125,60.586967],[17.578125,60.543775],[17.666016,60.500525],[17.753906,60.500525],[17.753906,60.586967],[17.929688,60.586967],[18.28125,60.370429],[18.369141,60.370429],[18.369141,60.500525],[18.457031,60.500525],[18.457031,60.326948],[18.457031,60.283408],[18.369141,60.283408],[18.28125,60.283408],[18.369141,60.196156],[18.457031,60.196156],[18.457031,60.152442],[18.632812,60.152442],[18.720703,60.10867],[18.808594,60.10867],[18.808594,60.06484],[18.896484,59.977005],[18.896484,59.933],[18.984375,59.933],[19.072266,59.888937],[19.072266,59.800634],[19.072266,59.756395],[19.072266,59.712097],[18.808594,59.712097],[18.720703,59.667741],[18.720703,59.623325],[18.457031,59.445075],[18.369141,59.445075],[18.28125,59.489726],[18.28125,59.400365],[18.193359,59.400365],[18.193359,59.445075],[18.105469,59.445075],[18.017578,59.400365],[18.017578,59.355596],[17.841797,59.355596],[17.841797,59.400365],[17.753906,59.400365],[17.753906,59.445075],[17.578125,59.489726],[17.490234,59.534318],[17.490234,59.578851],[17.490234,59.712097],[17.578125,59.756395],[17.402344,59.756395],[17.402344,59.667741],[17.314453,59.623325],[17.402344,59.578851],[17.402344,59.445075],[17.314453,59.489726],[17.226562,59.489726],[17.138672,59.534318],[16.962891,59.534318],[16.875,59.578851],[16.523438,59.578851],[16.523438,59.489726],[16.699219,59.489726],[16.699219,59.445075],[16.875,59.489726],[16.875,59.445075],[16.962891,59.445075],[16.962891,59.400365],[17.138672,59.400365],[17.314453,59.355596],[17.314453,59.310768],[17.226562,59.310768],[17.226562,59.265881],[17.314453,59.265881],[17.402344,59.220934],[17.402344,59.310768],[17.490234,59.310768],[17.578125,59.265881],[17.841797,59.265881],[18.017578,59.310768],[18.193359,59.310768],[18.28125,59.310768],[18.28125,59.130863],[18.193359,59.130863],[18.017578,59.040555],[17.929688,58.904646],[17.753906,58.950008],[17.753906,59.130863],[17.666016,59.175928],[17.578125,59.085739],[17.578125,58.859224],[17.314453,58.722599],[17.138672,58.722599],[17.050781,58.631217],[16.699219,58.631217],[16.699219,58.585436],[16.787109,58.585436],[16.962891,58.493694],[16.787109,58.447733],[16.699219,58.401712],[16.787109,58.35563],[16.787109,58.12432],[16.699219,58.077876],[16.699219,58.031372],[16.699219,57.984808],[16.699219,57.938183],[16.787109,57.938183],[16.787109,57.891497],[16.611328,57.891497],[16.611328,57.938183],[16.611328,57.984808],[16.523438,57.984808],[16.523438,57.844751],[16.523438,57.797944],[16.611328,57.797944],[16.699219,57.751076],[16.699219,57.704147],[16.611328,57.610107],[16.611328,57.562995],[16.699219,57.468589],[16.699219,57.421294],[16.611328,57.421294],[16.611328,57.373938],[16.523438,57.373938],[16.523438,57.279043],[16.435547,57.279043],[16.435547,57.183902],[16.523438,57.136239],[16.523438,57.088515],[16.523438,57.04073],[16.435547,56.944974],[16.435547,56.800878],[16.347656,56.704506],[16.347656,56.656226],[16.259766,56.656226],[16.259766,56.607885],[16.083984,56.46249],[16.083984,56.316537],[15.996094,56.267761],[15.996094,56.218923],[15.820312,56.12106],[15.644531,56.170023],[15.556641,56.218923],[15.380859,56.12106],[15.205078,56.170023],[14.677734,56.170023],[14.677734,56.12106],[14.765625,56.072035],[14.765625,56.022948],[14.589844,56.022948],[14.589844,56.072035],[14.501953,56.072035],[14.501953,56.022948],[14.326172,55.973798],[14.326172,55.924586],[14.238281,55.875311],[14.238281,55.627996],[14.326172,55.578345],[14.326172,55.478853],[14.238281,55.37911],[13.974609,55.37911],[13.974609,55.429013],[13.623047,55.429013],[13.535156,55.37911],[13.447266,55.37911],[13.359375,55.329144],[13.271484,55.329144],[13.007812,55.37911],[12.919922,55.528631],[12.919922,55.578345],[13.007812,55.578345],[13.007812,55.627996],[13.095703,55.677584],[12.919922,55.825973],[12.65625,56.072035],[12.65625,56.12106],[12.568359,56.12106],[12.480469,56.316537],[12.65625,56.267761],[12.744141,56.218923],[12.832031,56.218923],[12.832031,56.267761],[12.744141,56.36525],[12.65625,56.36525],[12.65625,56.46249],[12.919922,56.46249],[12.919922,56.656226],[12.65625,56.656226],[12.65625,56.752723],[12.568359,56.800878],[12.568359,56.848972],[12.480469,56.897004],[12.304688,56.897004],[12.392578,56.944974],[12.304688,57.04073],[12.216797,57.04073],[12.128906,57.183902],[12.128906,57.421294],[12.041016,57.421294],[11.953125,57.326521],[11.953125,57.421294],[11.865234,57.421294],[11.865234,57.515823],[11.953125,57.515823],[11.953125,57.562995],[11.865234,57.610107],[11.865234,57.704147],[11.777344,57.657158],[11.689453,57.704147],[11.689453,57.891497],[11.777344,57.891497],[11.777344,57.984808],[11.689453,57.938183],[11.513672,57.938183],[11.513672,58.031372],[11.777344,58.031372],[11.777344,58.077876],[11.689453,58.077876],[11.601562,58.12432],[11.425781,58.077876],[11.425781,58.12432],[11.513672,58.217025],[11.162109,58.401712],[11.25,58.493694],[11.25,58.676938],[11.162109,58.722599],[11.162109,58.7682],[11.25,58.813742],[11.25,58.859224],[11.162109,58.904646],[11.162109,59.085739],[11.337891,59.085739],[11.337891,59.040555],[11.425781,58.995311],[11.425781,58.859224],[11.513672,58.859224],[11.601562,58.904646],[11.777344,59.085739],[11.777344,59.400365],[11.689453,59.578851],[11.777344,59.623325],[11.865234,59.712097],[11.865234,59.800634],[11.865234,59.844815],[11.953125,59.888937],[12.128906,59.888937],[12.480469,60.06484],[12.480469,60.196156],[12.568359,60.326948],[12.568359,60.500525],[12.480469,60.630102],[12.392578,60.716198],[12.392578,60.802064],[12.304688,60.844911],[12.304688,60.930432],[12.216797,60.973107],[12.216797,61.015725],[12.304688,61.015725],[12.392578,61.058285],[12.65625,61.058285],[12.65625,61.100789],[12.744141,61.185625],[12.832031,61.227957],[12.832031,61.354614],[12.744141,61.438767],[12.480469,61.564574],[12.392578,61.564574],[12.128906,61.731526],[12.128906,61.856149],[12.216797,61.897578],[12.216797,62.144976],[12.304688,62.267923],[12.304688,62.308794],[12.216797,62.349609],[12.216797,62.431074],[12.041016,62.512318],[12.041016,62.915233],[12.128906,62.955223],[12.128906,63.035039],[12.041016,63.194018],[11.953125,63.273182],[12.041016,63.312683],[12.041016,63.391522],[12.216797,63.470145],[12.216797,63.509375],[12.128906,63.587675],[12.480469,63.821288],[12.568359,63.898731],[12.65625,63.937372],[12.65625,63.975961],[12.832031,64.014496],[12.919922,64.052978],[13.007812,64.052978],[13.007812,64.091408],[13.271484,64.091408],[13.974609,64.014496],[14.150391,64.168107],[14.150391,64.472794],[14.0625,64.472794],[13.886719,64.510643],[13.798828,64.510643],[13.710938,64.586185],[13.710938,64.661517],[13.798828,64.736641],[13.886719,64.774125],[14.0625,64.923542],[14.238281,65.03506],[14.326172,65.109148],[14.326172,65.256706],[14.501953,65.330178],[14.501953,65.694476],[14.589844,65.730626],[14.589844,65.802776],[14.677734,65.802776],[14.589844,65.874725],[14.589844,65.946472],[14.501953,66.018018],[14.501953,66.124962],[15.029297,66.124962],[15.46875,66.266856],[15.46875,66.337505],[15.380859,66.407955],[15.380859,66.478208],[15.644531,66.583217],[15.732422,66.687784],[15.996094,66.895596],[16.347656,67.033163],[16.435547,67.169955],[16.347656,67.238062],[16.347656,67.272043],[16.259766,67.305976],[16.259766,67.339861],[16.171875,67.373698],[16.083984,67.373698],[16.083984,67.407487],[16.171875,67.508568],[16.347656,67.508568],[16.435547,67.542167],[16.611328,67.676085],[16.611328,67.742759],[16.699219,67.842416],[16.699219,67.908619],[17.138672,68.040461],[17.314453,68.106102],[17.578125,68.007571],[17.666016,68.007571],[17.753906,67.974634],[17.841797,67.974634],[17.929688,68.007571],[18.105469,68.171555],[18.193359,68.171555],[18.105469,68.269387],[18.105469,68.334376],[18.017578,68.39918],[18.017578,68.431513],[18.105469,68.49604],[18.105469,68.528235],[18.369141,68.528235],[18.632812,68.49604],[18.984375,68.49604],[19.423828,68.431513],[19.511719,68.39918],[19.863281,68.334376],[19.951172,68.334376],[20.039062,68.366801],[20.039062,68.431513],[20.214844,68.431513],[20.214844,68.49604],[20.039062,68.49604],[19.951172,68.528235],[20.039062,68.592487],[20.214844,68.624544],[20.214844,68.688521],[20.302734,68.752315],[20.390625,68.784144],[20.302734,68.911005],[20.126953,69.037142],[20.566406,69.068563],[20.654297,69.037142],[20.742188,69.037142],[20.830078,69.005675],[20.917969,69.005675],[20.917969,68.879358],[21.09375,68.879358],[21.09375,68.847665],[21.445312,68.720441],[21.445312,68.688521],[21.533203,68.656555],[21.621094,68.656555],[21.621094,68.624544],[21.708984,68.624544],[21.708984,68.592487],[21.884766,68.592487],[21.972656,68.560384],[21.972656,68.528235],[22.148438,68.4638],[22.412109,68.4638],[22.5,68.431513],[22.675781,68.431513],[23.027344,68.301905],[23.378906,68.073305],[23.378906,68.040461],[23.554688,68.007571],[23.642578,67.974634],[23.642578,67.908619],[23.554688,67.908619],[23.554688,67.875541],[23.466797,67.875541],[23.466797,67.441229],[23.554688,67.441229],[23.730469,67.407487],[23.818359,67.305976],[23.730469,67.272043],[23.642578,67.272043],[23.642578,67.238062],[23.554688,67.169955],[23.642578,67.033163],[23.818359,66.964476],[23.818359,66.93006],[23.90625,66.895596],[23.994141,66.791909],[23.90625,66.791909],[23.90625,66.548263],[23.818359,66.548263],[23.730469,66.51326],[23.642578,66.443107],[23.642578,66.266856],[23.730469,66.196009],[23.818359,66.160511],[23.90625,66.160511],[23.90625,66.089364],[23.994141,66.089364],[24.082031,66.018018],[24.169922,65.838776],[24.169922,65.802776],[23.994141,65.802776],[23.90625,65.766727],[23.818359,65.802776],[23.554688,65.802776],[23.466797,65.766727],[23.378906,65.766727],[23.203125,65.802776],[23.203125,65.766727],[23.115234,65.730626],[23.027344,65.766727],[22.851562,65.802776],[22.763672,65.874725],[22.675781,65.910623],[22.675781,65.766727],[22.587891,65.802776],[22.5,65.874725],[22.324219,65.874725],[22.324219,65.802776],[22.236328,65.694476],[22.236328,65.622023],[22.324219,65.622023],[22.412109,65.622023],[22.412109,65.549367],[22.236328,65.58572],[22.148438,65.549367],[22.060547,65.512963],[21.884766,65.512963],[21.972656,65.476508],[22.060547,65.476508],[22.060547,65.403445],[21.533203,65.403445],[21.445312,65.366837]],[[16.611328,58.631217],[16.435547,58.676938],[16.259766,58.676938],[16.259766,58.631217],[16.347656,58.585436],[16.435547,58.631217],[16.611328,58.631217]],[[17.490234,62.471724],[17.490234,62.512318],[17.402344,62.552857],[17.314453,62.471724],[17.402344,62.390369],[17.402344,62.471724],[17.490234,62.471724]],[[22.060547,65.58572],[21.884766,65.694476],[21.796875,65.694476],[21.796875,65.658275],[22.060547,65.58572]],[[11.777344,58.263287],[11.777344,58.12432],[11.865234,58.170702],[11.865234,58.217025],[11.777344,58.263287]],[[17.578125,59.756395],[17.578125,59.667741],[17.578125,59.623325],[17.666016,59.667741],[17.666016,59.712097],[17.578125,59.756395]],[[17.753906,59.578851],[17.753906,59.489726],[17.841797,59.534318],[17.841797,59.578851],[17.753906,59.578851]],[[11.777344,58.263287],[11.777344,58.309489],[11.689453,58.309489],[11.689453,58.263287],[11.777344,58.263287]],[[18.984375,59.800634],[18.984375,59.844815],[18.896484,59.844815],[18.896484,59.800634],[18.984375,59.800634]],[[17.753906,59.623325],[17.666016,59.623325],[17.666016,59.578851],[17.753906,59.578851],[17.753906,59.623325]],[[17.841797,62.955223],[17.841797,62.995158],[17.753906,62.995158],[17.753906,62.955223],[17.841797,62.955223]],[[21.09375,64.811557],[21.09375,64.848937],[21.005859,64.848937],[21.005859,64.811557],[21.09375,64.811557]],[[17.753906,59.667741],[17.753906,59.712097],[17.666016,59.712097],[17.753906,59.667741]]],[[[21.445312,65.366837],[21.533203,65.330178],[21.357422,65.330178],[21.445312,65.366837]]]]},"properties":{"From":1905,"To":2023,"id":null,"Holder":null,"Name":"Sweden","Status":"independent","Area":null,"Capital":"Stockholm","capital_geom":"0101000020E610000020D5B0DF1313324088F4DBD781AB4D40"}},{"type":"Feature","geometry":{"type":"MultiPolygon","coordinates":[[[[21.181641,55.578345],[21.09375,55.578345],[21.09375,55.677584],[21.09375,55.72711],[21.09375,55.776573],[21.005859,55.875311],[21.005859,55.924586],[21.09375,55.973798],[21.09375,56.072035],[21.181641,56.072035],[21.181641,56.12106],[21.269531,56.12106],[21.269531,56.218923],[21.445312,56.218923],[21.445312,56.267761],[21.533203,56.267761],[21.533203,56.316537],[21.796875,56.316537],[21.884766,56.36525],[21.972656,56.36525],[22.060547,56.413901],[22.587891,56.413901],[22.587891,56.36525],[22.851562,56.36525],[22.851562,56.413901],[22.939453,56.413901],[23.027344,56.36525],[23.027344,56.316537],[23.203125,56.316537],[23.203125,56.36525],[23.378906,56.36525],[23.466797,56.316537],[23.554688,56.316537],[23.642578,56.36525],[23.730469,56.36525],[23.818359,56.316537],[24.082031,56.316537],[24.082031,56.267761],[24.257812,56.267761],[24.257812,56.316537],[24.345703,56.316537],[24.433594,56.267761],[24.521484,56.267761],[24.873047,56.46249],[24.960938,56.46249],[24.960938,56.316537],[25.048828,56.267761],[25.048828,56.218923],[25.136719,56.218923],[25.136719,56.170023],[25.576172,56.170023],[25.576172,56.12106],[25.664062,56.12106],[25.839844,56.022948],[25.927734,56.022948],[25.927734,55.973798],[26.015625,55.973798],[26.191406,55.875311],[26.191406,55.825973],[26.279297,55.825973],[26.279297,55.72711],[26.367188,55.72711],[26.367188,55.677584],[26.630859,55.677584],[26.630859,55.578345],[26.542969,55.429013],[26.455078,55.329144],[26.806641,55.329144],[26.806641,55.279115],[26.630859,55.178868],[26.455078,55.178868],[26.279297,55.128649],[26.279297,55.078367],[26.191406,55.028022],[26.191406,54.977614],[25.927734,54.977614],[25.839844,54.927142],[25.839844,54.876607],[25.751953,54.775346],[25.751953,54.521081],[25.664062,54.521081],[25.576172,54.367759],[25.576172,54.316523],[25.488281,54.316523],[25.400391,54.265224],[25.3125,54.265224],[25.136719,54.162434],[24.873047,54.162434],[24.785156,54.110943],[24.785156,54.059388],[24.873047,54.059388],[24.873047,54.007769],[24.785156,53.956086],[24.697266,53.956086],[24.697266,54.007769],[24.609375,54.007769],[24.433594,53.904338],[24.257812,53.904338],[24.257812,53.956086],[23.818359,53.956086],[23.730469,53.904338],[23.642578,53.956086],[23.466797,53.956086],[23.554688,54.059388],[23.466797,54.110943],[23.466797,54.162434],[23.378906,54.265224],[23.203125,54.265224],[23.027344,54.367759],[22.851562,54.41893],[22.763672,54.41893],[22.675781,54.470038],[22.675781,54.521081],[22.763672,54.72462],[22.763672,54.775346],[22.851562,54.775346],[22.851562,54.876607],[22.763672,54.977614],[22.675781,54.977614],[22.5,55.078367],[22.148438,55.078367],[22.148438,55.028022],[22.060547,55.028022],[21.972656,55.078367],[21.796875,55.078367],[21.796875,55.128649],[21.708984,55.128649],[21.708984,55.178868],[21.533203,55.178868],[21.445312,55.279115],[21.269531,55.279115],[21.269531,55.478853],[21.181641,55.578345]]],[[[25.576172,54.316523],[25.751953,54.316523],[25.839844,54.265224],[25.751953,54.162434],[25.488281,54.162434],[25.576172,54.213861],[25.576172,54.265224],[25.576172,54.316523]]]]},"properties":{"From":1991,"To":2023,"id":null,"Holder":null,"Name":"Lithuania","Status":"independent","Area":null,"Capital":"Vilnius","capital_geom":"0101000020E610000033A83638115139401630815B77574B40"}},{"type":"Feature","geometry":{"type":"MultiPolygon","coordinates":[[[[25.751953,59.578851],[25.839844,59.578851],[26.015625,59.623325],[26.103516,59.578851],[26.367188,59.578851],[26.455078,59.534318],[26.542969,59.534318],[26.542969,59.578851],[26.630859,59.578851],[26.894531,59.445075],[27.509766,59.445075],[27.597656,59.400365],[27.949219,59.400365],[27.949219,59.445075],[28.037109,59.445075],[28.125,59.445075],[28.212891,59.400365],[28.212891,59.310768],[28.125,59.310768],[28.125,59.265881],[27.949219,59.265881],[27.861328,59.220934],[27.861328,59.175928],[27.773438,59.085739],[27.773438,59.040555],[27.509766,58.904646],[27.509766,58.859224],[27.421875,58.859224],[27.421875,58.676938],[27.509766,58.585436],[27.509766,58.309489],[27.421875,58.309489],[27.597656,58.12432],[27.597656,58.077876],[27.685547,58.077876],[27.685547,57.938183],[27.773438,57.891497],[27.861328,57.891497],[27.861328,57.844751],[27.685547,57.844751],[27.597656,57.797944],[27.509766,57.797944],[27.421875,57.657158],[27.333984,57.562995],[27.070312,57.562995],[27.070312,57.610107],[26.982422,57.610107],[26.894531,57.610107],[26.71875,57.610107],[26.71875,57.562995],[26.630859,57.562995],[26.630859,57.515823],[26.542969,57.515823],[26.455078,57.562995],[26.367188,57.562995],[26.367188,57.610107],[26.279297,57.610107],[26.103516,57.797944],[26.015625,57.797944],[25.927734,57.844751],[25.839844,57.844751],[25.664062,57.891497],[25.400391,58.031372],[25.400391,58.077876],[25.224609,58.077876],[25.136719,58.077876],[25.048828,58.077876],[25.048828,58.031372],[24.873047,58.031372],[24.697266,57.938183],[24.521484,57.938183],[24.345703,57.844751],[24.345703,57.938183],[24.433594,57.984808],[24.433594,58.077876],[24.521484,58.12432],[24.521484,58.170702],[24.433594,58.170702],[24.433594,58.217025],[24.521484,58.263287],[24.521484,58.35563],[24.433594,58.401712],[24.345703,58.401712],[24.257812,58.35563],[24.257812,58.263287],[24.082031,58.217025],[24.082031,58.263287],[23.994141,58.309489],[23.90625,58.309489],[23.730469,58.401712],[23.642578,58.401712],[23.642578,58.539595],[23.554688,58.539595],[23.466797,58.585436],[23.466797,58.722599],[23.730469,58.722599],[23.818359,58.7682],[23.818359,58.813742],[23.642578,58.7682],[23.466797,58.813742],[23.378906,58.904646],[23.466797,58.904646],[23.466797,58.950008],[23.554688,58.950008],[23.554688,58.995311],[23.466797,58.995311],[23.378906,58.995311],[23.466797,59.040555],[23.466797,59.220934],[23.730469,59.220934],[23.730469,59.265881],[23.994141,59.265881],[23.994141,59.355596],[24.082031,59.400365],[24.169922,59.355596],[24.345703,59.400365],[24.345703,59.489726],[24.433594,59.489726],[24.521484,59.445075],[24.697266,59.445075],[24.785156,59.534318],[24.960938,59.489726],[25.048828,59.534318],[25.224609,59.534318],[25.3125,59.489726],[25.400391,59.489726],[25.488281,59.578851],[25.488281,59.667741],[25.576172,59.578851],[25.751953,59.578851]]],[[[21.884766,58.493694],[21.884766,58.539595],[22.060547,58.539595],[22.148438,58.493694],[22.324219,58.585436],[22.763672,58.585436],[22.851562,58.631217],[22.939453,58.631217],[22.939453,58.585436],[23.027344,58.585436],[23.203125,58.539595],[23.291016,58.493694],[23.291016,58.401712],[23.203125,58.447733],[23.115234,58.447733],[23.115234,58.401712],[23.027344,58.401712],[23.027344,58.35563],[22.763672,58.217025],[22.412109,58.217025],[22.236328,58.170702],[22.148438,58.170702],[22.060547,58.170702],[21.884766,58.263287],[21.884766,58.309489],[21.884766,58.35563],[21.972656,58.35563],[21.972656,58.401712],[21.884766,58.447733],[21.884766,58.493694]]],[[[22.675781,59.040555],[22.763672,58.995311],[22.939453,58.995311],[22.939453,58.950008],[23.027344,58.859224],[22.851562,58.859224],[22.851562,58.7682],[22.675781,58.7682],[22.675781,58.722599],[22.587891,58.722599],[22.587891,58.676938],[22.5,58.676938],[22.5,58.7682],[22.412109,58.859224],[22.324219,58.904646],[22.236328,58.859224],[22.148438,58.904646],[22.060547,58.904646],[22.060547,58.950008],[22.412109,58.950008],[22.5,58.995311],[22.5,59.040555],[22.675781,59.040555]]],[[[22.236328,58.12432],[22.236328,57.984808],[22.148438,57.938183],[21.972656,57.938183],[22.060547,58.077876],[22.148438,58.077876],[22.236328,58.12432]]],[[[23.291016,58.676938],[23.291016,58.631217],[23.378906,58.631217],[23.378906,58.539595],[23.203125,58.539595],[23.115234,58.585436],[23.027344,58.585436],[23.027344,58.631217],[23.115234,58.676938],[23.291016,58.676938]]],[[[23.378906,59.040555],[23.378906,58.995311],[23.291016,58.950008],[23.203125,58.950008],[23.115234,58.995311],[23.115234,59.040555],[23.378906,59.040555]]],[[[25.751953,59.623325],[25.664062,59.623325],[25.664062,59.667741],[25.751953,59.667741],[25.751953,59.623325]]]]},"properties":{"From":1991,"To":2023,"id":null,"Holder":null,"Name":"Estonia","Status":"independent","Area":null,"Capital":"Tallinn","capital_geom":"0101000020E61000009886E12362BA3840DD0720B589B74D40"}},{"type":"Feature","geometry":{"type":"MultiPolygon","coordinates":[[[[5.361328,61.100789],[5.449219,61.058285],[5.361328,61.058285],[5.361328,61.100789]]],[[[17.578125,69.09994],[17.490234,69.037142],[17.402344,69.005675],[17.402344,69.068563],[17.578125,69.09994]]],[[[19.072266,69.809309],[19.072266,69.778952],[19.072266,69.748551],[18.984375,69.748551],[18.896484,69.687618],[18.808594,69.687618],[18.808594,69.565226],[18.544922,69.565226],[18.457031,69.534518],[18.369141,69.534518],[18.193359,69.534518],[18.017578,69.565226],[18.017578,69.62651],[18.28125,69.62651],[18.193359,69.687618],[18.632812,69.687618],[18.720703,69.687618],[18.720703,69.809309],[18.632812,69.869892],[18.808594,69.869892],[18.720703,69.9303],[18.808594,69.990535],[18.720703,69.990535],[18.632812,70.050596],[18.720703,70.110485],[18.896484,70.110485],[18.984375,70.080562],[18.984375,70.050596],[18.808594,70.050596],[18.808594,70.020587],[18.896484,70.020587],[19.072266,70.020587],[19.160156,70.050596],[19.160156,70.080562],[19.160156,70.110485],[19.072266,70.170201],[19.160156,70.229744],[19.160156,70.259452],[19.248047,70.259452],[19.248047,70.110485],[19.335938,70.050596],[19.335938,69.990535],[19.423828,69.990535],[19.423828,70.050596],[19.599609,70.050596],[19.6875,70.020587],[19.6875,69.990535],[19.775391,69.990535],[19.863281,69.990535],[19.863281,69.960439],[19.775391,69.869892],[19.599609,69.869892],[19.511719,69.869892],[19.423828,69.839622],[19.423828,69.809309],[19.160156,69.809309],[19.072266,69.809309]],[[19.072266,69.809309],[19.072266,69.839622],[18.984375,69.869892],[18.896484,69.869892],[19.072266,69.809309]]],[[[17.578125,69.534518],[17.490234,69.534518],[17.490234,69.59589],[17.578125,69.565226],[17.578125,69.534518]]],[[[22.587891,70.670881],[22.587891,70.641769],[22.851562,70.641769],[22.763672,70.699951],[22.763672,70.757966],[22.939453,70.699951],[22.939453,70.670881],[23.027344,70.670881],[23.203125,70.78691],[23.378906,70.78691],[23.291016,70.815812],[23.291016,70.873491],[23.378906,70.873491],[23.466797,70.815812],[23.466797,70.78691],[23.378906,70.728979],[23.203125,70.670881],[23.115234,70.583418],[22.763672,70.524897],[22.763672,70.554179],[22.675781,70.554179],[22.5,70.495574],[22.236328,70.495574],[22.148438,70.466207],[22.148438,70.524897],[22.236328,70.554179],[22.236328,70.612614],[22.060547,70.612614],[21.972656,70.641769],[21.972656,70.670881],[22.148438,70.670881],[22.148438,70.641769],[22.236328,70.641769],[22.236328,70.670881],[22.412109,70.670881],[22.412109,70.699951],[22.5,70.728979],[22.587891,70.670881]]],[[[14.853516,68.656555],[14.677734,68.656555],[14.501953,68.624544],[14.501953,68.592487],[14.414062,68.592487],[14.414062,68.752315],[14.501953,68.784144],[14.677734,68.815927],[14.677734,68.784144],[14.853516,68.752315],[14.941406,68.752315],[14.941406,68.847665],[15.117188,68.847665],[15.117188,68.911005],[15.029297,68.911005],[15.029297,69.005675],[15.117188,69.005675],[15.117188,68.974164],[15.205078,68.974164],[15.205078,68.911005],[15.380859,68.847665],[15.380859,68.656555],[15.292969,68.624544],[15.029297,68.592487],[14.853516,68.592487],[14.853516,68.624544],[14.853516,68.656555]],[[15.029297,68.688521],[15.117188,68.688521],[15.117188,68.752315],[15.029297,68.752315],[15.029297,68.688521]]],[[[8.964844,63.66576],[9.140625,63.548552],[9.052734,63.509375],[8.964844,63.509375],[8.964844,63.470145],[8.876953,63.470145],[8.613281,63.470145],[8.525391,63.43086],[8.261719,63.43086],[8.261719,63.509375],[8.349609,63.509375],[8.349609,63.548552],[8.613281,63.548552],[8.613281,63.587675],[8.964844,63.66576]]],[[[13.359375,68.138852],[13.447266,68.138852],[13.447266,68.106102],[13.447266,68.073305],[13.535156,68.073305],[13.535156,68.040461],[13.447266,68.040461],[13.359375,68.007571],[13.271484,67.974634],[13.183594,67.974634],[13.007812,67.875541],[12.832031,67.809245],[12.919922,67.974634],[12.919922,68.007571],[13.095703,68.106102],[13.183594,68.073305],[13.271484,68.138852],[13.359375,68.138852]]],[[[5.361328,59.977005],[5.537109,60.06484],[5.625,60.06484],[5.625,59.933],[5.537109,59.888937],[5.449219,59.933],[5.449219,59.844815],[5.537109,59.844815],[5.537109,59.800634],[5.449219,59.800634],[5.449219,59.756395],[5.361328,59.756395],[5.361328,59.712097],[5.273438,59.712097],[5.273438,59.756395],[5.185547,59.756395],[5.185547,59.578851],[5.097656,59.623325],[5.097656,59.888937],[5.273438,59.800634],[5.273438,59.977005],[5.361328,59.977005]]],[[[20.742188,69.900118],[20.742188,69.809309],[20.566406,69.809309],[20.566406,69.900118],[20.742188,69.900118]]],[[[20.917969,70.050596],[20.917969,69.990535],[21.09375,69.990535],[21.005859,69.9303],[20.917969,69.9303],[20.830078,69.9303],[20.742188,69.990535],[20.742188,70.020587],[20.742188,70.050596],[20.830078,70.050596],[20.917969,70.050596]]],[[[23.818359,70.728979],[23.994141,70.699951],[24.082031,70.670881],[24.082031,70.583418],[23.90625,70.524897],[23.730469,70.524897],[23.730469,70.554179],[23.642578,70.699951],[23.730469,70.728979],[23.818359,70.728979]]],[[[14.0625,68.236823],[14.150391,68.236823],[14.0625,68.171555],[13.886719,68.171555],[13.798828,68.138852],[13.798828,68.106102],[13.710938,68.073305],[13.535156,68.073305],[13.447266,68.106102],[13.535156,68.106102],[13.535156,68.269387],[13.886719,68.269387],[13.886719,68.236823],[14.0625,68.236823]]],[[[20.566406,70.050596],[20.478516,70.050596],[20.390625,70.080562],[20.390625,70.170201],[20.566406,70.229744],[20.830078,70.229744],[20.830078,70.199994],[20.742188,70.050596],[20.566406,70.050596]]],[[[19.599609,70.229744],[19.6875,70.289117],[19.775391,70.199994],[20.039062,70.110485],[20.126953,70.110485],[20.039062,70.050596],[19.775391,70.050596],[19.775391,70.110485],[19.6875,70.170201],[19.6875,70.199994],[19.599609,70.229744]]],[[[17.402344,68.911005],[17.402344,68.847665],[17.314453,68.784144],[17.226562,68.784144],[17.050781,68.911005],[17.402344,68.911005]]],[[[8.085938,63.470145],[8.173828,63.391522],[8.173828,63.352129],[8.085938,63.312683],[7.998047,63.312683],[7.998047,63.352129],[7.822266,63.352129],[7.822266,63.391522],[7.998047,63.470145],[8.085938,63.470145]]],[[[16.347656,69.005675],[16.523438,68.974164],[16.611328,68.942607],[16.611328,68.879358],[16.523438,68.879358],[16.435547,68.911005],[16.347656,68.911005],[16.259766,68.974164],[16.259766,69.005675],[16.347656,69.005675]]],[[[10.898438,64.923542],[10.898438,64.886265],[11.162109,64.923542],[11.25,64.886265],[11.25,64.848937],[10.810547,64.848937],[10.722656,64.848937],[10.722656,64.886265],[10.810547,64.923542],[10.898438,64.923542]]],[[[24.082031,70.931004],[23.90625,70.959697],[23.90625,71.01696],[24.082031,71.01696],[24.257812,70.988349],[24.257812,70.959697],[24.169922,70.931004],[24.082031,70.931004]]],[[[8.789062,63.821288],[8.789062,63.66576],[8.261719,63.66576],[8.349609,63.704722],[8.525391,63.704722],[8.701172,63.743631],[8.701172,63.782486],[8.789062,63.821288]]],[[[14.941406,67.908619],[14.941406,67.974634],[15.117188,67.974634],[15.292969,67.908619],[15.029297,67.908619],[15.117188,67.875541],[15.029297,67.875541],[14.941406,67.908619]]],[[[11.865234,65.58572],[11.777344,65.58572],[11.777344,65.694476],[12.041016,65.694476],[11.953125,65.622023],[11.865234,65.622023],[11.865234,65.58572]]],[[[24.873047,71.102543],[24.873047,71.074056],[24.785156,71.01696],[24.697266,71.01696],[24.697266,71.045529],[24.609375,71.074056],[24.697266,71.102543],[24.873047,71.102543]]],[[[8.173828,63.233627],[8.173828,63.154355],[7.998047,63.154355],[7.910156,63.194018],[7.998047,63.233627],[8.173828,63.233627]]],[[[14.150391,68.334376],[14.238281,68.301905],[14.238281,68.236823],[14.150391,68.236823],[14.0625,68.269387],[14.0625,68.301905],[14.0625,68.334376],[14.150391,68.334376]]],[[[4.833984,61.100789],[4.746094,61.143235],[4.833984,61.185625],[4.921875,61.185625],[5.009766,61.143235],[5.009766,61.100789],[4.833984,61.100789]]],[[[16.875,68.752315],[16.962891,68.847665],[17.138672,68.752315],[16.962891,68.752315],[16.875,68.752315]]],[[[18.369141,69.778952],[18.457031,69.748551],[18.632812,69.748551],[18.632812,69.718107],[18.544922,69.718107],[18.369141,69.718107],[18.28125,69.778952],[18.369141,69.778952]]],[[[6.328125,62.431074],[6.328125,62.390369],[6.064453,62.390369],[5.976562,62.431074],[6.328125,62.431074]]],[[[19.423828,70.170201],[19.599609,70.110485],[19.335938,70.110485],[19.335938,70.140364],[19.423828,70.170201]]],[[[5.097656,60.586967],[5.185547,60.586967],[5.097656,60.543775],[5.009766,60.500525],[5.009766,60.543775],[4.921875,60.586967],[5.097656,60.586967]]],[[[5.097656,60.630102],[4.921875,60.673179],[4.921875,60.716198],[5.009766,60.716198],[5.097656,60.673179],[5.097656,60.630102]]],[[[26.103516,70.988349],[26.103516,71.045529],[26.191406,71.045529],[26.191406,70.988349],[26.103516,70.988349]]],[[[10.986328,64.960766],[10.986328,64.997939],[11.162109,64.997939],[10.986328,64.960766]]],[[[17.138672,69.037142],[17.138672,69.005675],[17.050781,69.005675],[17.050781,69.037142],[17.138672,69.037142]]],[[[28.037109,70.466207],[27.949219,70.495574],[28.037109,70.495574],[28.125,70.495574],[28.037109,70.466207]]],[[[5.185547,60.630102],[5.097656,60.586967],[5.097656,60.630102],[5.185547,60.630102]]],[[[5.888672,62.267923],[5.888672,62.226996],[5.800781,62.267923],[5.888672,62.267923]]],[[[15.556641,67.709445],[15.556641,67.742759],[15.644531,67.742759],[15.556641,67.709445]]],[[[19.160156,69.809309],[19.160156,69.778952],[19.072266,69.778952],[19.160156,69.809309]]],[[[11.337891,64.774125],[11.425781,64.736641],[11.337891,64.736641],[11.337891,64.774125]]],[[[12.392578,65.256706],[12.65625,65.256706],[12.65625,65.219894],[12.65625,65.18303],[12.480469,65.146115],[12.392578,65.146115],[12.392578,65.256706]]],[[[12.392578,65.256706],[12.304688,65.256706],[12.304688,65.293468],[12.216797,65.293468],[12.216797,65.256706],[12.128906,65.256706],[12.128906,65.293468],[12.216797,65.403445],[12.216797,65.58572],[12.304688,65.58572],[12.392578,65.512963],[12.392578,65.622023],[12.480469,65.694476],[12.480469,65.730626],[12.568359,65.730626],[12.568359,65.838776],[12.568359,65.874725],[12.480469,65.874725],[12.480469,65.910623],[12.392578,65.910623],[12.480469,65.98227],[12.568359,65.98227],[12.568359,66.018018],[12.919922,66.018018],[12.919922,66.053716],[12.65625,66.053716],[12.568359,66.053716],[12.392578,66.053716],[12.392578,66.018018],[12.304688,66.018018],[12.304688,66.089364],[12.480469,66.124962],[12.480469,66.196009],[12.568359,66.196009],[12.65625,66.089364],[12.832031,66.124962],[13.095703,66.124962],[13.183594,66.160511],[13.183594,66.196009],[13.007812,66.196009],[13.183594,66.266856],[13.271484,66.302205],[13.183594,66.302205],[13.007812,66.337505],[13.007812,66.372755],[13.095703,66.372755],[13.183594,66.407955],[13.183594,66.443107],[13.095703,66.51326],[13.095703,66.548263],[13.183594,66.548263],[13.183594,66.652977],[13.535156,66.652977],[13.359375,66.687784],[13.271484,66.687784],[13.183594,66.722541],[13.359375,66.722541],[13.535156,66.687784],[13.623047,66.722541],[13.535156,66.722541],[13.535156,66.75725],[13.623047,66.75725],[13.623047,66.791909],[13.798828,66.791909],[13.535156,66.895596],[13.535156,66.93006],[13.974609,66.93006],[14.150391,66.964476],[14.238281,66.964476],[14.238281,66.998844],[14.150391,66.998844],[14.150391,67.033163],[14.0625,67.067433],[13.974609,67.067433],[14.0625,67.135829],[14.238281,67.135829],[14.238281,67.067433],[14.326172,67.135829],[14.326172,67.169955],[14.589844,67.169955],[14.589844,67.204032],[14.501953,67.238062],[14.326172,67.238062],[14.589844,67.339861],[14.589844,67.407487],[14.941406,67.407487],[14.853516,67.441229],[14.765625,67.508568],[14.853516,67.508568],[14.941406,67.575717],[15.117188,67.575717],[15.117188,67.542167],[15.117188,67.508568],[15.205078,67.508568],[15.205078,67.609221],[15.292969,67.709445],[15.380859,67.709445],[15.46875,67.709445],[15.46875,67.676085],[15.556641,67.676085],[15.556641,67.709445],[15.732422,67.676085],[15.820312,67.676085],[15.820312,67.709445],[15.644531,67.742759],[15.644531,67.776025],[15.556641,67.776025],[15.380859,67.809245],[15.205078,67.709445],[15.117188,67.676085],[15.029297,67.676085],[14.941406,67.642676],[14.765625,67.642676],[14.765625,67.709445],[14.941406,67.709445],[15.029297,67.742759],[15.029297,67.776025],[14.765625,67.776025],[14.765625,67.809245],[14.853516,67.842416],[14.853516,67.875541],[14.941406,67.875541],[15.029297,67.842416],[15.117188,67.842416],[15.117188,67.875541],[15.205078,67.875541],[15.380859,67.875541],[15.732422,67.94165],[15.820312,67.94165],[15.908203,67.94165],[15.908203,67.974634],[15.46875,67.974634],[15.380859,67.974634],[15.292969,68.007571],[15.292969,68.040461],[15.46875,68.106102],[15.644531,68.106102],[15.644531,68.138852],[15.732422,68.138852],[15.732422,68.073305],[15.820312,68.106102],[15.908203,68.106102],[15.908203,68.171555],[15.996094,68.236823],[16.083984,68.171555],[16.083984,68.073305],[16.171875,68.007571],[16.347656,68.007571],[16.347656,68.040461],[16.347656,68.073305],[16.259766,68.106102],[16.435547,68.171555],[16.523438,68.204212],[16.435547,68.204212],[16.259766,68.204212],[16.259766,68.236823],[16.083984,68.269387],[16.171875,68.334376],[16.259766,68.334376],[16.259766,68.366801],[16.347656,68.366801],[16.435547,68.39918],[16.171875,68.39918],[16.083984,68.39918],[15.996094,68.366801],[15.908203,68.366801],[15.820312,68.39918],[15.732422,68.334376],[15.556641,68.301905],[15.556641,68.334376],[15.292969,68.334376],[15.205078,68.334376],[15.117188,68.269387],[15.029297,68.236823],[14.941406,68.269387],[15.029297,68.301905],[15.029297,68.366801],[14.853516,68.269387],[14.765625,68.269387],[14.501953,68.204212],[14.414062,68.171555],[14.238281,68.171555],[14.238281,68.204212],[14.238281,68.236823],[14.326172,68.301905],[14.414062,68.301905],[14.501953,68.301905],[14.501953,68.334376],[14.501953,68.366801],[14.501953,68.39918],[14.589844,68.431513],[14.765625,68.431513],[14.765625,68.366801],[14.853516,68.366801],[14.853516,68.39918],[14.941406,68.431513],[15.117188,68.431513],[15.205078,68.49604],[15.380859,68.49604],[15.292969,68.528235],[15.205078,68.528235],[15.205078,68.560384],[15.380859,68.592487],[15.46875,68.656555],[15.46875,68.752315],[15.46875,68.784144],[15.556641,68.911005],[15.46875,68.879358],[15.380859,68.911005],[15.380859,68.974164],[15.556641,69.09994],[15.644531,69.131271],[15.820312,69.131271],[15.820312,69.224997],[16.083984,69.31832],[16.171875,69.287257],[16.083984,69.162558],[16.083984,69.131271],[15.996094,69.131271],[15.996094,69.09994],[15.908203,69.09994],[15.908203,69.037142],[15.820312,69.005675],[15.732422,69.005675],[15.644531,68.974164],[15.908203,68.974164],[15.908203,68.784144],[15.996094,68.784144],[15.996094,68.688521],[16.083984,68.752315],[16.083984,68.847665],[16.435547,68.847665],[16.523438,68.815927],[16.523438,68.592487],[16.611328,68.624544],[16.787109,68.656555],[16.875,68.688521],[17.138672,68.688521],[17.226562,68.720441],[17.402344,68.720441],[17.314453,68.752315],[17.314453,68.784144],[17.402344,68.784144],[17.578125,68.784144],[17.490234,68.815927],[17.490234,68.847665],[17.666016,68.879358],[17.753906,68.911005],[17.402344,68.911005],[17.666016,69.09994],[17.666016,69.131271],[18.105469,69.131271],[18.105469,69.162558],[18.017578,69.1938],[18.017578,69.224997],[18.017578,69.287257],[18.105469,69.31832],[18.105469,69.349339],[18.193359,69.380313],[18.193359,69.472969],[18.369141,69.472969],[18.457031,69.442128],[18.457031,69.534518],[18.632812,69.534518],[18.808594,69.565226],[18.896484,69.565226],[18.896484,69.62651],[18.896484,69.687618],[18.984375,69.687618],[19.072266,69.718107],[19.072266,69.748551],[19.160156,69.778952],[19.248047,69.778952],[19.423828,69.809309],[19.6875,69.809309],[19.775391,69.809309],[19.775391,69.778952],[19.6875,69.687618],[19.6875,69.565226],[19.863281,69.718107],[19.951172,69.778952],[20.039062,69.809309],[20.039062,69.839622],[20.126953,69.9303],[20.302734,69.960439],[20.390625,69.9303],[20.390625,69.748551],[20.302734,69.718107],[20.302734,69.472969],[20.390625,69.472969],[20.478516,69.565226],[20.566406,69.534518],[20.742188,69.534518],[20.478516,69.62651],[20.566406,69.748551],[20.654297,69.748551],[20.742188,69.778952],[20.742188,69.809309],[20.830078,69.809309],[20.830078,69.869892],[20.917969,69.869892],[20.917969,69.809309],[21.005859,69.778952],[21.181641,69.869892],[21.181641,69.990535],[21.269531,69.990535],[21.357422,70.020587],[21.445312,70.020587],[21.533203,69.990535],[21.621094,69.9303],[21.621094,69.900118],[21.708984,69.869892],[21.796875,69.869892],[21.884766,69.809309],[21.972656,69.778952],[21.972656,69.748551],[22.060547,69.748551],[22.060547,69.839622],[21.884766,69.9303],[21.796875,70.050596],[21.708984,70.050596],[21.445312,70.110485],[21.445312,70.140364],[21.357422,70.170201],[21.269531,70.170201],[21.181641,70.199994],[21.269531,70.229744],[21.533203,70.289117],[21.621094,70.289117],[21.621094,70.259452],[21.708984,70.259452],[21.708984,70.377854],[21.796875,70.348318],[21.796875,70.289117],[21.972656,70.318738],[22.148438,70.289117],[22.324219,70.289117],[22.236328,70.170201],[22.324219,70.170201],[22.412109,70.259452],[22.5,70.259452],[22.5,70.289117],[22.412109,70.289117],[22.412109,70.348318],[22.5,70.377854],[22.675781,70.407348],[22.675781,70.348318],[22.851562,70.348318],[23.027344,70.289117],[23.027344,70.259452],[22.939453,70.229744],[22.851562,70.229744],[22.763672,70.229744],[22.851562,70.199994],[22.939453,70.199994],[22.939453,70.140364],[22.851562,70.110485],[23.027344,70.080562],[23.027344,70.020587],[23.291016,69.9303],[23.554688,70.020587],[23.378906,70.020587],[23.378906,70.050596],[23.203125,70.050596],[23.203125,70.110485],[23.378906,70.110485],[23.378906,70.140364],[23.291016,70.199994],[23.378906,70.229744],[23.378906,70.289117],[23.115234,70.289117],[22.851562,70.407348],[22.939453,70.466207],[23.203125,70.554179],[23.378906,70.554179],[23.378906,70.612614],[23.554688,70.612614],[23.642578,70.583418],[23.642578,70.436799],[23.818359,70.466207],[23.818359,70.495574],[23.994141,70.495574],[24.257812,70.466207],[24.345703,70.466207],[24.257812,70.524897],[24.169922,70.554179],[24.257812,70.670881],[24.521484,70.670881],[24.609375,70.612614],[24.697266,70.612614],[24.697266,70.670881],[24.433594,70.757966],[24.257812,70.78691],[24.257812,70.844673],[24.433594,70.873491],[24.521484,70.815812],[24.609375,70.78691],[24.609375,70.959697],[24.697266,70.988349],[24.873047,70.931004],[24.960938,70.931004],[24.960938,70.988349],[25.136719,70.931004],[25.224609,70.873491],[25.224609,70.815812],[25.3125,70.815812],[25.400391,70.873491],[25.400391,70.931004],[25.400391,70.959697],[25.400391,70.988349],[25.3125,70.988349],[25.3125,71.074056],[25.400391,71.074056],[25.488281,71.102543],[25.576172,71.102543],[25.751953,71.159391],[25.839844,71.159391],[25.839844,71.102543],[25.927734,71.102543],[26.015625,71.130988],[26.015625,71.074056],[25.927734,71.074056],[25.927734,70.988349],[26.103516,70.988349],[25.927734,70.959697],[25.751953,70.959697],[25.576172,70.931004],[25.576172,70.902268],[25.839844,70.902268],[25.927734,70.873491],[25.839844,70.815812],[25.751953,70.78691],[25.664062,70.78691],[25.664062,70.728979],[25.488281,70.670881],[25.400391,70.612614],[25.136719,70.524897],[25.136719,70.495574],[25.224609,70.466207],[25.224609,70.407348],[25.048828,70.348318],[25.136719,70.318738],[25.136719,70.289117],[25.048828,70.229744],[24.960938,70.229744],[24.960938,70.050596],[25.048828,70.050596],[25.048828,70.110485],[25.048828,70.140364],[25.136719,70.110485],[25.136719,70.080562],[25.224609,70.080562],[25.224609,70.110485],[25.400391,70.199994],[25.488281,70.289117],[25.488281,70.318738],[25.488281,70.348318],[25.488281,70.377854],[25.576172,70.407348],[25.839844,70.524897],[25.927734,70.583418],[26.015625,70.612614],[26.015625,70.641769],[26.279297,70.78691],[26.367188,70.873491],[26.542969,70.931004],[26.71875,70.959697],[26.71875,70.728979],[26.542969,70.670881],[26.630859,70.641769],[26.630859,70.554179],[26.542969,70.495574],[26.542969,70.348318],[26.806641,70.436799],[26.806641,70.466207],[26.982422,70.466207],[26.982422,70.583418],[27.070312,70.612614],[27.158203,70.612614],[27.070312,70.699951],[27.158203,70.728979],[27.246094,70.728979],[27.246094,70.78691],[27.333984,70.815812],[27.421875,70.815812],[27.509766,70.78691],[27.597656,70.78691],[27.509766,70.873491],[27.158203,70.873491],[27.158203,70.959697],[27.246094,71.01696],[27.421875,70.988349],[27.509766,71.074056],[27.685547,71.130988],[27.773438,71.074056],[27.861328,71.045529],[27.949219,71.045529],[28.037109,71.074056],[28.212891,71.074056],[28.300781,71.045529],[28.300781,70.988349],[28.564453,70.988349],[28.564453,70.931004],[28.476562,70.931004],[28.476562,70.873491],[28.388672,70.815812],[28.300781,70.78691],[27.773438,70.78691],[27.861328,70.757966],[27.949219,70.757966],[28.125,70.728979],[28.037109,70.699951],[27.861328,70.670881],[27.685547,70.612614],[27.861328,70.612614],[28.125,70.670881],[28.212891,70.670881],[28.212891,70.699951],[28.300781,70.728979],[28.300781,70.670881],[28.212891,70.612614],[28.125,70.583418],[28.125,70.554179],[28.037109,70.524897],[27.949219,70.524897],[27.949219,70.495574],[27.861328,70.495574],[27.861328,70.436799],[28.037109,70.466207],[28.037109,70.436799],[28.125,70.436799],[28.125,70.466207],[28.125,70.495574],[28.212891,70.466207],[28.212891,70.495574],[28.300781,70.524897],[28.300781,70.466207],[28.476562,70.612614],[28.476562,70.728979],[28.564453,70.728979],[28.740234,70.873491],[29.003906,70.873491],[29.267578,70.844673],[29.355469,70.78691],[29.355469,70.670881],[29.619141,70.699951],[29.619141,70.728979],[29.794922,70.728979],[29.794922,70.670881],[29.707031,70.641769],[29.707031,70.612614],[29.794922,70.612614],[29.882812,70.641769],[29.882812,70.670881],[29.970703,70.699951],[29.970703,70.728979],[30.058594,70.728979],[30.058594,70.699951],[30.234375,70.670881],[30.322266,70.612614],[30.322266,70.583418],[30.322266,70.554179],[30.585938,70.554179],[30.673828,70.495574],[30.849609,70.436799],[30.9375,70.436799],[31.025391,70.407348],[31.113281,70.289117],[30.9375,70.259452],[30.761719,70.259452],[30.498047,70.229744],[30.322266,70.170201],[30.410156,70.140364],[30.322266,70.110485],[30.146484,70.080562],[30.058594,70.050596],[29.794922,70.050596],[29.53125,70.110485],[29.003906,70.110485],[28.828125,70.170201],[28.740234,70.170201],[28.652344,70.110485],[29.179688,70.020587],[29.267578,70.020587],[29.443359,69.990535],[29.619141,69.990535],[29.619141,69.9303],[29.707031,69.9303],[29.707031,69.900118],[29.794922,69.839622],[29.882812,69.900118],[29.970703,69.900118],[29.970703,69.869892],[30.058594,69.809309],[29.882812,69.748551],[30.058594,69.748551],[30.146484,69.687618],[30.146484,69.748551],[30.234375,69.748551],[30.146484,69.809309],[30.146484,69.869892],[30.322266,69.869892],[30.410156,69.809309],[30.410156,69.687618],[30.498047,69.748551],[30.498047,69.809309],[30.849609,69.809309],[30.9375,69.748551],[30.9375,69.565226],[30.849609,69.534518],[30.498047,69.534518],[30.498047,69.565226],[30.322266,69.657086],[30.234375,69.657086],[30.058594,69.657086],[30.058594,69.62651],[30.146484,69.62651],[30.146484,69.565226],[30.058594,69.503765],[30.058594,69.472969],[29.882812,69.442128],[29.619141,69.380313],[29.619141,69.349339],[29.443359,69.349339],[29.267578,69.287257],[29.267578,69.256149],[29.355469,69.224997],[29.267578,69.1938],[29.267578,69.09994],[29.091797,69.037142],[29.003906,69.037142],[29.003906,69.068563],[28.828125,69.068563],[28.828125,69.09994],[28.740234,69.131271],[28.740234,69.162558],[28.828125,69.1938],[28.828125,69.224997],[28.916016,69.287257],[29.003906,69.31832],[29.003906,69.349339],[29.091797,69.349339],[29.091797,69.380313],[29.267578,69.472969],[29.179688,69.62651],[29.091797,69.687618],[29.003906,69.718107],[28.916016,69.718107],[28.916016,69.748551],[28.740234,69.748551],[28.388672,69.809309],[28.388672,69.839622],[28.300781,69.869892],[28.300781,69.900118],[28.212891,69.900118],[28.125,69.9303],[28.037109,69.990535],[27.949219,70.020587],[27.949219,70.080562],[27.597656,70.080562],[27.597656,70.050596],[27.421875,70.020587],[27.333984,69.990535],[27.333984,69.960439],[27.246094,69.9303],[27.158203,69.9303],[27.070312,69.900118],[26.894531,69.9303],[26.806641,69.960439],[26.630859,69.960439],[26.455078,69.9303],[26.455078,69.900118],[26.367188,69.869892],[26.191406,69.748551],[26.103516,69.748551],[26.103516,69.718107],[26.015625,69.718107],[25.927734,69.687618],[25.927734,69.657086],[26.015625,69.62651],[25.927734,69.565226],[25.839844,69.472969],[25.839844,69.349339],[25.751953,69.349339],[25.751953,69.256149],[25.664062,69.1938],[25.751953,69.09994],[25.751953,68.974164],[25.664062,68.942607],[25.664062,68.911005],[25.576172,68.879358],[25.488281,68.879358],[25.488281,68.911005],[25.400391,68.911005],[25.400391,68.879358],[25.136719,68.784144],[25.136719,68.624544],[25.048828,68.624544],[24.960938,68.592487],[24.873047,68.592487],[24.873047,68.624544],[24.785156,68.624544],[24.785156,68.656555],[24.697266,68.688521],[24.433594,68.688521],[24.345703,68.720441],[24.169922,68.752315],[24.082031,68.784144],[24.082031,68.815927],[23.994141,68.847665],[23.818359,68.847665],[23.818359,68.784144],[23.730469,68.752315],[23.730469,68.720441],[23.642578,68.720441],[23.554688,68.688521],[23.378906,68.688521],[23.378906,68.656555],[23.291016,68.624544],[23.115234,68.624544],[23.115234,68.688521],[22.763672,68.688521],[22.587891,68.752315],[22.5,68.720441],[22.412109,68.720441],[22.324219,68.784144],[22.324219,68.847665],[22.236328,68.879358],[22.236328,68.942607],[22.060547,69.068563],[21.972656,69.068563],[21.708984,69.287257],[21.357422,69.31832],[21.005859,69.224997],[21.005859,69.162558],[21.09375,69.131271],[21.09375,69.037142],[21.005859,69.037142],[20.917969,69.068563],[20.830078,69.068563],[20.742188,69.09994],[20.654297,69.068563],[20.566406,69.068563],[20.126953,69.037142],[20.302734,68.911005],[20.390625,68.784144],[20.302734,68.752315],[20.214844,68.688521],[20.214844,68.624544],[20.039062,68.592487],[19.951172,68.528235],[20.039062,68.49604],[20.214844,68.49604],[20.214844,68.431513],[20.039062,68.431513],[20.039062,68.366801],[19.951172,68.334376],[19.863281,68.334376],[19.511719,68.39918],[19.423828,68.431513],[18.984375,68.49604],[18.632812,68.49604],[18.369141,68.528235],[18.105469,68.528235],[18.105469,68.49604],[18.017578,68.431513],[18.017578,68.39918],[18.105469,68.334376],[18.105469,68.269387],[18.193359,68.171555],[18.105469,68.171555],[17.929688,68.007571],[17.841797,67.974634],[17.753906,67.974634],[17.666016,68.007571],[17.578125,68.007571],[17.314453,68.106102],[17.138672,68.040461],[16.699219,67.908619],[16.699219,67.842416],[16.611328,67.742759],[16.611328,67.676085],[16.435547,67.542167],[16.347656,67.508568],[16.171875,67.508568],[16.083984,67.407487],[16.083984,67.373698],[16.171875,67.373698],[16.259766,67.339861],[16.259766,67.305976],[16.347656,67.272043],[16.347656,67.238062],[16.435547,67.169955],[16.347656,67.033163],[15.996094,66.895596],[15.732422,66.687784],[15.644531,66.583217],[15.380859,66.478208],[15.380859,66.407955],[15.46875,66.337505],[15.46875,66.266856],[15.029297,66.124962],[14.501953,66.124962],[14.501953,66.018018],[14.589844,65.946472],[14.589844,65.874725],[14.677734,65.802776],[14.589844,65.802776],[14.589844,65.730626],[14.501953,65.694476],[14.501953,65.330178],[14.326172,65.256706],[14.326172,65.109148],[14.238281,65.03506],[14.0625,64.923542],[13.886719,64.774125],[13.798828,64.736641],[13.710938,64.661517],[13.710938,64.586185],[13.798828,64.510643],[13.886719,64.510643],[14.0625,64.472794],[14.150391,64.472794],[14.150391,64.168107],[13.974609,64.014496],[13.271484,64.091408],[13.007812,64.091408],[13.007812,64.052978],[12.919922,64.052978],[12.832031,64.014496],[12.65625,63.975961],[12.65625,63.937372],[12.568359,63.898731],[12.480469,63.821288],[12.128906,63.587675],[12.216797,63.509375],[12.216797,63.470145],[12.041016,63.391522],[12.041016,63.312683],[11.953125,63.273182],[12.041016,63.194018],[12.128906,63.035039],[12.128906,62.955223],[12.041016,62.915233],[12.041016,62.512318],[12.216797,62.431074],[12.216797,62.349609],[12.304688,62.308794],[12.304688,62.267923],[12.216797,62.144976],[12.216797,61.897578],[12.128906,61.856149],[12.128906,61.731526],[12.392578,61.564574],[12.480469,61.564574],[12.744141,61.438767],[12.832031,61.354614],[12.832031,61.227957],[12.744141,61.185625],[12.65625,61.100789],[12.65625,61.058285],[12.392578,61.058285],[12.304688,61.015725],[12.216797,61.015725],[12.216797,60.973107],[12.304688,60.930432],[12.304688,60.844911],[12.392578,60.802064],[12.392578,60.716198],[12.480469,60.630102],[12.568359,60.500525],[12.568359,60.326948],[12.480469,60.196156],[12.480469,60.06484],[12.128906,59.888937],[11.953125,59.888937],[11.865234,59.844815],[11.865234,59.800634],[11.865234,59.712097],[11.777344,59.623325],[11.689453,59.578851],[11.777344,59.400365],[11.777344,59.085739],[11.601562,58.904646],[11.513672,58.859224],[11.425781,58.859224],[11.425781,58.995311],[11.337891,59.085739],[11.337891,59.130863],[11.162109,59.085739],[11.074219,59.130863],[10.898438,59.175928],[10.722656,59.220934],[10.634766,59.355596],[10.634766,59.445075],[10.722656,59.445075],[10.722656,59.489726],[10.634766,59.534318],[10.634766,59.578851],[10.546875,59.578851],[10.546875,59.534318],[10.458984,59.534318],[10.458984,59.667741],[10.371094,59.667741],[10.371094,59.534318],[10.458984,59.445075],[10.458984,59.400365],[10.546875,59.310768],[10.458984,59.265881],[10.371094,59.265881],[10.283203,59.220934],[10.283203,59.040555],[10.107422,59.040555],[9.931641,58.950008],[9.84375,58.950008],[9.84375,59.040555],[9.755859,59.040555],[9.667969,59.040555],[9.667969,58.995311],[9.580078,58.904646],[9.492188,58.904646],[9.404297,58.859224],[9.316406,58.7682],[9.052734,58.631217],[9.052734,58.585436],[8.964844,58.585436],[8.876953,58.493694],[8.789062,58.447733],[8.701172,58.447733],[8.701172,58.401712],[8.525391,58.263287],[8.4375,58.263287],[8.261719,58.217025],[8.261719,58.12432],[8.173828,58.12432],[8.085938,58.077876],[7.822266,58.077876],[7.646484,58.031372],[7.558594,58.031372],[7.558594,57.984808],[7.470703,57.984808],[7.382812,58.031372],[7.119141,58.031372],[7.03125,57.984808],[6.943359,58.031372],[6.943359,58.077876],[6.767578,58.12432],[6.679688,58.077876],[6.591797,58.077876],[6.591797,58.170702],[6.679688,58.217025],[6.591797,58.263287],[6.328125,58.263287],[6.152344,58.35563],[5.976562,58.401712],[5.976562,58.493694],[5.800781,58.493694],[5.625,58.539595],[5.537109,58.676938],[5.449219,58.7682],[5.537109,58.813742],[5.537109,59.040555],[5.712891,58.995311],[5.712891,58.904646],[5.800781,58.904646],[5.800781,58.950008],[5.976562,58.950008],[5.976562,59.040555],[5.888672,59.040555],[5.888672,59.085739],[5.976562,59.130863],[6.064453,59.220934],[6.152344,59.220934],[6.152344,59.265881],[5.976562,59.355596],[5.888672,59.355596],[5.712891,59.310768],[5.625,59.310768],[5.625,59.400365],[5.537109,59.400365],[5.537109,59.265881],[5.449219,59.265881],[5.273438,59.310768],[5.273438,59.175928],[5.185547,59.175928],[5.097656,59.220934],[5.097656,59.265881],[5.185547,59.400365],[5.185547,59.445075],[5.185547,59.489726],[5.185547,59.578851],[5.273438,59.623325],[5.361328,59.712097],[5.449219,59.712097],[5.537109,59.712097],[5.537109,59.667741],[5.712891,59.667741],[5.800781,59.756395],[5.800781,59.800634],[5.712891,59.844815],[5.712891,59.888937],[5.800781,59.933],[5.888672,59.933],[5.976562,59.977005],[5.976562,60.020952],[6.064453,60.06484],[6.064453,60.196156],[6.152344,60.239811],[5.976562,60.239811],[5.888672,60.152442],[5.888672,60.020952],[5.800781,60.020952],[5.712891,60.020952],[5.625,60.06484],[5.625,60.152442],[5.537109,60.152442],[5.537109,60.239811],[5.361328,60.152442],[5.273438,60.196156],[5.361328,60.239811],[5.185547,60.283408],[5.097656,60.326948],[5.097656,60.196156],[5.009766,60.239811],[4.921875,60.239811],[4.921875,60.413852],[5.009766,60.457218],[5.009766,60.500525],[5.097656,60.500525],[5.185547,60.543775],[5.185547,60.586967],[5.185547,60.630102],[5.097656,60.673179],[5.097656,60.716198],[5.009766,60.716198],[5.097656,60.75916],[5.009766,60.802064],[5.009766,60.844911],[5.009766,61.058285],[5.097656,61.058285],[5.185547,61.058285],[5.273438,61.058285],[5.273438,61.015725],[5.449219,61.015725],[5.449219,61.058285],[5.537109,61.100789],[5.449219,61.100789],[5.361328,61.100789],[5.273438,61.100789],[5.185547,61.143235],[5.009766,61.143235],[5.097656,61.185625],[5.097656,61.227957],[5.009766,61.227957],[4.921875,61.270233],[5.009766,61.312452],[5.009766,61.354614],[4.921875,61.438767],[5.097656,61.438767],[5.185547,61.48076],[5.097656,61.522695],[5.097656,61.564574],[5.185547,61.564574],[5.185547,61.606396],[5.009766,61.606396],[5.009766,61.648162],[4.921875,61.689872],[4.921875,61.731526],[5.009766,61.731526],[5.009766,61.773123],[4.921875,61.773123],[4.833984,61.856149],[4.921875,61.897578],[5.185547,61.856149],[5.273438,61.897578],[5.185547,61.897578],[5.097656,61.93895],[5.097656,61.980267],[5.185547,61.980267],[5.361328,62.021528],[5.185547,62.103883],[5.097656,62.103883],[5.097656,62.186014],[5.185547,62.186014],[5.273438,62.186014],[5.361328,62.103883],[5.449219,62.186014],[5.537109,62.186014],[5.537109,62.267923],[5.712891,62.308794],[5.800781,62.267923],[5.800781,62.226996],[5.800781,62.186014],[5.888672,62.186014],[5.888672,62.226996],[5.976562,62.267923],[5.888672,62.267923],[5.800781,62.349609],[5.800781,62.390369],[5.888672,62.431074],[5.976562,62.431074],[5.976562,62.308794],[6.064453,62.308794],[6.328125,62.390369],[6.328125,62.349609],[6.416016,62.267923],[6.416016,62.390369],[6.503906,62.431074],[6.416016,62.431074],[6.328125,62.431074],[6.240234,62.471724],[6.416016,62.471724],[6.416016,62.512318],[6.328125,62.512318],[6.240234,62.512318],[6.240234,62.593341],[6.328125,62.593341],[6.591797,62.63377],[6.679688,62.63377],[6.767578,62.63377],[6.767578,62.674143],[6.679688,62.674143],[6.679688,62.754726],[6.943359,62.754726],[6.943359,62.794935],[7.03125,62.875188],[6.943359,62.915233],[6.943359,62.955223],[7.03125,62.955223],[7.119141,62.995158],[7.294922,63.035039],[7.294922,62.995158],[7.382812,62.955223],[7.382812,63.074866],[7.558594,63.114638],[7.646484,63.074866],[7.734375,63.074866],[7.822266,63.114638],[7.910156,63.074866],[7.822266,63.035039],[7.734375,63.035039],[7.734375,62.995158],[7.734375,62.955223],[7.734375,62.915233],[7.822266,62.955223],[7.910156,62.955223],[7.998047,62.955223],[7.910156,62.995158],[7.998047,63.074866],[7.998047,63.114638],[8.085938,63.114638],[8.173828,63.114638],[8.173828,63.154355],[8.261719,63.154355],[8.349609,63.154355],[8.261719,63.233627],[8.261719,63.273182],[8.4375,63.273182],[8.4375,63.312683],[8.4375,63.391522],[8.613281,63.391522],[8.701172,63.43086],[8.964844,63.43086],[9.052734,63.43086],[9.140625,63.43086],[9.140625,63.470145],[9.228516,63.548552],[9.492188,63.548552],[9.492188,63.587675],[9.580078,63.587675],[9.667969,63.626745],[9.755859,63.626745],[9.84375,63.66576],[9.931641,63.704722],[10.019531,63.704722],[10.019531,63.743631],[9.931641,63.743631],[9.580078,63.66576],[9.580078,63.782486],[9.667969,63.782486],[9.667969,63.821288],[9.84375,63.860036],[9.84375,63.898731],[10.107422,63.937372],[10.195312,63.937372],[10.195312,63.975961],[10.019531,63.975961],[10.019531,64.052978],[10.195312,64.168107],[10.283203,64.206377],[10.371094,64.28276],[10.458984,64.320872],[10.458984,64.358931],[10.634766,64.358931],[10.546875,64.396938],[10.458984,64.396938],[10.458984,64.434892],[10.634766,64.434892],[10.722656,64.434892],[10.810547,64.510643],[10.898438,64.472794],[10.898438,64.586185],[11.074219,64.586185],[11.074219,64.623877],[11.25,64.586185],[11.425781,64.510643],[11.513672,64.54844],[11.513672,64.586185],[11.425781,64.586185],[11.425781,64.736641],[11.601562,64.774125],[11.777344,64.774125],[11.865234,64.811557],[11.601562,64.811557],[11.425781,64.774125],[11.337891,64.774125],[11.337891,64.811557],[11.25,64.811557],[11.25,64.848937],[11.337891,64.848937],[11.25,64.886265],[11.425781,64.923542],[11.513672,64.923542],[11.601562,64.960766],[11.689453,64.960766],[11.953125,65.07213],[12.128906,65.18303],[12.216797,65.18303],[12.304688,65.109148],[12.304688,65.07213],[12.392578,65.07213],[12.65625,65.146115],[12.65625,65.18303],[12.919922,65.330178],[12.65625,65.256706],[12.480469,65.293468],[12.392578,65.256706]],[[10.898438,63.704722],[10.810547,63.704722],[10.634766,63.66576],[10.634766,63.626745],[10.546875,63.626745],[10.371094,63.548552],[10.195312,63.548552],[10.195312,63.509375],[9.931641,63.509375],[9.84375,63.626745],[9.755859,63.626745],[9.931641,63.43086],[9.931641,63.391522],[10.019531,63.391522],[10.019531,63.43086],[10.107422,63.43086],[10.283203,63.470145],[10.458984,63.470145],[10.546875,63.43086],[10.898438,63.43086],[10.898438,63.470145],[10.810547,63.470145],[10.722656,63.509375],[10.722656,63.548552],[10.722656,63.587675],[10.722656,63.626745],[10.898438,63.66576],[10.898438,63.704722]],[[16.435547,68.528235],[16.435547,68.39918],[16.523438,68.39918],[16.699219,68.39918],[16.875,68.366801],[16.875,68.334376],[16.962891,68.334376],[17.050781,68.366801],[17.138672,68.366801],[17.226562,68.334376],[17.226562,68.39918],[17.402344,68.39918],[17.402344,68.431513],[17.578125,68.431513],[17.578125,68.528235],[17.490234,68.528235],[17.402344,68.49604],[17.314453,68.49604],[17.314453,68.4638],[17.226562,68.4638],[17.226562,68.431513],[17.050781,68.431513],[17.050781,68.49604],[16.962891,68.49604],[16.875,68.4638],[16.875,68.431513],[16.523438,68.431513],[16.435547,68.528235]],[[15.556641,67.204032],[15.380859,67.238062],[15.205078,67.238062],[15.117188,67.272043],[15.117188,67.305976],[15.029297,67.305976],[14.853516,67.272043],[14.677734,67.204032],[14.941406,67.204032],[15.029297,67.204032],[15.292969,67.169955],[15.380859,67.169955],[15.380859,67.204032],[15.556641,67.204032]],[[6.767578,62.674143],[6.943359,62.63377],[7.119141,62.63377],[7.382812,62.593341],[7.382812,62.63377],[7.470703,62.674143],[7.382812,62.674143],[7.382812,62.714462],[7.382812,62.754726],[7.207031,62.754726],[6.943359,62.714462],[6.943359,62.674143],[6.767578,62.674143]],[[8.173828,63.074866],[8.085938,63.035039],[8.173828,62.955223],[8.349609,62.915233],[8.349609,62.875188],[8.525391,62.835089],[8.525391,62.875188],[8.4375,62.955223],[8.613281,62.955223],[8.701172,62.995158],[8.349609,62.995158],[8.261719,63.035039],[8.173828,63.074866]],[[11.074219,63.821288],[10.898438,63.743631],[10.898438,63.704722],[10.986328,63.704722],[11.162109,63.704722],[11.25,63.743631],[11.25,63.782486],[11.425781,63.782486],[11.425781,63.821288],[11.337891,63.860036],[11.162109,63.860036],[11.162109,63.821288],[11.074219,63.821288]],[[18.457031,69.442128],[18.457031,69.380313],[18.544922,69.349339],[18.544922,69.287257],[18.720703,69.256149],[18.720703,69.287257],[18.808594,69.31832],[18.808594,69.349339],[18.720703,69.349339],[18.457031,69.442128]],[[18.896484,69.565226],[18.896484,69.472969],[19.072266,69.349339],[19.335938,69.349339],[19.335938,69.380313],[19.160156,69.380313],[18.984375,69.472969],[18.984375,69.503765],[18.984375,69.534518],[18.984375,69.565226],[18.896484,69.565226]],[[6.240234,61.100789],[6.240234,61.143235],[5.537109,61.143235],[5.537109,61.100789],[5.625,61.100789],[6.240234,61.100789]],[[10.634766,59.800634],[10.722656,59.800634],[10.722656,59.888937],[10.546875,59.888937],[10.458984,59.844815],[10.458984,59.756395],[10.546875,59.712097],[10.546875,59.800634],[10.634766,59.800634]],[[13.623047,66.231457],[13.974609,66.231457],[14.150391,66.337505],[13.974609,66.302205],[13.710938,66.266856],[13.623047,66.231457]],[[28.212891,70.407348],[28.125,70.377854],[28.125,70.199994],[28.212891,70.170201],[28.212891,70.407348]],[[5.097656,60.75916],[5.185547,60.75916],[5.273438,60.75916],[5.273438,60.716198],[5.361328,60.630102],[5.449219,60.630102],[5.449219,60.673179],[5.361328,60.716198],[5.361328,60.75916],[5.361328,60.802064],[5.097656,60.802064],[5.097656,60.75916]],[[6.591797,61.227957],[6.503906,61.227957],[6.503906,61.143235],[6.591797,61.143235],[6.855469,61.143235],[6.855469,61.185625],[6.767578,61.185625],[6.591797,61.227957]],[[11.425781,64.014496],[11.337891,64.052978],[11.337891,64.129784],[11.25,64.052978],[11.162109,64.014496],[11.162109,63.975961],[11.25,63.975961],[11.425781,63.975961],[11.425781,64.014496]],[[19.423828,69.31832],[19.335938,69.287257],[19.160156,69.287257],[19.160156,69.256149],[19.335938,69.224997],[19.423828,69.224997],[19.423828,69.31832]],[[11.162109,63.975961],[10.986328,63.975961],[10.898438,63.898731],[10.986328,63.898731],[11.074219,63.821288],[11.074219,63.898731],[11.162109,63.975961]],[[11.162109,64.510643],[11.25,64.472794],[11.25,64.358931],[11.337891,64.396938],[11.425781,64.472794],[11.25,64.510643],[11.162109,64.510643]],[[12.392578,65.512963],[12.480469,65.476508],[12.480469,65.440002],[12.480469,65.366837],[12.568359,65.366837],[12.568359,65.403445],[12.65625,65.403445],[12.568359,65.440002],[12.568359,65.476508],[12.568359,65.512963],[12.392578,65.512963]],[[19.6875,69.534518],[19.599609,69.534518],[19.511719,69.411242],[19.6875,69.442128],[19.6875,69.534518]],[[15.556641,67.407487],[15.556641,67.305976],[15.644531,67.272043],[15.732422,67.305976],[15.644531,67.373698],[15.556641,67.407487]],[[15.205078,67.508568],[15.292969,67.474922],[15.46875,67.474922],[15.556641,67.407487],[15.556641,67.508568],[15.205078,67.508568]],[[5.361328,60.543775],[5.273438,60.543775],[5.185547,60.543775],[5.185547,60.500525],[5.185547,60.413852],[5.273438,60.413852],[5.273438,60.500525],[5.361328,60.500525],[5.361328,60.543775]],[[20.214844,69.380313],[20.039062,69.349339],[19.951172,69.349339],[19.951172,69.256149],[20.039062,69.31832],[20.214844,69.349339],[20.214844,69.380313]],[[5.449219,61.93895],[5.625,61.897578],[5.712891,61.897578],[5.888672,61.897578],[5.800781,61.93895],[5.449219,61.93895]],[[30.322266,70.554179],[30.234375,70.554179],[29.970703,70.554179],[30.058594,70.524897],[30.322266,70.524897],[30.322266,70.554179]],[[16.435547,68.528235],[16.611328,68.528235],[16.611328,68.560384],[16.523438,68.560384],[16.347656,68.560384],[16.259766,68.528235],[16.435547,68.528235]],[[6.240234,59.489726],[6.416016,59.534318],[6.416016,59.578851],[6.240234,59.578851],[6.240234,59.534318],[6.240234,59.489726]],[[6.328125,60.370429],[6.240234,60.370429],[6.152344,60.326948],[6.152344,60.239811],[6.240234,60.283408],[6.328125,60.370429]],[[7.294922,61.312452],[7.382812,61.354614],[7.470703,61.438767],[7.382812,61.438767],[7.294922,61.396719],[7.294922,61.312452]],[[5.361328,62.103883],[5.449219,62.062733],[5.449219,61.980267],[5.537109,62.021528],[5.537109,62.103883],[5.361328,62.103883]],[[17.314453,68.269387],[17.314453,68.171555],[17.402344,68.171555],[17.402344,68.269387],[17.314453,68.269387]],[[15.820312,68.624544],[15.732422,68.624544],[15.732422,68.528235],[15.820312,68.528235],[15.820312,68.624544]],[[5.888672,59.445075],[5.800781,59.445075],[5.712891,59.445075],[5.625,59.400365],[5.888672,59.400365],[5.888672,59.445075]],[[6.767578,60.457218],[6.679688,60.457218],[6.503906,60.457218],[6.503906,60.413852],[6.679688,60.413852],[6.767578,60.457218]],[[7.294922,61.143235],[7.119141,61.143235],[7.03125,61.100789],[7.294922,61.100789],[7.294922,61.143235]],[[6.855469,62.431074],[6.855469,62.349609],[6.943359,62.308794],[6.943359,62.431074],[6.855469,62.431074]],[[6.855469,62.431074],[6.767578,62.471724],[6.679688,62.471724],[6.503906,62.431074],[6.679688,62.431074],[6.855469,62.431074]],[[12.919922,65.98227],[12.744141,65.98227],[12.65625,65.946472],[12.919922,65.946472],[12.919922,65.98227]],[[21.796875,70.050596],[22.060547,70.050596],[22.060547,70.110485],[21.972656,70.080562],[21.796875,70.050596]],[[22.587891,70.080562],[22.412109,70.080562],[22.324219,70.050596],[22.587891,70.050596],[22.587891,70.080562]],[[22.324219,70.170201],[22.324219,70.140364],[22.5,70.110485],[22.5,70.140364],[22.412109,70.170201],[22.324219,70.170201]],[[5.361328,60.844911],[5.537109,60.844911],[5.537109,60.8877],[5.361328,60.8877],[5.361328,60.844911]],[[13.623047,66.687784],[13.710938,66.687784],[13.886719,66.722541],[13.623047,66.722541],[13.623047,66.687784]],[[5.976562,58.950008],[5.976562,58.859224],[6.064453,58.859224],[6.064453,58.904646],[6.064453,58.950008],[5.976562,58.950008]],[[5.888672,59.445075],[5.976562,59.445075],[6.152344,59.489726],[5.888672,59.489726],[5.888672,59.445075]],[[5.537109,59.667741],[5.449219,59.578851],[5.449219,59.534318],[5.537109,59.534318],[5.537109,59.667741]],[[6.591797,60.326948],[6.503906,60.239811],[6.503906,60.152442],[6.591797,60.239811],[6.591797,60.326948]],[[5.625,60.457218],[5.449219,60.457218],[5.449219,60.413852],[5.625,60.413852],[5.625,60.457218]],[[5.537109,60.673179],[5.712891,60.673179],[5.712891,60.716198],[5.537109,60.716198],[5.537109,60.673179]],[[5.888672,62.186014],[5.888672,62.103883],[6.064453,62.103883],[5.888672,62.186014]],[[8.085938,62.955223],[8.085938,62.915233],[8.173828,62.835089],[8.173828,62.955223],[8.085938,62.955223]],[[8.4375,63.273182],[8.525391,63.194018],[8.525391,63.154355],[8.613281,63.154355],[8.613281,63.194018],[8.4375,63.273182]],[[13.447266,66.548263],[13.183594,66.548263],[13.183594,66.51326],[13.271484,66.51326],[13.447266,66.548263]],[[15.996094,68.688521],[15.908203,68.688521],[15.820312,68.624544],[15.996094,68.656555],[15.996094,68.688521]],[[19.072266,69.534518],[19.248047,69.534518],[19.248047,69.565226],[19.072266,69.565226],[19.072266,69.534518]],[[25.400391,70.988349],[25.576172,70.988349],[25.576172,71.01696],[25.400391,71.01696],[25.400391,70.988349]],[[5.537109,61.354614],[5.625,61.354614],[5.625,61.396719],[5.449219,61.396719],[5.537109,61.354614]],[[17.490234,68.688521],[17.490234,68.656555],[17.666016,68.656555],[17.578125,68.688521],[17.490234,68.688521]],[[15.644531,68.720441],[15.644531,68.752315],[15.46875,68.752315],[15.556641,68.720441],[15.644531,68.720441]],[[6.591797,61.270233],[6.679688,61.270233],[6.679688,61.396719],[6.591797,61.270233]],[[5.361328,61.48076],[5.537109,61.438767],[5.625,61.48076],[5.361328,61.48076]],[[6.240234,61.856149],[6.328125,61.814664],[6.416016,61.814664],[6.416016,61.856149],[6.240234,61.856149]],[[7.646484,62.714462],[7.822266,62.714462],[7.822266,62.754726],[7.734375,62.754726],[7.646484,62.714462]],[[6.943359,62.144976],[6.943359,62.103883],[6.943359,62.062733],[7.03125,62.062733],[7.03125,62.103883],[6.943359,62.144976]],[[6.416016,62.512318],[6.679688,62.512318],[6.503906,62.552857],[6.416016,62.512318]],[[10.107422,63.352129],[10.195312,63.312683],[10.283203,63.312683],[10.283203,63.352129],[10.107422,63.352129]],[[10.722656,64.434892],[10.722656,64.396938],[10.810547,64.358931],[10.810547,64.434892],[10.722656,64.434892]],[[14.414062,67.067433],[14.501953,67.033163],[14.589844,67.033163],[14.589844,67.067433],[14.414062,67.067433]],[[13.623047,66.196009],[13.535156,66.196009],[13.535156,66.089364],[13.623047,66.196009]],[[13.623047,66.231457],[13.447266,66.266856],[13.359375,66.231457],[13.623047,66.231457]],[[13.359375,66.302205],[13.535156,66.302205],[13.447266,66.337505],[13.359375,66.337505],[13.359375,66.302205]],[[15.380859,67.169955],[15.380859,67.135829],[15.46875,67.067433],[15.46875,67.135829],[15.380859,67.169955]],[[15.556641,67.204032],[15.644531,67.169955],[15.732422,67.169955],[15.732422,67.204032],[15.556641,67.204032]],[[16.611328,68.204212],[16.523438,68.171555],[16.699219,68.138852],[16.611328,68.204212]],[[17.753906,68.911005],[17.753906,68.847665],[17.841797,68.847665],[17.841797,68.879358],[17.753906,68.911005]],[[26.542969,70.670881],[26.367188,70.670881],[26.367188,70.641769],[26.455078,70.641769],[26.542969,70.670881]],[[7.382812,62.955223],[7.470703,62.915233],[7.558594,62.915233],[7.558594,62.955223],[7.382812,62.955223]],[[15.732422,68.007571],[15.644531,68.040461],[15.556641,68.040461],[15.556641,68.007571],[15.732422,68.007571]],[[16.523438,68.204212],[16.611328,68.204212],[16.611328,68.236823],[16.523438,68.269387],[16.523438,68.204212]],[[9.404297,63.391522],[9.228516,63.352129],[9.404297,63.352129],[9.404297,63.391522]],[[9.667969,59.040555],[9.580078,59.130863],[9.580078,59.040555],[9.667969,59.040555]],[[10.371094,59.667741],[10.283203,59.756395],[10.283203,59.667741],[10.371094,59.667741]],[[6.416016,60.413852],[6.328125,60.413852],[6.240234,60.413852],[6.328125,60.370429],[6.416016,60.413852]],[[6.416016,61.100789],[6.328125,61.100789],[6.328125,61.058285],[6.416016,61.058285],[6.416016,61.100789]],[[6.503906,61.856149],[6.591797,61.856149],[6.591797,61.897578],[6.503906,61.897578],[6.503906,61.856149]],[[6.503906,62.226996],[6.503906,62.144976],[6.591797,62.144976],[6.503906,62.226996]],[[12.216797,65.07213],[12.041016,65.07213],[12.128906,65.03506],[12.216797,65.07213]],[[11.074219,64.586185],[11.074219,64.510643],[11.162109,64.510643],[11.074219,64.586185]],[[12.128906,64.960766],[12.128906,64.997939],[12.041016,64.997939],[12.041016,64.960766],[12.128906,64.960766]],[[13.095703,65.910623],[13.183594,65.838776],[13.183594,65.910623],[13.095703,65.910623]],[[13.535156,66.583217],[13.710938,66.583217],[13.623047,66.618122],[13.535156,66.583217]],[[16.523438,68.073305],[16.699219,68.040461],[16.699219,68.073305],[16.523438,68.073305]],[[16.435547,68.007571],[16.435547,67.974634],[16.523438,67.974634],[16.523438,68.007571],[16.435547,68.007571]],[[15.380859,68.39918],[15.46875,68.39918],[15.46875,68.431513],[15.380859,68.431513],[15.380859,68.39918]],[[18.896484,69.31832],[18.896484,69.287257],[18.984375,69.287257],[18.984375,69.31832],[18.896484,69.31832]],[[23.378906,70.229744],[23.554688,70.229744],[23.466797,70.259452],[23.378906,70.229744]],[[22.587891,70.259452],[22.587891,70.229744],[22.675781,70.229744],[22.675781,70.259452],[22.587891,70.259452]],[[15.908203,68.007571],[15.820312,68.040461],[15.732422,68.007571],[15.908203,68.007571]],[[21.708984,70.259452],[21.708984,70.229744],[21.796875,70.229744],[21.796875,70.259452],[21.708984,70.259452]],[[6.679688,61.897578],[6.591797,61.856149],[6.679688,61.856149],[6.679688,61.897578]],[[11.601562,64.586185],[11.513672,64.586185],[11.601562,64.54844],[11.601562,64.586185]],[[12.65625,65.658275],[12.65625,65.622023],[12.744141,65.622023],[12.65625,65.658275]],[[16.171875,68.49604],[16.083984,68.49604],[16.083984,68.4638],[16.171875,68.49604]],[[6.152344,59.800634],[6.064453,59.800634],[6.064453,59.756395],[6.152344,59.800634]],[[6.679688,60.370429],[6.591797,60.370429],[6.591797,60.326948],[6.679688,60.370429]],[[5.537109,60.630102],[5.449219,60.630102],[5.537109,60.586967],[5.537109,60.630102]],[[7.03125,61.100789],[6.943359,61.100789],[7.03125,61.058285],[7.03125,61.100789]],[[6.503906,61.856149],[6.416016,61.856149],[6.503906,61.814664],[6.503906,61.856149]],[[6.943359,62.308794],[6.943359,62.267923],[7.03125,62.267923],[6.943359,62.308794]],[[10.810547,63.548552],[10.898438,63.548552],[10.898438,63.587675],[10.810547,63.548552]],[[12.65625,65.910623],[12.568359,65.910623],[12.568359,65.874725],[12.65625,65.910623]],[[13.007812,65.946472],[13.095703,65.910623],[13.095703,65.946472],[13.007812,65.946472]],[[16.347656,67.875541],[16.435547,67.842416],[16.435547,67.875541],[16.347656,67.875541]],[[16.523438,68.073305],[16.523438,68.106102],[16.435547,68.073305],[16.523438,68.073305]],[[15.644531,68.720441],[15.644531,68.688521],[15.732422,68.688521],[15.644531,68.720441]],[[17.666016,68.784144],[17.753906,68.752315],[17.753906,68.784144],[17.666016,68.784144]],[[20.302734,69.442128],[20.214844,69.411242],[20.302734,69.411242],[20.302734,69.442128]],[[29.794922,69.809309],[29.707031,69.809309],[29.707031,69.778952],[29.794922,69.809309]],[[29.619141,69.9303],[29.53125,69.9303],[29.53125,69.900118],[29.619141,69.9303]],[[27.158203,70.612614],[27.246094,70.583418],[27.246094,70.612614],[27.158203,70.612614]],[[7.998047,62.955223],[8.085938,62.955223],[7.998047,62.995158],[7.998047,62.955223]],[[15.908203,68.007571],[15.908203,67.974634],[15.996094,68.007571],[15.908203,68.007571]],[[25.400391,70.931004],[25.488281,70.931004],[25.488281,70.959697],[25.400391,70.931004]]],[[[12.568359,65.403445],[12.480469,65.440002],[12.568359,65.440002],[12.568359,65.403445]]],[[[17.578125,69.534518],[17.666016,69.534518],[17.666016,69.59589],[17.841797,69.565226],[17.929688,69.534518],[18.105469,69.411242],[18.105469,69.349339],[17.929688,69.349339],[17.929688,69.31832],[17.841797,69.224997],[17.929688,69.1938],[17.929688,69.162558],[17.578125,69.162558],[17.490234,69.1938],[17.138672,69.068563],[16.875,69.068563],[16.787109,69.037142],[16.787109,69.131271],[16.962891,69.131271],[17.138672,69.1938],[16.962891,69.1938],[16.875,69.224997],[17.138672,69.224997],[17.050781,69.256149],[16.875,69.287257],[16.962891,69.31832],[17.138672,69.31832],[17.050781,69.349339],[16.875,69.349339],[16.962891,69.411242],[17.490234,69.411242],[17.490234,69.442128],[17.226562,69.442128],[17.226562,69.472969],[17.402344,69.472969],[17.314453,69.503765],[17.314453,69.534518],[17.490234,69.534518],[17.578125,69.472969],[17.578125,69.534518]]]]},"properties":{"From":1905,"To":2023,"id":null,"Holder":null,"Name":"Norway","Status":"independent","Area":null,"Capital":"Oslo","capital_geom":"0101000020E6100000B728B34126812540D46531B1F9F44D40"}},{"type":"Feature","geometry":{"type":"MultiPolygon","coordinates":[[[[20.126953,60.06484],[20.214844,60.06484],[20.214844,59.977005],[20.126953,60.06484]]],[[[21.445312,60.586967],[21.533203,60.543775],[21.445312,60.543775],[21.445312,60.586967]]],[[[20.039062,60.283408],[19.951172,60.283408],[19.775391,60.370429],[19.863281,60.413852],[20.039062,60.370429],[20.302734,60.283408],[20.214844,60.196156],[20.126953,60.152442],[20.039062,60.152442],[20.039062,60.06484],[19.951172,60.10867],[19.863281,60.10867],[19.863281,60.06484],[19.775391,60.06484],[19.775391,60.10867],[19.6875,60.10867],[19.6875,60.152442],[19.599609,60.152442],[19.599609,60.10867],[19.511719,60.10867],[19.511719,60.239811],[19.599609,60.239811],[19.775391,60.283408],[19.775391,60.196156],[19.863281,60.196156],[19.951172,60.239811],[19.951172,60.196156],[20.039062,60.196156],[20.126953,60.239811],[20.039062,60.283408]]],[[[24.960938,65.03506],[24.697266,64.923542],[24.521484,64.997939],[24.521484,65.03506],[24.609375,65.07213],[24.873047,65.07213],[24.960938,65.03506]]],[[[21.357422,63.273182],[21.445312,63.233627],[21.445312,63.194018],[21.269531,63.154355],[21.09375,63.233627],[21.09375,63.273182],[21.269531,63.233627],[21.357422,63.273182]]],[[[22.851562,63.898731],[22.939453,63.860036],[22.939453,63.821288],[22.851562,63.821288],[22.851562,63.782486],[22.675781,63.782486],[22.675781,63.821288],[22.763672,63.898731],[22.851562,63.898731]]],[[[22.148438,60.283408],[22.148438,60.239811],[22.060547,60.239811],[22.060547,60.283408],[22.148438,60.283408]]],[[[21.884766,60.457218],[21.972656,60.413852],[21.972656,60.326948],[21.884766,60.326948],[21.796875,60.370429],[21.796875,60.457218],[21.884766,60.457218]]],[[[21.884766,60.196156],[21.884766,60.152442],[21.796875,60.10867],[21.708984,60.10867],[21.708984,60.196156],[21.884766,60.196156]]],[[[22.324219,60.283408],[22.324219,60.239811],[22.236328,60.239811],[22.236328,60.283408],[22.324219,60.283408]]],[[[23.291016,59.933],[23.378906,59.888937],[23.203125,59.888937],[23.291016,59.933]]],[[[21.445312,60.586967],[21.357422,60.673179],[21.357422,61.058285],[21.533203,61.227957],[21.533203,61.522695],[21.621094,61.522695],[21.621094,61.606396],[21.533203,61.648162],[21.445312,61.773123],[21.445312,61.897578],[21.357422,61.93895],[21.269531,61.93895],[21.269531,62.103883],[21.357422,62.144976],[21.357422,62.349609],[21.09375,62.471724],[21.09375,62.754726],[21.181641,62.794935],[21.269531,62.875188],[21.357422,62.875188],[21.445312,62.955223],[21.445312,63.035039],[21.533203,63.035039],[21.621094,63.035039],[21.621094,63.074866],[21.533203,63.074866],[21.533203,63.233627],[21.621094,63.194018],[21.708984,63.194018],[21.884766,63.273182],[21.884766,63.194018],[21.972656,63.194018],[22.060547,63.233627],[22.236328,63.233627],[22.324219,63.273182],[22.324219,63.391522],[22.236328,63.391522],[22.236328,63.43086],[22.148438,63.43086],[22.236328,63.509375],[22.324219,63.509375],[22.412109,63.509375],[22.5,63.548552],[22.5,63.626745],[22.587891,63.704722],[22.675781,63.704722],[22.675781,63.66576],[22.763672,63.626745],[22.851562,63.626745],[22.939453,63.704722],[22.939453,63.782486],[22.939453,63.821288],[23.027344,63.860036],[23.115234,63.898731],[23.291016,63.898731],[23.378906,63.937372],[23.378906,64.052978],[23.642578,64.052978],[23.642578,64.129784],[23.730469,64.168107],[23.818359,64.244595],[23.90625,64.244595],[23.90625,64.28276],[23.994141,64.396938],[24.257812,64.510643],[24.345703,64.510643],[24.345703,64.623877],[24.433594,64.661517],[24.521484,64.736641],[24.521484,64.811557],[24.697266,64.848937],[24.785156,64.848937],[24.960938,64.886265],[25.048828,64.923542],[25.136719,64.886265],[25.136719,64.848937],[25.224609,64.848937],[25.224609,64.811557],[25.400391,64.811557],[25.400391,64.886265],[25.3125,64.886265],[25.136719,64.960766],[25.224609,64.997939],[25.3125,64.997939],[25.400391,64.960766],[25.400391,65.109148],[25.3125,65.109148],[25.224609,65.18303],[25.3125,65.256706],[25.3125,65.330178],[25.400391,65.403445],[25.400391,65.476508],[25.224609,65.549367],[25.136719,65.549367],[25.136719,65.58572],[25.048828,65.58572],[24.873047,65.622023],[24.785156,65.658275],[24.697266,65.658275],[24.521484,65.730626],[24.521484,65.802776],[24.433594,65.802776],[24.433594,65.766727],[24.257812,65.766727],[24.169922,65.802776],[24.169922,65.838776],[24.082031,66.018018],[23.994141,66.089364],[23.90625,66.089364],[23.90625,66.160511],[23.818359,66.160511],[23.730469,66.196009],[23.642578,66.266856],[23.642578,66.443107],[23.730469,66.51326],[23.818359,66.548263],[23.90625,66.548263],[23.90625,66.791909],[23.994141,66.791909],[23.90625,66.895596],[23.818359,66.93006],[23.818359,66.964476],[23.642578,67.033163],[23.554688,67.169955],[23.642578,67.238062],[23.642578,67.272043],[23.730469,67.272043],[23.818359,67.305976],[23.730469,67.407487],[23.554688,67.441229],[23.466797,67.441229],[23.466797,67.875541],[23.554688,67.875541],[23.554688,67.908619],[23.642578,67.908619],[23.642578,67.974634],[23.554688,68.007571],[23.378906,68.040461],[23.378906,68.073305],[23.027344,68.301905],[22.675781,68.431513],[22.5,68.431513],[22.412109,68.4638],[22.148438,68.4638],[21.972656,68.528235],[21.972656,68.560384],[21.884766,68.592487],[21.708984,68.592487],[21.708984,68.624544],[21.621094,68.624544],[21.621094,68.656555],[21.533203,68.656555],[21.445312,68.688521],[21.445312,68.720441],[21.09375,68.847665],[21.09375,68.879358],[20.917969,68.879358],[20.917969,69.005675],[20.830078,69.005675],[20.742188,69.037142],[20.654297,69.037142],[20.654297,69.068563],[20.742188,69.09994],[20.830078,69.068563],[20.917969,69.068563],[21.005859,69.037142],[21.09375,69.037142],[21.09375,69.131271],[21.005859,69.162558],[21.005859,69.224997],[21.357422,69.31832],[21.708984,69.287257],[21.972656,69.068563],[22.060547,69.068563],[22.236328,68.942607],[22.236328,68.879358],[22.324219,68.847665],[22.324219,68.784144],[22.412109,68.720441],[22.5,68.720441],[22.587891,68.752315],[22.763672,68.688521],[23.115234,68.688521],[23.115234,68.624544],[23.291016,68.624544],[23.378906,68.656555],[23.378906,68.688521],[23.554688,68.688521],[23.642578,68.720441],[23.730469,68.720441],[23.730469,68.752315],[23.818359,68.784144],[23.818359,68.847665],[23.994141,68.847665],[24.082031,68.815927],[24.082031,68.784144],[24.169922,68.752315],[24.345703,68.720441],[24.433594,68.688521],[24.697266,68.688521],[24.785156,68.656555],[24.785156,68.624544],[24.873047,68.624544],[24.873047,68.592487],[24.960938,68.592487],[25.048828,68.624544],[25.136719,68.624544],[25.136719,68.784144],[25.400391,68.879358],[25.400391,68.911005],[25.488281,68.911005],[25.488281,68.879358],[25.576172,68.879358],[25.664062,68.911005],[25.664062,68.942607],[25.751953,68.974164],[25.751953,69.09994],[25.664062,69.1938],[25.751953,69.256149],[25.751953,69.349339],[25.839844,69.349339],[25.839844,69.472969],[25.927734,69.565226],[26.015625,69.62651],[25.927734,69.657086],[25.927734,69.687618],[26.015625,69.718107],[26.103516,69.718107],[26.103516,69.748551],[26.191406,69.748551],[26.367188,69.869892],[26.455078,69.900118],[26.455078,69.9303],[26.630859,69.960439],[26.806641,69.960439],[26.894531,69.9303],[27.070312,69.900118],[27.158203,69.9303],[27.246094,69.9303],[27.333984,69.960439],[27.333984,69.990535],[27.421875,70.020587],[27.597656,70.050596],[27.597656,70.080562],[27.949219,70.080562],[27.949219,70.020587],[28.037109,69.990535],[28.125,69.9303],[28.212891,69.900118],[28.300781,69.900118],[28.300781,69.869892],[28.388672,69.839622],[28.388672,69.809309],[28.740234,69.748551],[28.916016,69.748551],[28.916016,69.718107],[29.003906,69.718107],[29.091797,69.687618],[29.179688,69.62651],[29.267578,69.472969],[29.091797,69.380313],[29.091797,69.349339],[29.003906,69.349339],[29.003906,69.31832],[28.916016,69.287257],[28.828125,69.224997],[28.828125,69.1938],[28.740234,69.162558],[28.740234,69.131271],[28.828125,69.09994],[28.828125,69.068563],[29.003906,69.068563],[28.828125,69.005675],[28.740234,69.005675],[28.476562,68.911005],[28.476562,68.879358],[28.740234,68.879358],[28.828125,68.847665],[28.828125,68.815927],[28.652344,68.688521],[28.476562,68.592487],[28.476562,68.528235],[28.564453,68.366801],[28.652344,68.236823],[28.828125,68.171555],[29.355469,68.073305],[29.707031,67.809245],[29.882812,67.742759],[30.058594,67.709445],[29.970703,67.575717],[29.970703,67.508568],[29.882812,67.508568],[29.882812,67.474922],[29.707031,67.407487],[29.53125,67.305976],[29.091797,66.964476],[29.091797,66.82652],[29.267578,66.75725],[29.355469,66.687784],[29.355469,66.618122],[29.443359,66.583217],[29.53125,66.478208],[29.53125,66.407955],[29.619141,66.407955],[29.619141,66.337505],[29.794922,66.196009],[29.882812,66.160511],[29.882812,66.124962],[29.970703,66.053716],[30.058594,65.910623],[30.058594,65.802776],[30.146484,65.694476],[30.058594,65.694476],[29.970703,65.694476],[29.794922,65.658275],[29.882812,65.58572],[29.794922,65.549367],[29.794922,65.512963],[29.707031,65.512963],[29.707031,65.293468],[29.619141,65.293468],[29.619141,65.219894],[29.882812,65.219894],[29.882812,65.109148],[29.707031,65.109148],[29.707031,65.07213],[29.619141,65.07213],[29.619141,64.886265],[29.707031,64.886265],[29.707031,64.848937],[29.794922,64.811557],[30.058594,64.811557],[30.146484,64.774125],[30.234375,64.661517],[30.058594,64.586185],[29.970703,64.586185],[29.970703,64.54844],[30.058594,64.510643],[30.058594,64.396938],[30.146484,64.358931],[30.234375,64.358931],[30.410156,64.28276],[30.585938,64.244595],[30.585938,64.014496],[30.498047,64.014496],[30.498047,63.975961],[30.410156,63.937372],[30.234375,63.821288],[30.234375,63.782486],[30.146484,63.782486],[30.058594,63.743631],[30.234375,63.626745],[30.234375,63.587675],[30.322266,63.587675],[30.322266,63.548552],[30.410156,63.548552],[30.498047,63.509375],[30.498047,63.470145],[30.673828,63.43086],[30.761719,63.43086],[31.201172,63.233627],[31.201172,63.194018],[31.376953,63.074866],[31.552734,62.995158],[31.552734,62.875188],[31.464844,62.835089],[31.464844,62.754726],[31.289062,62.63377],[31.289062,62.512318],[30.9375,62.349609],[30.849609,62.267923],[30.761719,62.267923],[30.673828,62.226996],[30.673828,62.144976],[30.322266,61.980267],[30.234375,61.897578],[30.146484,61.856149],[29.794922,61.606396],[29.707031,61.522695],[29.619141,61.522695],[29.53125,61.438767],[29.267578,61.312452],[29.267578,61.270233],[29.179688,61.270233],[29.179688,61.227957],[29.003906,61.143235],[28.828125,61.100789],[28.652344,61.015725],[28.652344,60.973107],[28.476562,60.973107],[28.476562,60.930432],[28.300781,60.844911],[28.300781,60.802064],[28.212891,60.802064],[28.125,60.716198],[27.773438,60.543775],[27.773438,60.500525],[27.333984,60.500525],[27.246094,60.543775],[27.246094,60.586967],[26.982422,60.543775],[26.982422,60.457218],[26.894531,60.500525],[26.806641,60.500525],[26.630859,60.413852],[26.542969,60.413852],[26.542969,60.457218],[26.455078,60.500525],[26.455078,60.413852],[26.103516,60.413852],[26.103516,60.283408],[26.015625,60.283408],[26.015625,60.326948],[25.927734,60.326948],[25.927734,60.239811],[25.839844,60.239811],[25.839844,60.283408],[25.751953,60.239811],[25.751953,60.283408],[25.664062,60.283408],[25.664062,60.370429],[25.576172,60.326948],[25.488281,60.239811],[25.136719,60.239811],[25.224609,60.196156],[25.048828,60.152442],[24.785156,60.152442],[24.609375,60.10867],[24.609375,60.06484],[24.433594,60.020952],[24.345703,60.06484],[24.257812,60.06484],[24.257812,60.020952],[24.082031,60.020952],[23.818359,59.977005],[23.554688,59.977005],[23.642578,59.933],[23.466797,59.933],[23.466797,59.977005],[23.378906,59.933],[23.291016,59.933],[23.115234,59.933],[23.115234,59.888937],[23.203125,59.888937],[23.203125,59.844815],[23.203125,59.800634],[22.939453,59.800634],[22.939453,59.844815],[23.027344,59.888937],[22.851562,59.888937],[22.851562,59.933],[22.763672,59.977005],[23.027344,59.977005],[23.115234,59.977005],[23.203125,59.977005],[23.203125,60.020952],[23.027344,60.020952],[23.027344,60.10867],[22.939453,60.10867],[22.851562,60.10867],[22.763672,60.020952],[22.675781,60.020952],[22.587891,60.020952],[22.5,60.020952],[22.5,60.06484],[22.412109,60.10867],[22.412109,60.196156],[22.5,60.239811],[22.5,60.326948],[22.587891,60.370429],[22.5,60.413852],[22.236328,60.370429],[22.236328,60.413852],[22.148438,60.457218],[22.060547,60.457218],[21.972656,60.500525],[21.796875,60.500525],[21.796875,60.586967],[21.621094,60.543775],[21.533203,60.543775],[21.533203,60.586967],[21.445312,60.586967]],[[22.939453,60.283408],[23.115234,60.326948],[23.027344,60.370429],[22.939453,60.283408]],[[26.542969,60.586967],[26.71875,60.586967],[26.71875,60.630102],[26.630859,60.630102],[26.542969,60.586967]],[[23.466797,60.020952],[23.554688,60.020952],[23.554688,60.06484],[23.466797,60.06484],[23.466797,60.020952]],[[22.5,60.239811],[22.587891,60.196156],[22.675781,60.239811],[22.5,60.239811]]]]},"properties":{"From":1940,"To":2023,"id":null,"Holder":null,"Name":"Finland","Status":"independent","Area":null,"Capital":"Helsinki","capital_geom":"0101000020E610000082E7DEC325EF38402D3E05C078164E40"}},{"type":"Feature","geometry":{"type":"MultiPolygon","coordinates":[[[[14.589844,50.903033],[14.589844,50.847573],[15.029297,50.847573],[15.029297,50.958427],[15.205078,51.013755],[15.292969,50.958427],[15.292969,50.847573],[15.380859,50.847573],[15.380859,50.792047],[15.556641,50.792047],[15.820312,50.736455],[15.996094,50.625073],[16.083984,50.625073],[16.083984,50.680797],[16.347656,50.680797],[16.347656,50.625073],[16.435547,50.625073],[16.435547,50.513427],[16.259766,50.513427],[16.171875,50.457504],[16.347656,50.34546],[16.435547,50.34546],[16.435547,50.289339],[16.523438,50.233152],[16.523438,50.176898],[16.611328,50.120578],[16.787109,50.120578],[16.787109,50.176898],[16.875,50.176898],[16.962891,50.233152],[16.962891,50.34546],[16.875,50.401515],[16.875,50.457504],[16.962891,50.457504],[17.050781,50.401515],[17.138672,50.401515],[17.226562,50.34546],[17.314453,50.34546],[17.402344,50.289339],[17.578125,50.233152],[17.666016,50.289339],[17.666016,50.34546],[17.753906,50.34546],[17.753906,50.176898],[17.578125,50.176898],[17.841797,50.007739],[18.017578,50.007739],[18.017578,50.064192],[18.105469,50.064192],[18.28125,49.95122],[18.457031,49.95122],[18.544922,49.894634],[18.544922,49.837982],[18.632812,49.724479],[18.808594,49.667628],[18.808594,49.553726],[18.896484,49.496675],[18.544922,49.496675],[18.544922,49.439557],[18.369141,49.325122],[18.28125,49.325122],[18.193359,49.267805],[18.193359,49.15297],[18.105469,49.15297],[18.105469,49.037868],[17.929688,48.980217],[17.753906,48.864715],[17.490234,48.864715],[17.402344,48.806863],[17.314453,48.864715],[17.138672,48.864715],[16.962891,48.69096],[16.875,48.748945],[16.699219,48.748945],[16.699219,48.806863],[16.435547,48.806863],[16.435547,48.748945],[16.083984,48.748945],[15.996094,48.806863],[15.820312,48.864715],[15.644531,48.864715],[15.46875,48.980217],[15.117188,48.980217],[15.029297,49.037868],[14.941406,48.980217],[14.941406,48.806863],[14.853516,48.806863],[14.677734,48.69096],[14.677734,48.57479],[14.589844,48.632909],[14.414062,48.632909],[14.414062,48.57479],[14.150391,48.57479],[14.0625,48.632909],[13.974609,48.748945],[13.886719,48.748945],[13.886719,48.806863],[13.798828,48.806863],[13.798828,48.864715],[13.710938,48.864715],[13.623047,48.922499],[13.623047,48.980217],[13.359375,48.980217],[13.359375,49.095452],[13.183594,49.15297],[13.007812,49.267805],[13.007812,49.325122],[12.832031,49.325122],[12.568359,49.496675],[12.568359,49.61071],[12.480469,49.667628],[12.480469,49.837982],[12.568359,49.894634],[12.480469,50.007739],[12.392578,50.007739],[12.216797,50.120578],[12.216797,50.176898],[12.128906,50.289339],[12.128906,50.34546],[12.216797,50.34546],[12.216797,50.289339],[12.304688,50.233152],[12.480469,50.34546],[12.480469,50.401515],[12.65625,50.401515],[12.744141,50.457504],[12.832031,50.457504],[12.919922,50.401515],[13.007812,50.401515],[13.007812,50.457504],[13.095703,50.457504],[13.095703,50.513427],[13.183594,50.513427],[13.183594,50.569283],[13.271484,50.569283],[13.359375,50.625073],[13.535156,50.625073],[13.535156,50.680797],[13.623047,50.680797],[13.623047,50.736455],[13.886719,50.736455],[13.886719,50.792047],[14.0625,50.847573],[14.150391,50.847573],[14.326172,50.903033],[14.326172,50.958427],[14.238281,51.013755],[14.326172,51.069017],[14.414062,51.013755],[14.589844,51.013755],[14.589844,50.903033]]]]},"properties":{"From":1993,"To":2023,"id":null,"Holder":null,"Name":"Czech Republic","Status":"independent","Area":null,"Capital":"Prague","capital_geom":"0101000020E6100000740CC85EEFEE2C404963B48EAA0A4940"}},{"type":"Feature","geometry":{"type":"MultiPolygon","coordinates":[[[[15.117188,46.679594],[15.029297,46.679594],[15.029297,46.619261],[14.853516,46.619261],[14.853516,46.498392],[14.501953,46.377254],[14.501953,46.437857],[14.150391,46.437857],[14.150391,46.498392],[13.710938,46.498392],[13.623047,46.55886],[13.183594,46.55886],[12.832031,46.619261],[12.744141,46.619261],[12.65625,46.679594],[12.392578,46.679594],[12.392578,46.739861],[12.304688,46.860191],[12.216797,46.860191],[12.216797,46.920255],[12.128906,46.920255],[12.128906,47.040182],[12.041016,47.040182],[11.777344,46.980252],[11.689453,46.980252],[11.601562,47.040182],[11.513672,47.040182],[11.162109,46.980252],[11.162109,46.920255],[11.074219,46.920255],[11.074219,46.800059],[10.810547,46.800059],[10.722656,46.860191],[10.458984,46.860191],[10.458984,46.980252],[10.283203,46.980252],[10.283203,46.920255],[10.195312,46.860191],[10.019531,46.860191],[9.931641,46.920255],[9.84375,46.920255],[9.84375,46.980252],[9.84375,47.040182],[9.580078,47.040182],[9.667969,47.100045],[9.667969,47.15984],[9.580078,47.15984],[9.580078,47.338823],[9.667969,47.338823],[9.667969,47.457809],[9.580078,47.457809],[9.580078,47.517201],[9.755859,47.517201],[9.755859,47.576526],[9.84375,47.576526],[9.931641,47.517201],[10.019531,47.517201],[10.283203,47.398349],[10.195312,47.338823],[10.195312,47.279229],[10.283203,47.279229],[10.458984,47.398349],[10.458984,47.576526],[10.546875,47.517201],[10.634766,47.517201],[10.722656,47.576526],[10.898438,47.517201],[10.986328,47.457809],[10.986328,47.398349],[11.337891,47.398349],[11.425781,47.517201],[11.601562,47.517201],[11.689453,47.576526],[11.777344,47.576526],[11.953125,47.635784],[12.568359,47.635784],[12.568359,47.694974],[12.744141,47.694974],[12.832031,47.635784],[12.832031,47.517201],[12.919922,47.457809],[13.007812,47.457809],[13.095703,47.517201],[13.095703,47.694974],[12.919922,47.694974],[12.919922,47.813155],[13.007812,47.872144],[12.832031,47.989922],[12.832031,48.04871],[12.744141,48.107431],[13.007812,48.283193],[13.271484,48.283193],[13.447266,48.400032],[13.447266,48.57479],[13.623047,48.57479],[13.710938,48.516604],[13.798828,48.57479],[13.798828,48.806863],[13.886719,48.806863],[13.886719,48.748945],[13.974609,48.748945],[14.0625,48.632909],[14.150391,48.57479],[14.414062,48.57479],[14.414062,48.632909],[14.589844,48.632909],[14.677734,48.57479],[14.677734,48.69096],[14.853516,48.806863],[14.941406,48.806863],[14.941406,48.980217],[15.029297,49.037868],[15.117188,48.980217],[15.46875,48.980217],[15.644531,48.864715],[15.820312,48.864715],[15.996094,48.806863],[16.083984,48.748945],[16.435547,48.748945],[16.435547,48.806863],[16.699219,48.806863],[16.699219,48.748945],[16.875,48.748945],[16.962891,48.69096],[16.962891,48.516604],[16.875,48.516604],[16.875,48.341646],[16.962891,48.283193],[16.962891,48.166085],[17.050781,48.166085],[17.050781,48.107431],[17.138672,48.04871],[17.138672,47.989922],[17.050781,47.872144],[17.050781,47.694974],[16.699219,47.694974],[16.611328,47.754098],[16.523438,47.754098],[16.435547,47.694974],[16.435547,47.635784],[16.699219,47.635784],[16.699219,47.457809],[16.611328,47.398349],[16.435547,47.398349],[16.435547,47.338823],[16.523438,47.279229],[16.435547,47.219568],[16.435547,47.15984],[16.523438,47.100045],[16.523438,46.980252],[16.347656,46.980252],[16.259766,46.980252],[16.171875,46.860191],[15.996094,46.860191],[15.996094,46.739861],[15.820312,46.739861],[15.556641,46.679594],[15.117188,46.679594]],[[12.128906,47.040182],[12.216797,47.040182],[12.216797,47.100045],[12.128906,47.100045],[12.128906,47.040182]]],[[[15.117188,46.679594],[15.117188,46.619261],[15.029297,46.619261],[15.117188,46.679594]]]]},"properties":{"From":1919,"To":2023,"id":null,"Holder":null,"Name":"Austria","Status":"independent","Area":null,"Capital":"Vienna","capital_geom":"0101000020E610000041649126DE5D30409A99999999194840"}},{"type":"Feature","geometry":{"type":"MultiPolygon","coordinates":[[[[22.060547,47.457809],[22.060547,47.398349],[21.972656,47.398349],[21.972656,47.338823],[21.884766,47.338823],[21.884766,47.279229],[21.796875,47.219568],[21.796875,47.100045],[21.708984,47.100045],[21.621094,47.040182],[21.708984,46.980252],[21.621094,46.860191],[21.533203,46.800059],[21.533203,46.679594],[21.445312,46.679594],[21.269531,46.55886],[21.269531,46.437857],[21.181641,46.377254],[21.181641,46.316584],[21.09375,46.255847],[20.742188,46.255847],[20.742188,46.195042],[20.654297,46.13417],[20.566406,46.13417],[20.566406,46.195042],[20.478516,46.195042],[20.302734,46.13417],[20.126953,46.13417],[19.951172,46.195042],[19.863281,46.13417],[19.775391,46.13417],[19.6875,46.195042],[19.599609,46.195042],[19.248047,45.95115],[19.160156,45.95115],[19.160156,46.012224],[19.072266,46.012224],[18.896484,45.890008],[18.632812,45.890008],[18.632812,45.828799],[18.544922,45.828799],[18.457031,45.767523],[17.841797,45.767523],[17.666016,45.828799],[17.666016,45.890008],[17.578125,45.890008],[17.578125,45.95115],[17.314453,45.95115],[17.226562,46.012224],[17.226562,46.073231],[17.138672,46.13417],[17.138672,46.195042],[17.050781,46.195042],[16.962891,46.255847],[16.875,46.255847],[16.875,46.377254],[16.787109,46.377254],[16.611328,46.498392],[16.523438,46.498392],[16.435547,46.679594],[16.347656,46.679594],[16.347656,46.860191],[16.171875,46.860191],[16.259766,46.980252],[16.347656,46.980252],[16.523438,46.980252],[16.523438,47.100045],[16.435547,47.15984],[16.435547,47.219568],[16.523438,47.279229],[16.435547,47.338823],[16.435547,47.398349],[16.611328,47.398349],[16.699219,47.457809],[16.699219,47.635784],[16.435547,47.635784],[16.435547,47.694974],[16.523438,47.754098],[16.611328,47.754098],[16.699219,47.694974],[17.050781,47.694974],[17.050781,47.872144],[17.138672,47.989922],[17.138672,48.04871],[17.226562,48.04871],[17.226562,47.989922],[17.314453,47.989922],[17.490234,47.872144],[17.753906,47.754098],[18.720703,47.754098],[18.720703,47.813155],[18.896484,47.813155],[18.720703,47.931066],[18.808594,48.04871],[18.984375,48.04871],[19.072266,48.107431],[19.160156,48.04871],[19.511719,48.107431],[19.511719,48.224673],[19.775391,48.224673],[19.951172,48.166085],[20.039062,48.166085],[20.214844,48.283193],[20.390625,48.283193],[20.390625,48.400032],[20.478516,48.458352],[20.478516,48.516604],[20.566406,48.516604],[20.654297,48.57479],[20.917969,48.57479],[20.917969,48.516604],[21.269531,48.516604],[21.445312,48.57479],[21.533203,48.516604],[21.621094,48.516604],[21.621094,48.458352],[21.708984,48.341646],[21.884766,48.341646],[21.972656,48.400032],[22.236328,48.400032],[22.236328,48.341646],[22.412109,48.224673],[22.5,48.224673],[22.587891,48.166085],[22.587891,48.107431],[22.763672,48.107431],[22.851562,48.04871],[22.851562,47.989922],[22.939453,47.931066],[22.675781,47.754098],[22.587891,47.754098],[22.5,47.813155],[22.412109,47.813155],[22.236328,47.694974],[22.236328,47.635784],[22.060547,47.457809]]]]},"properties":{"From":1947,"To":2023,"id":null,"Holder":null,"Name":"Hungary","Status":"independent","Area":null,"Capital":"Budapest","capital_geom":"0101000020E610000093C6681D551533400000000000C04740"}},{"type":"Feature","geometry":{"type":"MultiPolygon","coordinates":[[[[18.457031,54.72462],[18.544922,54.622978],[18.544922,54.41893],[18.632812,54.41893],[18.720703,54.367759],[18.808594,54.367759],[18.896484,54.316523],[18.984375,54.316523],[19.160156,54.316523],[19.248047,54.316523],[19.248047,54.265224],[19.423828,54.265224],[19.423828,54.316523],[19.599609,54.316523],[19.599609,54.367759],[19.6875,54.367759],[19.775391,54.41893],[20.302734,54.41893],[20.390625,54.367759],[20.917969,54.367759],[21.09375,54.316523],[22.675781,54.316523],[22.675781,54.367759],[22.763672,54.367759],[22.851562,54.41893],[23.027344,54.367759],[23.203125,54.265224],[23.378906,54.265224],[23.466797,54.162434],[23.466797,54.110943],[23.554688,54.059388],[23.466797,53.956086],[23.466797,53.904338],[23.554688,53.904338],[23.554688,53.748711],[23.642578,53.696706],[23.642578,53.488046],[23.730469,53.435719],[23.818359,53.330873],[23.818359,53.225768],[23.90625,53.120405],[23.90625,52.696361],[23.730469,52.643063],[23.642578,52.643063],[23.642578,52.589701],[23.554688,52.589701],[23.466797,52.536273],[23.378906,52.536273],[23.378906,52.48278],[23.203125,52.375599],[23.203125,52.214339],[23.378906,52.214339],[23.642578,52.106505],[23.642578,51.944265],[23.554688,51.781436],[23.554688,51.563412],[23.642578,51.508742],[23.642578,51.454007],[23.730469,51.399206],[23.642578,51.344339],[23.642578,51.289406],[23.730469,51.234407],[23.730469,51.179343],[23.818359,51.179343],[23.90625,51.069017],[23.90625,51.013755],[24.169922,50.847573],[23.994141,50.847573],[23.994141,50.736455],[24.082031,50.680797],[24.082031,50.569283],[23.994141,50.401515],[23.730469,50.401515],[23.642578,50.34546],[23.642578,50.233152],[23.466797,50.233152],[23.378906,50.120578],[23.291016,50.120578],[23.115234,50.007739],[23.115234,49.95122],[22.763672,49.667628],[22.763672,49.61071],[22.675781,49.553726],[22.675781,49.496675],[22.763672,49.382373],[22.763672,49.21042],[22.763672,49.15297],[22.851562,49.095452],[22.851562,49.037868],[22.763672,49.037868],[22.587891,49.095452],[22.5,49.095452],[22.324219,49.15297],[22.236328,49.15297],[22.060547,49.21042],[22.060547,49.267805],[21.972656,49.325122],[21.621094,49.439557],[21.09375,49.439557],[21.005859,49.382373],[21.005859,49.325122],[20.830078,49.325122],[20.742188,49.382373],[20.302734,49.382373],[20.214844,49.325122],[20.126953,49.325122],[20.126953,49.21042],[20.039062,49.21042],[19.775391,49.21042],[19.775391,49.267805],[19.863281,49.267805],[19.775391,49.382373],[19.6875,49.382373],[19.599609,49.439557],[19.511719,49.553726],[19.511719,49.61071],[19.423828,49.61071],[19.160156,49.439557],[19.160156,49.382373],[18.984375,49.382373],[18.984375,49.496675],[18.896484,49.496675],[18.808594,49.553726],[18.808594,49.667628],[18.632812,49.724479],[18.544922,49.837982],[18.544922,49.894634],[18.457031,49.95122],[18.28125,49.95122],[18.105469,50.064192],[18.017578,50.064192],[18.017578,50.007739],[17.841797,50.007739],[17.578125,50.176898],[17.753906,50.176898],[17.753906,50.34546],[17.666016,50.34546],[17.666016,50.289339],[17.578125,50.233152],[17.402344,50.289339],[17.314453,50.34546],[17.226562,50.34546],[17.138672,50.401515],[17.050781,50.401515],[16.962891,50.457504],[16.875,50.457504],[16.875,50.401515],[16.962891,50.34546],[16.962891,50.233152],[16.875,50.176898],[16.787109,50.176898],[16.787109,50.120578],[16.611328,50.120578],[16.523438,50.176898],[16.523438,50.233152],[16.435547,50.289339],[16.435547,50.34546],[16.347656,50.34546],[16.171875,50.457504],[16.259766,50.513427],[16.435547,50.513427],[16.435547,50.625073],[16.347656,50.625073],[16.347656,50.680797],[16.083984,50.680797],[16.083984,50.625073],[15.996094,50.625073],[15.820312,50.736455],[15.556641,50.792047],[15.380859,50.792047],[15.380859,50.847573],[15.292969,50.847573],[15.292969,50.958427],[15.205078,51.013755],[15.029297,50.958427],[15.029297,50.847573],[14.853516,50.847573],[14.853516,50.903033],[14.941406,50.958427],[14.941406,51.069017],[15.029297,51.124213],[15.029297,51.344339],[14.941406,51.344339],[14.941406,51.454007],[14.853516,51.508742],[14.765625,51.508742],[14.677734,51.563412],[14.765625,51.618017],[14.765625,51.672555],[14.677734,51.727028],[14.589844,51.835778],[14.677734,51.835778],[14.677734,51.944265],[14.765625,52.05249],[14.677734,52.268157],[14.589844,52.268157],[14.501953,52.375599],[14.501953,52.429222],[14.589844,52.429222],[14.677734,52.48278],[14.677734,52.589701],[14.589844,52.589701],[14.589844,52.643063],[14.501953,52.643063],[14.414062,52.696361],[14.414062,52.749594],[14.326172,52.749594],[14.150391,52.855864],[14.150391,52.961875],[14.238281,52.961875],[14.326172,53.014783],[14.414062,53.120405],[14.414062,53.330873],[14.326172,53.540307],[14.238281,53.696706],[14.414062,53.696706],[14.501953,53.644638],[14.589844,53.696706],[14.589844,53.852527],[14.414062,53.852527],[14.326172,53.800651],[14.238281,53.852527],[14.238281,53.904338],[14.414062,53.904338],[14.414062,53.956086],[14.589844,53.956086],[14.765625,54.007769],[14.765625,54.059388],[14.941406,54.059388],[15.205078,54.110943],[15.292969,54.162434],[15.46875,54.162434],[15.644531,54.213861],[15.820312,54.213861],[15.820312,54.265224],[16.259766,54.265224],[16.347656,54.367759],[16.435547,54.470038],[16.435547,54.521081],[16.523438,54.521081],[16.611328,54.572062],[16.875,54.572062],[16.875,54.622978],[17.050781,54.622978],[17.050781,54.673831],[17.226562,54.72462],[17.402344,54.72462],[17.402344,54.775346],[17.753906,54.775346],[17.929688,54.826008],[18.369141,54.826008],[18.457031,54.775346],[18.457031,54.72462]]],[[[19.248047,54.316523],[19.248047,54.367759],[19.423828,54.367759],[19.248047,54.316523]]],[[[18.457031,54.72462],[18.544922,54.775346],[18.544922,54.72462],[18.457031,54.72462]]]]},"properties":{"From":1945,"To":2023,"id":null,"Holder":null,"Name":"Poland","Status":"independent","Area":null,"Capital":"Warsaw","capital_geom":"0101000020E610000000000000000035400000000000204A40"}},{"type":"Feature","geometry":{"type":"MultiPolygon","coordinates":[[[[25.576172,54.316523],[25.576172,54.367759],[25.664062,54.521081],[25.751953,54.521081],[25.751953,54.775346],[25.839844,54.876607],[25.839844,54.927142],[25.927734,54.977614],[26.191406,54.977614],[26.191406,55.028022],[26.279297,55.078367],[26.279297,55.128649],[26.455078,55.178868],[26.630859,55.178868],[26.806641,55.279115],[26.806641,55.329144],[26.455078,55.329144],[26.542969,55.429013],[26.630859,55.578345],[26.630859,55.677584],[26.71875,55.677584],[26.894531,55.72711],[26.894531,55.776573],[26.982422,55.825973],[27.246094,55.825973],[27.333984,55.776573],[27.597656,55.776573],[27.597656,55.924586],[27.685547,55.973798],[27.773438,55.973798],[27.861328,56.022948],[27.949219,56.12106],[28.037109,56.12106],[28.037109,56.170023],[28.125,56.170023],[28.125,56.12106],[28.212891,56.12106],[28.300781,56.072035],[28.388672,56.12106],[28.652344,56.12106],[28.740234,56.022948],[28.740234,55.973798],[28.828125,55.973798],[29.003906,56.022948],[29.179688,56.022948],[29.443359,55.973798],[29.443359,55.924586],[29.355469,55.776573],[29.443359,55.677584],[29.53125,55.677584],[29.619141,55.776573],[29.882812,55.825973],[29.970703,55.875311],[30.234375,55.875311],[30.498047,55.776573],[30.673828,55.677584],[30.761719,55.578345],[30.849609,55.627996],[30.9375,55.578345],[30.9375,55.37911],[30.849609,55.37911],[30.849609,55.279115],[30.9375,55.178868],[31.025391,55.028022],[30.849609,54.927142],[30.761719,54.826008],[30.761719,54.775346],[30.9375,54.775346],[31.025391,54.72462],[31.113281,54.622978],[31.113281,54.470038],[31.201172,54.470038],[31.289062,54.316523],[31.289062,54.265224],[31.552734,54.162434],[31.640625,54.110943],[31.728516,54.110943],[31.816406,54.059388],[31.816406,53.852527],[31.728516,53.800651],[32.080078,53.800651],[32.34375,53.748711],[32.431641,53.696706],[32.431641,53.644638],[32.431641,53.592505],[32.607422,53.488046],[32.695312,53.488046],[32.783203,53.435719],[32.167969,53.067627],[32.080078,53.067627],[31.992188,53.120405],[31.816406,53.120405],[31.816406,53.225768],[31.376953,53.225768],[31.376953,53.120405],[31.289062,53.014783],[31.376953,52.908902],[31.464844,52.855864],[31.552734,52.855864],[31.552734,52.802761],[31.640625,52.749594],[31.552734,52.696361],[31.464844,52.696361],[31.640625,52.48278],[31.640625,52.321911],[31.728516,52.214339],[31.728516,52.160455],[31.816406,52.160455],[31.816406,52.106505],[30.9375,52.106505],[30.9375,51.99841],[30.673828,51.835778],[30.673828,51.781436],[30.585938,51.727028],[30.585938,51.454007],[30.673828,51.344339],[30.585938,51.344339],[30.585938,51.234407],[30.498047,51.289406],[30.322266,51.344339],[30.322266,51.399206],[30.146484,51.508742],[30.058594,51.508742],[30.058594,51.454007],[29.707031,51.454007],[29.707031,51.508742],[29.619141,51.508742],[29.443359,51.399206],[29.355469,51.399206],[29.267578,51.508742],[29.267578,51.563412],[29.179688,51.618017],[29.091797,51.618017],[28.828125,51.563412],[28.828125,51.508742],[28.740234,51.454007],[28.652344,51.454007],[28.652344,51.563412],[28.300781,51.563412],[28.300781,51.672555],[28.212891,51.672555],[28.212891,51.618017],[28.125,51.618017],[28.125,51.563412],[27.949219,51.563412],[27.949219,51.618017],[27.861328,51.618017],[27.861328,51.563412],[27.773438,51.454007],[27.685547,51.508742],[27.685547,51.618017],[27.246094,51.618017],[27.158203,51.672555],[27.158203,51.781436],[26.982422,51.781436],[26.894531,51.781436],[26.71875,51.781436],[26.71875,51.835778],[26.191406,51.835778],[26.015625,51.944265],[24.960938,51.944265],[24.873047,51.890054],[24.433594,51.890054],[24.257812,51.781436],[24.257812,51.727028],[24.082031,51.618017],[23.994141,51.618017],[23.90625,51.618017],[23.730469,51.672555],[23.642578,51.618017],[23.642578,51.508742],[23.554688,51.563412],[23.554688,51.781436],[23.642578,51.944265],[23.642578,52.106505],[23.378906,52.214339],[23.203125,52.214339],[23.203125,52.375599],[23.378906,52.48278],[23.378906,52.536273],[23.466797,52.536273],[23.554688,52.589701],[23.642578,52.589701],[23.642578,52.643063],[23.730469,52.643063],[23.90625,52.696361],[23.90625,53.120405],[23.818359,53.225768],[23.818359,53.330873],[23.730469,53.435719],[23.642578,53.488046],[23.642578,53.696706],[23.554688,53.748711],[23.554688,53.904338],[23.466797,53.904338],[23.466797,53.956086],[23.642578,53.956086],[23.730469,53.904338],[23.818359,53.956086],[24.257812,53.956086],[24.257812,53.904338],[24.433594,53.904338],[24.609375,54.007769],[24.697266,54.007769],[24.697266,53.956086],[24.785156,53.956086],[24.873047,54.007769],[24.873047,54.059388],[24.785156,54.059388],[24.785156,54.110943],[24.873047,54.162434],[25.136719,54.162434],[25.3125,54.265224],[25.400391,54.265224],[25.488281,54.316523],[25.576172,54.316523]],[[25.576172,54.316523],[25.576172,54.265224],[25.576172,54.213861],[25.488281,54.162434],[25.751953,54.162434],[25.839844,54.265224],[25.751953,54.316523],[25.576172,54.316523]]]]},"properties":{"From":1991,"To":2023,"id":null,"Holder":null,"Name":"Belarus (Byelorussia)","Status":"independent","Area":null,"Capital":"Minsk","capital_geom":"0101000020E610000033A8363811913B403333333333F34A40"}},{"type":"Feature","geometry":{"type":"MultiPolygon","coordinates":[[[[25.224609,58.077876],[25.400391,58.077876],[25.400391,58.031372],[25.664062,57.891497],[25.839844,57.844751],[25.927734,57.844751],[26.015625,57.797944],[26.103516,57.797944],[26.279297,57.610107],[26.367188,57.610107],[26.367188,57.562995],[26.455078,57.562995],[26.542969,57.515823],[26.630859,57.515823],[26.630859,57.562995],[26.71875,57.562995],[26.71875,57.610107],[26.894531,57.610107],[26.982422,57.610107],[27.070312,57.610107],[27.070312,57.562995],[27.509766,57.562995],[27.509766,57.421294],[27.597656,57.421294],[27.685547,57.373938],[27.861328,57.326521],[27.861328,57.183902],[27.685547,56.897004],[27.773438,56.897004],[27.861328,56.897004],[27.861328,56.848972],[27.949219,56.800878],[27.949219,56.704506],[28.037109,56.656226],[28.037109,56.559482],[28.125,56.511018],[28.125,56.46249],[28.212891,56.267761],[28.212891,56.170023],[28.125,56.170023],[28.037109,56.170023],[28.037109,56.12106],[27.949219,56.12106],[27.861328,56.022948],[27.773438,55.973798],[27.685547,55.973798],[27.597656,55.924586],[27.597656,55.776573],[27.333984,55.776573],[27.246094,55.825973],[26.982422,55.825973],[26.894531,55.776573],[26.894531,55.72711],[26.71875,55.677584],[26.367188,55.677584],[26.367188,55.72711],[26.279297,55.72711],[26.279297,55.825973],[26.191406,55.825973],[26.191406,55.875311],[26.015625,55.973798],[25.927734,55.973798],[25.927734,56.022948],[25.839844,56.022948],[25.664062,56.12106],[25.576172,56.12106],[25.576172,56.170023],[25.136719,56.170023],[25.136719,56.218923],[25.048828,56.218923],[25.048828,56.267761],[24.960938,56.316537],[24.960938,56.46249],[24.873047,56.46249],[24.521484,56.267761],[24.433594,56.267761],[24.345703,56.316537],[24.257812,56.316537],[24.257812,56.267761],[24.082031,56.267761],[24.082031,56.316537],[23.818359,56.316537],[23.730469,56.36525],[23.642578,56.36525],[23.554688,56.316537],[23.466797,56.316537],[23.378906,56.36525],[23.203125,56.36525],[23.203125,56.316537],[23.027344,56.316537],[23.027344,56.36525],[22.939453,56.413901],[22.851562,56.413901],[22.851562,56.36525],[22.587891,56.36525],[22.587891,56.413901],[22.060547,56.413901],[21.972656,56.36525],[21.884766,56.36525],[21.796875,56.316537],[21.533203,56.316537],[21.533203,56.267761],[21.445312,56.267761],[21.445312,56.218923],[21.269531,56.218923],[21.269531,56.12106],[21.181641,56.12106],[21.181641,56.072035],[21.09375,56.072035],[21.005859,56.170023],[21.005859,56.218923],[20.917969,56.36525],[21.005859,56.46249],[21.09375,56.46249],[21.09375,56.511018],[21.005859,56.607885],[21.005859,56.656226],[21.09375,56.656226],[21.09375,56.848972],[21.181641,56.848972],[21.181641,56.897004],[21.269531,56.897004],[21.357422,56.944974],[21.357422,57.04073],[21.445312,57.04073],[21.445312,57.326521],[21.621094,57.421294],[21.621094,57.515823],[21.708984,57.515823],[21.708984,57.562995],[21.796875,57.562995],[21.884766,57.610107],[22.060547,57.610107],[22.060547,57.657158],[22.324219,57.657158],[22.5,57.751076],[22.587891,57.751076],[22.587891,57.657158],[22.675781,57.562995],[22.763672,57.562995],[22.851562,57.468589],[22.939453,57.468589],[22.939453,57.421294],[23.027344,57.421294],[23.027344,57.373938],[23.115234,57.373938],[23.203125,57.326521],[23.203125,57.136239],[23.291016,57.088515],[23.291016,57.04073],[23.378906,57.04073],[23.554688,56.992883],[23.642578,56.944974],[23.818359,56.944974],[23.818359,56.992883],[23.90625,56.992883],[23.994141,57.04073],[24.169922,57.088515],[24.169922,57.136239],[24.257812,57.136239],[24.345703,57.231503],[24.433594,57.279043],[24.433594,57.373938],[24.345703,57.562995],[24.345703,57.704147],[24.257812,57.751076],[24.257812,57.844751],[24.345703,57.844751],[24.345703,57.891497],[24.521484,57.938183],[24.697266,57.938183],[24.873047,58.031372],[25.048828,58.031372],[25.048828,58.077876],[25.136719,58.077876],[25.224609,58.077876]]]]},"properties":{"From":1991,"To":2023,"id":null,"Holder":null,"Name":"Latvia","Status":"independent","Area":null,"Capital":"Riga","capital_geom":"0101000020E6100000BF9B6ED9212238401D03B2D7BB7B4C40"}},{"type":"Feature","geometry":{"type":"MultiPolygon","coordinates":[[[[28.037109,48.283193],[28.037109,48.224673],[28.388672,48.224673],[28.388672,48.166085],[28.740234,48.166085],[28.828125,48.107431],[28.916016,47.989922],[29.003906,47.931066],[29.091797,47.931066],[29.091797,47.989922],[29.179688,47.989922],[29.179688,47.931066],[29.267578,47.754098],[29.179688,47.576526],[29.179688,47.457809],[29.267578,47.457809],[29.267578,47.398349],[29.355469,47.398349],[29.355469,47.338823],[29.443359,47.279229],[29.53125,47.338823],[29.619141,47.338823],[29.619141,46.920255],[29.707031,46.920255],[29.882812,46.860191],[29.970703,46.800059],[29.970703,46.55886],[30.058594,46.437857],[30.058594,46.377254],[29.882812,46.377254],[29.707031,46.437857],[29.619141,46.377254],[29.53125,46.437857],[29.53125,46.498392],[29.355469,46.437857],[29.267578,46.437857],[29.267578,46.377254],[29.179688,46.377254],[29.179688,46.55886],[29.003906,46.498392],[29.003906,46.437857],[28.916016,46.437857],[29.003906,46.255847],[29.003906,46.012224],[28.916016,46.012224],[28.828125,45.95115],[28.740234,45.95115],[28.740234,45.890008],[28.652344,45.767523],[28.564453,45.767523],[28.476562,45.706179],[28.476562,45.644768],[28.564453,45.521744],[28.212891,45.521744],[28.037109,45.58329],[28.125,45.644768],[28.125,46.195042],[28.212891,46.316584],[28.212891,46.739861],[28.125,46.860191],[28.125,46.920255],[28.037109,46.980252],[28.037109,47.040182],[27.949219,47.040182],[27.773438,47.15984],[27.773438,47.279229],[27.597656,47.279229],[27.597656,47.338823],[27.421875,47.576526],[27.246094,47.694974],[27.246094,47.813155],[27.158203,47.872144],[27.158203,47.989922],[26.982422,48.166085],[26.806641,48.224673],[26.71875,48.283193],[26.71875,48.341646],[27.246094,48.341646],[27.421875,48.458352],[27.773438,48.458352],[27.861328,48.400032],[27.861328,48.341646],[28.037109,48.341646],[28.037109,48.283193]]]]},"properties":{"From":1991,"To":2023,"id":null,"Holder":null,"Name":"Moldova","Status":"independent","Area":null,"Capital":"Chisinau","capital_geom":"0101000020E6100000EC51B81E85DB3C40143FC6DCB5804740"}},{"type":"Feature","geometry":{"type":"MultiPolygon","coordinates":[[[[-23.115234,66.337505],[-23.027344,66.407955],[-23.115234,66.443107],[-22.412109,66.443107],[-22.236328,66.337505],[-22.236328,66.266856],[-21.972656,66.266856],[-21.708984,66.160511],[-21.621094,66.053716],[-21.533203,66.053716],[-21.357422,66.018018],[-21.357422,65.98227],[-21.533203,65.98227],[-21.533203,65.946472],[-21.269531,65.946472],[-21.269531,65.874725],[-21.357422,65.730626],[-21.357422,65.694476],[-21.621094,65.694476],[-21.621094,65.658275],[-21.621094,65.622023],[-21.357422,65.622023],[-21.269531,65.58572],[-21.269531,65.476508],[-21.181641,65.440002],[-21.181641,65.330178],[-21.09375,65.219894],[-21.09375,65.476508],[-21.005859,65.440002],[-21.005859,65.512963],[-20.917969,65.58572],[-20.830078,65.622023],[-20.742188,65.694476],[-20.654297,65.694476],[-20.654297,65.549367],[-20.478516,65.512963],[-20.302734,65.622023],[-20.302734,65.874725],[-20.390625,65.910623],[-20.390625,66.089364],[-20.214844,66.124962],[-20.126953,66.124962],[-20.039062,66.018018],[-19.951172,65.946472],[-19.775391,65.874725],[-19.6875,65.874725],[-19.6875,65.766727],[-19.599609,65.766727],[-19.599609,65.730626],[-19.423828,65.730626],[-19.423828,65.910623],[-19.511719,65.946472],[-19.511719,65.98227],[-19.423828,66.053716],[-19.423828,66.089364],[-19.072266,66.089364],[-19.072266,66.160511],[-18.984375,66.196009],[-18.808594,66.196009],[-18.544922,66.089364],[-18.544922,65.946472],[-18.369141,65.946472],[-18.28125,65.910623],[-18.193359,65.802776],[-18.193359,65.730626],[-18.105469,65.658275],[-18.017578,65.622023],[-18.017578,65.838776],[-18.105469,65.838776],[-18.105469,65.910623],[-18.193359,65.910623],[-18.28125,66.018018],[-18.28125,66.053716],[-18.369141,66.160511],[-18.28125,66.196009],[-18.193359,66.196009],[-18.193359,66.160511],[-17.929688,66.160511],[-17.929688,66.124962],[-17.753906,66.089364],[-17.753906,66.053716],[-17.578125,65.98227],[-17.402344,65.98227],[-17.402344,66.053716],[-17.314453,66.089364],[-17.226562,66.160511],[-17.226562,66.196009],[-17.138672,66.231457],[-17.050781,66.196009],[-16.962891,66.196009],[-16.875,66.124962],[-16.699219,66.124962],[-16.699219,66.160511],[-16.523438,66.196009],[-16.435547,66.231457],[-16.435547,66.266856],[-16.523438,66.407955],[-16.611328,66.478208],[-16.523438,66.51326],[-16.259766,66.51326],[-16.171875,66.548263],[-15.996094,66.548263],[-15.996094,66.51326],[-15.908203,66.478208],[-15.820312,66.407955],[-15.732422,66.407955],[-15.732422,66.372755],[-15.644531,66.337505],[-15.732422,66.302205],[-15.732422,66.231457],[-15.556641,66.231457],[-15.380859,66.124962],[-15.380859,66.196009],[-15.292969,66.196009],[-15.205078,66.266856],[-15.117188,66.266856],[-15.029297,66.337505],[-14.941406,66.372755],[-14.677734,66.372755],[-14.677734,66.337505],[-14.765625,66.337505],[-14.941406,66.266856],[-14.941406,66.196009],[-15.117188,66.124962],[-15.029297,66.053716],[-14.677734,66.053716],[-14.589844,65.98227],[-14.589844,65.910623],[-14.677734,65.874725],[-14.677734,65.838776],[-14.765625,65.838776],[-14.853516,65.802776],[-14.853516,65.730626],[-14.765625,65.730626],[-14.677734,65.766727],[-14.414062,65.766727],[-14.414062,65.802776],[-14.326172,65.802776],[-14.326172,65.658275],[-14.238281,65.658275],[-14.238281,65.622023],[-13.974609,65.58572],[-13.974609,65.622023],[-13.886719,65.622023],[-13.623047,65.512963],[-13.623047,65.403445],[-13.710938,65.366837],[-13.710938,65.330178],[-13.623047,65.293468],[-13.623047,65.219894],[-13.623047,65.18303],[-13.623047,65.109148],[-13.535156,65.109148],[-13.535156,65.07213],[-13.623047,64.997939],[-13.798828,64.997939],[-13.798828,65.03506],[-13.886719,65.03506],[-13.886719,64.997939],[-13.798828,64.923542],[-14.0625,64.923542],[-13.974609,64.886265],[-13.798828,64.886265],[-13.798828,64.811557],[-14.0625,64.811557],[-14.0625,64.774125],[-14.0625,64.736641],[-14.238281,64.661517],[-14.326172,64.736641],[-14.414062,64.736641],[-14.326172,64.661517],[-14.414062,64.586185],[-14.589844,64.586185],[-14.589844,64.54844],[-14.501953,64.54844],[-14.501953,64.396938],[-14.677734,64.396938],[-14.853516,64.358931],[-14.941406,64.28276],[-14.941406,64.244595],[-15.117188,64.28276],[-15.205078,64.28276],[-15.292969,64.358931],[-15.380859,64.396938],[-15.380859,64.28276],[-15.46875,64.244595],[-15.644531,64.206377],[-15.732422,64.206377],[-15.820312,64.168107],[-15.996094,64.129784],[-15.996094,64.091408],[-16.171875,64.052978],[-16.171875,64.014496],[-16.259766,64.014496],[-16.611328,63.860036],[-16.787109,63.821288],[-16.962891,63.860036],[-17.050781,63.821288],[-17.050781,63.782486],[-17.314453,63.782486],[-17.753906,63.704722],[-17.841797,63.743631],[-18.017578,63.66576],[-17.929688,63.626745],[-17.929688,63.587675],[-17.929688,63.548552],[-17.929688,63.509375],[-18.105469,63.470145],[-18.28125,63.470145],[-18.544922,63.43086],[-18.720703,63.391522],[-18.808594,63.391522],[-19.072266,63.43086],[-19.248047,63.43086],[-19.599609,63.509375],[-19.6875,63.509375],[-19.775391,63.548552],[-20.214844,63.548552],[-20.478516,63.66576],[-20.478516,63.704722],[-20.566406,63.704722],[-20.654297,63.704722],[-20.742188,63.743631],[-20.566406,63.743631],[-20.654297,63.821288],[-20.742188,63.782486],[-20.917969,63.782486],[-20.917969,63.821288],[-21.09375,63.821288],[-21.09375,63.860036],[-21.181641,63.898731],[-21.181641,63.937372],[-21.357422,63.898731],[-21.357422,63.860036],[-21.445312,63.821288],[-21.708984,63.821288],[-21.884766,63.860036],[-21.972656,63.821288],[-22.148438,63.821288],[-22.236328,63.860036],[-22.324219,63.860036],[-22.412109,63.821288],[-22.675781,63.782486],[-22.763672,63.821288],[-22.763672,64.052978],[-22.675781,64.052978],[-22.587891,64.052978],[-22.587891,64.014496],[-22.5,63.975961],[-22.412109,63.975961],[-22.412109,64.014496],[-22.148438,64.014496],[-22.060547,64.052978],[-21.972656,64.052978],[-21.884766,64.091408],[-21.972656,64.129784],[-21.972656,64.168107],[-21.708984,64.168107],[-21.796875,64.244595],[-21.796875,64.28276],[-21.796875,64.358931],[-21.972656,64.28276],[-22.060547,64.28276],[-22.060547,64.434892],[-22.060547,64.472794],[-22.236328,64.472794],[-22.324219,64.54844],[-22.412109,64.661517],[-22.324219,64.699105],[-22.324219,64.774125],[-22.412109,64.811557],[-23.554688,64.811557],[-23.642578,64.774125],[-23.642578,64.736641],[-23.90625,64.736641],[-23.90625,64.774125],[-23.994141,64.811557],[-24.082031,64.886265],[-23.90625,64.923542],[-23.818359,64.923542],[-23.730469,64.886265],[-23.642578,64.886265],[-23.554688,64.923542],[-23.466797,64.923542],[-23.378906,64.960766],[-23.203125,64.997939],[-23.203125,65.03506],[-22.939453,64.997939],[-22.587891,65.03506],[-22.5,65.07213],[-22.324219,65.07213],[-22.236328,65.03506],[-21.796875,65.03506],[-21.796875,65.07213],[-21.708984,65.146115],[-21.708984,65.18303],[-21.796875,65.18303],[-21.972656,65.109148],[-22.236328,65.109148],[-22.5,65.146115],[-22.587891,65.146115],[-22.412109,65.293468],[-22.236328,65.293468],[-22.236328,65.330178],[-22.148438,65.330178],[-21.972656,65.403445],[-21.796875,65.403445],[-21.708984,65.440002],[-21.884766,65.440002],[-21.972656,65.476508],[-21.972656,65.512963],[-22.060547,65.512963],[-22.148438,65.476508],[-22.148438,65.440002],[-22.236328,65.440002],[-22.324219,65.476508],[-22.324219,65.512963],[-22.5,65.512963],[-22.587891,65.549367],[-22.675781,65.512963],[-22.763672,65.512963],[-22.851562,65.549367],[-23.203125,65.549367],[-23.203125,65.476508],[-23.291016,65.476508],[-23.378906,65.512963],[-23.642578,65.476508],[-23.730469,65.403445],[-23.994141,65.403445],[-23.994141,65.476508],[-24.169922,65.512963],[-24.257812,65.512963],[-24.433594,65.476508],[-24.521484,65.476508],[-24.521484,65.512963],[-24.433594,65.549367],[-24.345703,65.549367],[-24.345703,65.622023],[-24.169922,65.58572],[-24.082031,65.58572],[-24.082031,65.622023],[-23.90625,65.622023],[-23.90625,65.658275],[-23.994141,65.658275],[-24.082031,65.694476],[-24.082031,65.802776],[-23.994141,65.802776],[-23.818359,65.766727],[-23.818359,65.910623],[-23.642578,65.910623],[-23.818359,65.98227],[-23.818359,66.053716],[-23.730469,66.053716],[-23.642578,66.053716],[-23.642578,66.089364],[-23.642578,66.124962],[-23.554688,66.160511],[-23.554688,66.196009],[-23.291016,66.196009],[-23.203125,66.124962],[-23.027344,66.089364],[-22.939453,66.089364],[-22.939453,66.053716],[-22.763672,65.98227],[-22.763672,66.053716],[-22.675781,66.053716],[-22.587891,65.98227],[-22.587891,65.910623],[-22.5,65.946472],[-22.412109,65.910623],[-22.412109,65.98227],[-22.5,66.089364],[-22.587891,66.089364],[-22.587891,66.124962],[-22.851562,66.124962],[-22.939453,66.196009],[-22.939453,66.231457],[-22.851562,66.266856],[-22.763672,66.266856],[-22.675781,66.266856],[-22.675781,66.302205],[-22.851562,66.337505],[-22.939453,66.302205],[-23.027344,66.302205],[-23.115234,66.337505]],[[-23.818359,65.766727],[-23.818359,65.730626],[-23.642578,65.730626],[-23.642578,65.694476],[-23.554688,65.694476],[-23.554688,65.730626],[-23.203125,65.730626],[-23.203125,65.766727],[-23.818359,65.766727]],[[-21.621094,64.358931],[-21.533203,64.358931],[-21.445312,64.358931],[-21.357422,64.396938],[-21.621094,64.396938],[-21.708984,64.396938],[-21.796875,64.358931],[-21.621094,64.358931]],[[-24.082031,65.58572],[-24.082031,65.549367],[-23.90625,65.512963],[-23.818359,65.512963],[-23.818359,65.549367],[-23.90625,65.549367],[-24.082031,65.58572]],[[-23.554688,66.053716],[-23.554688,66.018018],[-23.378906,65.98227],[-23.378906,66.053716],[-23.554688,66.053716]],[[-23.554688,65.694476],[-23.554688,65.658275],[-23.554688,65.622023],[-23.378906,65.658275],[-23.466797,65.694476],[-23.554688,65.694476]],[[-21.621094,65.694476],[-21.621094,65.766727],[-21.796875,65.766727],[-21.621094,65.694476]],[[-22.675781,66.266856],[-22.675781,66.231457],[-22.5,66.231457],[-22.5,66.266856],[-22.675781,66.266856]],[[-21.621094,64.623877],[-21.708984,64.623877],[-21.796875,64.586185],[-21.621094,64.586185],[-21.621094,64.623877]],[[-14.414062,64.774125],[-14.414062,64.811557],[-14.501953,64.811557],[-14.501953,64.774125],[-14.414062,64.774125]],[[-14.326172,65.622023],[-14.414062,65.622023],[-14.501953,65.549367],[-14.326172,65.622023]],[[-23.466797,65.874725],[-23.291016,65.838776],[-23.291016,65.874725],[-23.466797,65.874725]],[[-22.412109,65.874725],[-22.5,65.874725],[-22.5,65.838776],[-22.412109,65.838776],[-22.412109,65.874725]],[[-21.972656,64.510643],[-22.060547,64.510643],[-22.060547,64.472794],[-21.972656,64.510643]]]]},"properties":{"From":1944,"To":2023,"id":null,"Holder":null,"Name":"Iceland","Status":"independent","Area":null,"Capital":"Reykjavik","capital_geom":"0101000020E6100000D42AFA4333F335C09A99999999095040"}},{"type":"Feature","geometry":{"type":"MultiPolygon","coordinates":[[[[-7.646484,55.178868],[-7.734375,55.178868],[-7.822266,55.229023],[-7.734375,55.229023],[-7.734375,55.279115],[-7.646484,55.279115],[-7.646484,55.178868]]],[[[-10.195312,53.956086],[-10.195312,54.007769],[-9.931641,54.007769],[-9.931641,53.956086],[-9.84375,53.956086],[-9.84375,53.904338],[-9.84375,53.852527],[-9.931641,53.852527],[-9.931641,53.904338],[-10.019531,53.904338],[-10.195312,53.956086]]],[[[-9.667969,51.508742],[-9.667969,51.454007],[-9.84375,51.454007],[-9.84375,51.508742],[-9.667969,51.508742]]],[[[-10.019531,54.213861],[-10.107422,54.162434],[-10.107422,54.265224],[-10.019531,54.265224],[-10.019531,54.213861]]],[[[-9.931641,54.265224],[-10.019531,54.265224],[-10.019531,54.316523],[-9.931641,54.265224]]],[[[-7.646484,55.178868],[-7.558594,55.178868],[-7.558594,55.279115],[-7.382812,55.279115],[-7.382812,55.37911],[-7.207031,55.37911],[-7.207031,55.329144],[-7.03125,55.279115],[-6.943359,55.229023],[-7.03125,55.178868],[-7.119141,55.178868],[-7.119141,55.128649],[-7.207031,55.128649],[-7.294922,55.078367],[-7.294922,55.028022],[-7.382812,54.977614],[-7.470703,54.876607],[-7.470703,54.826008],[-7.558594,54.775346],[-7.734375,54.72462],[-7.910156,54.72462],[-7.910156,54.673831],[-7.822266,54.622978],[-7.822266,54.572062],[-8.173828,54.470038],[-8.173828,54.41893],[-8.085938,54.367759],[-7.998047,54.367759],[-7.910156,54.316523],[-7.910156,54.265224],[-7.822266,54.265224],[-7.822266,54.213861],[-7.734375,54.213861],[-7.558594,54.110943],[-7.294922,54.110943],[-7.119141,54.213861],[-7.119141,54.265224],[-7.119141,54.316523],[-7.03125,54.41893],[-6.943359,54.41893],[-6.943359,54.367759],[-6.855469,54.316523],[-6.855469,54.265224],[-6.679688,54.059388],[-6.416016,54.059388],[-6.328125,54.110943],[-6.240234,54.110943],[-6.240234,54.059388],[-6.152344,54.059388],[-6.064453,54.007769],[-6.152344,53.956086],[-6.240234,53.956086],[-6.240234,54.007769],[-6.328125,54.007769],[-6.416016,53.956086],[-6.416016,53.904338],[-6.328125,53.904338],[-6.328125,53.852527],[-6.240234,53.852527],[-6.240234,53.644638],[-6.152344,53.592505],[-6.064453,53.592505],[-6.064453,53.540307],[-6.152344,53.383328],[-6.240234,53.383328],[-6.240234,53.330873],[-6.152344,53.278353],[-5.976562,52.961875],[-6.064453,52.855864],[-6.152344,52.855864],[-6.152344,52.749594],[-6.240234,52.696361],[-6.240234,52.48278],[-6.328125,52.375599],[-6.503906,52.375599],[-6.416016,52.268157],[-6.328125,52.214339],[-6.328125,52.160455],[-6.416016,52.160455],[-6.503906,52.214339],[-6.767578,52.214339],[-6.855469,52.160455],[-7.382812,52.160455],[-7.470703,52.106505],[-7.558594,52.106505],[-7.558594,52.05249],[-7.558594,51.99841],[-7.734375,51.944265],[-7.822266,51.944265],[-7.998047,51.835778],[-8.085938,51.835778],[-8.173828,51.835778],[-8.173828,51.781436],[-8.261719,51.781436],[-8.349609,51.727028],[-8.4375,51.727028],[-8.525391,51.672555],[-8.525391,51.618017],[-8.701172,51.563412],[-9.140625,51.563412],[-9.140625,51.508742],[-9.228516,51.454007],[-9.404297,51.454007],[-9.492188,51.563412],[-9.580078,51.563412],[-9.667969,51.508742],[-9.667969,51.563412],[-9.755859,51.563412],[-9.755859,51.618017],[-9.580078,51.618017],[-9.580078,51.672555],[-9.84375,51.672555],[-9.931641,51.618017],[-10.019531,51.618017],[-10.019531,51.727028],[-9.931641,51.781436],[-10.195312,51.781436],[-10.195312,51.835778],[-10.283203,51.835778],[-10.371094,51.781436],[-10.371094,51.890054],[-10.283203,51.99841],[-10.107422,51.99841],[-10.107422,52.05249],[-10.019531,52.05249],[-9.84375,52.106505],[-9.755859,52.160455],[-10.019531,52.160455],[-10.107422,52.106505],[-10.458984,52.106505],[-10.458984,52.160455],[-10.283203,52.268157],[-10.195312,52.268157],[-9.931641,52.214339],[-9.755859,52.214339],[-9.755859,52.268157],[-9.84375,52.268157],[-9.84375,52.375599],[-9.755859,52.429222],[-9.667969,52.536273],[-9.580078,52.536273],[-9.316406,52.589701],[-9.228516,52.589701],[-9.140625,52.643063],[-9.580078,52.643063],[-9.667969,52.589701],[-9.84375,52.536273],[-9.931641,52.536273],[-9.931641,52.589701],[-9.84375,52.589701],[-9.404297,52.855864],[-9.404297,52.908902],[-9.492188,52.961875],[-9.316406,53.120405],[-8.964844,53.120405],[-8.964844,53.173119],[-8.964844,53.278353],[-9.140625,53.278353],[-9.140625,53.225768],[-9.580078,53.225768],[-9.580078,53.383328],[-9.667969,53.383328],[-9.667969,53.330873],[-9.755859,53.330873],[-9.755859,53.278353],[-9.931641,53.330873],[-9.84375,53.383328],[-10.195312,53.383328],[-10.195312,53.540307],[-9.931641,53.644638],[-9.931641,53.748711],[-9.84375,53.748711],[-9.667969,53.800651],[-9.580078,53.800651],[-9.580078,53.904338],[-9.755859,53.904338],[-9.755859,53.956086],[-9.84375,53.956086],[-9.84375,54.007769],[-9.931641,54.007769],[-9.931641,54.059388],[-9.931641,54.162434],[-9.931641,54.213861],[-9.84375,54.213861],[-9.84375,54.265224],[-9.84375,54.316523],[-9.228516,54.316523],[-9.228516,54.265224],[-9.140625,54.213861],[-9.052734,54.265224],[-8.4375,54.265224],[-8.525391,54.316523],[-8.701172,54.316523],[-8.701172,54.367759],[-8.4375,54.41893],[-8.349609,54.470038],[-8.261719,54.470038],[-8.261719,54.521081],[-8.173828,54.572062],[-8.173828,54.622978],[-8.701172,54.622978],[-8.789062,54.673831],[-8.789062,54.72462],[-8.701172,54.72462],[-8.701172,54.775346],[-8.525391,54.775346],[-8.349609,54.826008],[-8.349609,54.876607],[-8.4375,54.876607],[-8.4375,54.927142],[-8.4375,54.977614],[-8.349609,55.078367],[-7.998047,55.178868],[-7.910156,55.178868],[-7.822266,55.178868],[-7.734375,55.178868],[-7.734375,55.078367],[-7.646484,55.078367],[-7.646484,55.128649],[-7.646484,55.178868]],[[-7.558594,55.128649],[-7.558594,55.078367],[-7.646484,55.078367],[-7.646484,54.977614],[-7.558594,54.977614],[-7.558594,55.028022],[-7.470703,55.028022],[-7.470703,55.128649],[-7.558594,55.128649]],[[-9.052734,52.696361],[-9.140625,52.643063],[-8.964844,52.643063],[-8.789062,52.643063],[-8.876953,52.696361],[-8.964844,52.696361],[-9.052734,52.696361]],[[-9.492188,51.727028],[-9.580078,51.781436],[-9.580078,51.672555],[-9.492188,51.672555],[-9.492188,51.727028]],[[-8.261719,51.835778],[-8.261719,51.890054],[-8.349609,51.890054],[-8.349609,51.835778],[-8.261719,51.835778]]]]},"properties":{"From":1921,"To":2023,"id":null,"Holder":null,"Name":"Ireland","Status":"independent","Area":null,"Capital":"Dublin","capital_geom":"0101000020E61000002A560DC2DCFE18C08ACDC7B5A1AA4A40"}},{"type":"Feature","geometry":{"type":"MultiPolygon","coordinates":[[[[-7.910156,41.836828],[-7.822266,41.836828],[-7.734375,41.902277],[-7.558594,41.836828],[-7.294922,41.836828],[-7.207031,41.902277],[-7.207031,41.967659],[-6.591797,41.967659],[-6.503906,41.902277],[-6.503906,41.705729],[-6.328125,41.705729],[-6.328125,41.640078],[-6.240234,41.640078],[-6.240234,41.508577],[-6.328125,41.442726],[-6.328125,41.376809],[-6.503906,41.244772],[-6.679688,41.244772],[-6.767578,41.112469],[-6.767578,41.046217],[-6.943359,41.046217],[-6.943359,40.979898],[-6.855469,40.979898],[-6.767578,40.84706],[-6.855469,40.713956],[-6.767578,40.513799],[-6.855469,40.380028],[-6.855469,40.245992],[-7.03125,40.245992],[-7.03125,40.111689],[-6.943359,40.111689],[-6.855469,40.044438],[-6.943359,39.707187],[-7.03125,39.707187],[-7.03125,39.639538],[-7.207031,39.639538],[-7.294922,39.639538],[-7.558594,39.639538],[-7.382812,39.504041],[-7.119141,39.095963],[-6.943359,39.095963],[-6.943359,39.027719],[-7.03125,38.891033],[-7.119141,38.822591],[-7.119141,38.754083],[-7.294922,38.754083],[-7.294922,38.410558],[-7.119141,38.272689],[-7.119141,38.203655],[-6.943359,38.203655],[-6.943359,38.134557],[-7.119141,37.996163],[-7.294922,37.996163],[-7.294922,37.788081],[-7.382812,37.788081],[-7.382812,37.71859],[-7.470703,37.71859],[-7.558594,37.579413],[-7.558594,37.509726],[-7.470703,37.509726],[-7.470703,37.230328],[-7.382812,37.160317],[-7.558594,37.160317],[-7.734375,37.020098],[-7.998047,37.020098],[-8.085938,37.09024],[-8.789062,37.09024],[-8.876953,37.09024],[-8.876953,37.370157],[-8.789062,37.370157],[-8.789062,37.926868],[-8.876953,37.996163],[-8.789062,38.065392],[-8.789062,38.410558],[-8.701172,38.410558],[-8.789062,38.548165],[-8.876953,38.548165],[-8.876953,38.479395],[-8.964844,38.479395],[-9.052734,38.410558],[-9.228516,38.410558],[-9.228516,38.479395],[-9.140625,38.479395],[-9.140625,38.548165],[-9.228516,38.68551],[-9.316406,38.68551],[-9.492188,38.68551],[-9.492188,38.822591],[-9.404297,38.891033],[-9.404297,39.095963],[-9.316406,39.164141],[-9.316406,39.368279],[-9.140625,39.504041],[-9.052734,39.639538],[-9.052734,39.707187],[-8.964844,39.909736],[-8.964844,39.97712],[-8.876953,40.044438],[-8.876953,40.313043],[-8.789062,40.446947],[-8.789062,40.580585],[-8.701172,40.647304],[-8.701172,40.913513],[-8.613281,40.979898],[-8.613281,41.046217],[-8.701172,41.046217],[-8.701172,41.244772],[-8.789062,41.442726],[-8.789062,41.640078],[-8.876953,41.705729],[-8.876953,41.902277],[-8.789062,41.902277],[-8.789062,41.967659],[-8.701172,41.967659],[-8.525391,42.098222],[-8.349609,42.098222],[-8.261719,42.163403],[-8.173828,42.163403],[-8.085938,42.032974],[-8.173828,41.967659],[-8.173828,41.771312],[-8.085938,41.771312],[-8.085938,41.836828],[-7.998047,41.836828],[-7.910156,41.836828]],[[-9.052734,38.754083],[-8.876953,38.754083],[-8.876953,38.822591],[-8.964844,38.822591],[-8.964844,38.959409],[-9.052734,38.891033],[-9.052734,38.822591],[-9.052734,38.754083]],[[-9.052734,38.754083],[-9.140625,38.68551],[-9.052734,38.61687],[-9.052734,38.754083]]],[[[-8.876953,37.09024],[-8.876953,37.020098],[-8.964844,37.020098],[-8.964844,37.09024],[-8.876953,37.09024]]]]},"properties":{"From":1886,"To":2023,"id":null,"Holder":null,"Name":"Portugal","Status":"independent","Area":null,"Capital":"Lisbon","capital_geom":"0101000020E610000084F41439444422C01D03B2D7BB5B4340"}},{"type":"Feature","geometry":{"type":"MultiPolygon","coordinates":[[[[-5.976562,57.515823],[-5.976562,57.326521],[-6.064453,57.326521],[-6.064453,57.468589],[-5.976562,57.515823]]],[[[-5.449219,57.891497],[-5.537109,57.844751],[-5.625,57.844751],[-5.625,57.938183],[-5.449219,57.891497]]],[[[-5.800781,54.673831],[-5.537109,54.673831],[-5.537109,54.622978],[-5.449219,54.521081],[-5.449219,54.367759],[-5.537109,54.367759],[-5.537109,54.265224],[-5.800781,54.265224],[-5.888672,54.213861],[-5.888672,54.059388],[-6.152344,54.059388],[-6.152344,54.110943],[-6.328125,54.110943],[-6.416016,54.059388],[-6.679688,54.059388],[-6.855469,54.265224],[-6.855469,54.316523],[-6.943359,54.367759],[-6.943359,54.41893],[-7.03125,54.41893],[-7.119141,54.316523],[-7.119141,54.265224],[-7.119141,54.213861],[-7.294922,54.110943],[-7.558594,54.110943],[-7.734375,54.213861],[-7.822266,54.213861],[-7.822266,54.265224],[-7.910156,54.265224],[-7.910156,54.316523],[-7.998047,54.367759],[-8.085938,54.367759],[-8.173828,54.41893],[-8.173828,54.470038],[-7.822266,54.572062],[-7.822266,54.622978],[-7.910156,54.673831],[-7.910156,54.72462],[-7.734375,54.72462],[-7.558594,54.775346],[-7.470703,54.826008],[-7.470703,54.876607],[-7.382812,54.977614],[-7.294922,55.028022],[-7.03125,55.028022],[-7.03125,55.128649],[-6.943359,55.178868],[-6.591797,55.178868],[-6.503906,55.229023],[-6.152344,55.229023],[-6.064453,55.178868],[-6.064453,55.078367],[-5.800781,54.876607],[-5.712891,54.876607],[-5.712891,54.72462],[-5.800781,54.72462],[-5.800781,54.673831]],[[-5.625,54.521081],[-5.537109,54.367759],[-5.537109,54.521081],[-5.625,54.521081]],[[-5.625,54.521081],[-5.625,54.572062],[-5.712891,54.572062],[-5.712891,54.521081],[-5.625,54.521081]]],[[[-6.240234,58.493694],[-6.152344,58.401712],[-6.240234,58.35563],[-6.240234,58.263287],[-6.328125,58.263287],[-6.328125,58.217025],[-6.240234,58.217025],[-6.240234,58.170702],[-6.328125,58.170702],[-6.416016,58.077876],[-6.328125,58.031372],[-6.503906,57.938183],[-6.679688,57.938183],[-6.679688,57.891497],[-6.767578,57.797944],[-6.943359,57.704147],[-7.03125,57.797944],[-7.03125,57.844751],[-6.855469,57.891497],[-6.855469,57.938183],[-7.119141,57.938183],[-7.119141,57.984808],[-7.03125,58.031372],[-7.119141,58.077876],[-7.119141,58.170702],[-7.03125,58.217025],[-6.943359,58.217025],[-6.943359,58.170702],[-6.855469,58.077876],[-6.855469,58.170702],[-6.767578,58.217025],[-6.767578,58.263287],[-6.679688,58.35563],[-6.591797,58.35563],[-6.328125,58.447733],[-6.328125,58.493694],[-6.240234,58.493694]],[[-6.679688,58.031372],[-6.591797,58.031372],[-6.591797,58.077876],[-6.679688,58.077876],[-6.679688,58.031372]],[[-6.679688,58.031372],[-6.767578,57.984808],[-6.679688,57.938183],[-6.679688,58.031372]]],[[[-1.318359,60.196156],[-1.494141,60.152442],[-1.494141,60.196156],[-1.582031,60.239811],[-1.669922,60.239811],[-1.669922,60.283408],[-1.582031,60.283408],[-1.494141,60.326948],[-1.318359,60.326948],[-1.318359,60.370429],[-1.40625,60.457218],[-1.494141,60.457218],[-1.582031,60.500525],[-1.582031,60.543775],[-1.40625,60.586967],[-1.318359,60.630102],[-1.318359,60.500525],[-1.142578,60.457218],[-1.054688,60.457218],[-1.054688,60.370429],[-1.142578,60.283408],[-1.142578,60.10867],[-1.230469,60.10867],[-1.318359,60.196156]]],[[[-3.076172,59.130863],[-2.988281,59.040555],[-2.724609,58.904646],[-2.8125,58.859224],[-2.900391,58.859224],[-2.988281,58.950008],[-3.076172,58.950008],[-3.076172,58.904646],[-3.164062,58.904646],[-3.339844,58.950008],[-3.339844,59.130863],[-3.076172,59.130863]]],[[[-6.152344,55.924586],[-6.152344,55.875311],[-6.064453,55.776573],[-6.064453,55.627996],[-6.240234,55.578345],[-6.328125,55.578345],[-6.328125,55.627996],[-6.240234,55.677584],[-6.240234,55.776573],[-6.328125,55.776573],[-6.328125,55.72711],[-6.416016,55.72711],[-6.416016,55.677584],[-6.503906,55.677584],[-6.503906,55.72711],[-6.416016,55.875311],[-6.328125,55.875311],[-6.240234,55.924586],[-6.152344,55.924586]]],[[[-0.966797,60.673179],[-1.054688,60.500525],[-1.142578,60.500525],[-1.142578,60.716198],[-1.054688,60.75916],[-0.966797,60.716198],[-0.966797,60.802064],[-0.878906,60.844911],[-0.791016,60.844911],[-0.791016,60.673179],[-0.966797,60.673179]]],[[[-7.03125,57.657158],[-7.119141,57.515823],[-7.294922,57.515823],[-7.294922,57.562995],[-7.470703,57.562995],[-7.558594,57.610107],[-7.470703,57.657158],[-7.03125,57.657158]]],[[[-7.294922,57.326521],[-7.294922,57.136239],[-7.207031,57.136239],[-7.207031,57.088515],[-7.382812,57.088515],[-7.382812,57.421294],[-7.294922,57.326521]]],[[[-1.230469,60.10867],[-1.230469,59.844815],[-1.318359,59.844815],[-1.40625,59.888937],[-1.230469,60.10867]]],[[[-3.339844,58.904646],[-3.164062,58.813742],[-3.164062,58.7682],[-3.339844,58.7682],[-3.427734,58.859224],[-3.427734,58.904646],[-3.339844,58.904646]]],[[[-2.373047,59.310768],[-2.373047,59.265881],[-2.460938,59.220934],[-2.636719,59.220934],[-2.636719,59.310768],[-2.373047,59.310768]]],[[[-6.240234,57.04073],[-6.240234,56.944974],[-6.328125,56.944974],[-6.503906,56.992883],[-6.416016,57.04073],[-6.240234,57.04073]]],[[[-2.900391,58.859224],[-2.900391,58.722599],[-2.988281,58.722599],[-3.076172,58.813742],[-2.988281,58.859224],[-2.900391,58.859224]]],[[[-6.767578,56.559482],[-6.767578,56.511018],[-6.855469,56.46249],[-6.943359,56.46249],[-6.943359,56.511018],[-6.767578,56.559482]]],[[[-7.382812,57.04073],[-7.382812,56.992883],[-7.470703,56.944974],[-7.558594,56.944974],[-7.470703,57.04073],[-7.382812,57.04073]]],[[[-4.042969,51.618017],[-4.130859,51.563412],[-4.306641,51.563412],[-4.306641,51.618017],[-4.042969,51.618017]]],[[[-6.503906,56.656226],[-6.591797,56.559482],[-6.679688,56.559482],[-6.591797,56.656226],[-6.503906,56.656226]]],[[[-7.207031,57.468589],[-7.207031,57.421294],[-7.382812,57.421294],[-7.382812,57.468589],[-7.207031,57.468589]]],[[[-6.152344,58.217025],[-6.240234,58.263287],[-6.152344,58.263287],[-6.152344,58.217025]]],[[[-5.449219,57.891497],[-5.361328,57.938183],[-5.185547,57.891497],[-5.185547,57.938183],[-5.361328,58.031372],[-5.449219,58.031372],[-5.449219,58.077876],[-5.273438,58.077876],[-5.273438,58.12432],[-5.361328,58.263287],[-5.097656,58.263287],[-5.185547,58.309489],[-5.185547,58.35563],[-5.009766,58.631217],[-4.746094,58.585436],[-4.658203,58.539595],[-4.570312,58.539595],[-4.482422,58.539595],[-3.779297,58.539595],[-3.779297,58.585436],[-3.691406,58.585436],[-3.691406,58.631217],[-3.603516,58.631217],[-3.603516,58.585436],[-3.339844,58.585436],[-3.339844,58.676938],[-3.164062,58.631217],[-2.988281,58.631217],[-3.076172,58.447733],[-3.076172,58.401712],[-3.164062,58.309489],[-3.339844,58.263287],[-3.691406,58.077876],[-3.867188,58.031372],[-4.042969,57.938183],[-4.042969,57.844751],[-4.130859,57.844751],[-4.21875,57.891497],[-4.394531,57.891497],[-4.306641,57.844751],[-4.130859,57.797944],[-3.867188,57.797944],[-3.955078,57.704147],[-4.130859,57.704147],[-4.21875,57.657158],[-4.042969,57.657158],[-4.21875,57.562995],[-4.21875,57.468589],[-4.042969,57.562995],[-3.779297,57.610107],[-3.603516,57.657158],[-3.515625,57.657158],[-3.515625,57.704147],[-3.251953,57.704147],[-3.076172,57.657158],[-2.900391,57.657158],[-2.900391,57.704147],[-2.8125,57.704147],[-2.636719,57.657158],[-2.197266,57.657158],[-2.109375,57.704147],[-2.021484,57.704147],[-1.845703,57.610107],[-1.845703,57.562995],[-1.757812,57.515823],[-1.757812,57.468589],[-1.845703,57.421294],[-1.933594,57.326521],[-2.021484,57.326521],[-2.021484,57.183902],[-2.197266,56.992883],[-2.197266,56.848972],[-2.285156,56.800878],[-2.373047,56.800878],[-2.460938,56.752723],[-2.460938,56.607885],[-2.724609,56.46249],[-2.8125,56.46249],[-2.8125,56.316537],[-2.636719,56.316537],[-2.548828,56.267761],[-2.636719,56.218923],[-2.8125,56.170023],[-2.900391,56.170023],[-2.900391,56.218923],[-2.988281,56.218923],[-3.164062,56.12106],[-3.164062,56.072035],[-3.339844,56.022948],[-3.076172,55.924586],[-2.988281,55.924586],[-2.900391,55.973798],[-2.8125,56.072035],[-2.636719,56.072035],[-2.636719,56.022948],[-2.460938,56.022948],[-2.285156,55.924586],[-2.109375,55.875311],[-2.021484,55.825973],[-2.021484,55.776573],[-1.845703,55.677584],[-1.845703,55.627996],[-1.757812,55.627996],[-1.669922,55.578345],[-1.582031,55.478853],[-1.582031,55.279115],[-1.494141,55.178868],[-1.494141,55.078367],[-1.40625,54.977614],[-1.318359,54.927142],[-1.318359,54.775346],[-1.142578,54.622978],[-1.054688,54.622978],[-0.527344,54.470038],[-0.527344,54.41893],[-0.439453,54.367759],[-0.439453,54.265224],[-0.351562,54.265224],[-0.263672,54.162434],[-0.087891,54.162434],[-0.087891,54.110943],[-0.175781,54.110943],[-0.175781,54.059388],[-0.263672,54.059388],[-0.263672,54.007769],[-0.175781,53.904338],[-0.087891,53.852527],[-0.087891,53.800651],[0.087891,53.696706],[0.087891,53.644638],[-0.175781,53.644638],[-0.087891,53.592505],[0.0,53.488046],[0.175781,53.488046],[0.175781,53.435719],[0.263672,53.435719],[0.263672,53.330873],[0.351562,53.225768],[0.351562,53.067627],[0.263672,53.067627],[0.0,52.908902],[0.0,52.855864],[0.175781,52.855864],[0.263672,52.802761],[0.439453,52.802761],[0.439453,52.855864],[0.527344,52.961875],[1.142578,52.961875],[1.318359,52.908902],[1.40625,52.908902],[1.40625,52.855864],[1.494141,52.855864],[1.669922,52.749594],[1.669922,52.696361],[1.757812,52.696361],[1.757812,52.375599],[1.669922,52.321911],[1.669922,52.214339],[1.582031,52.160455],[1.582031,52.106505],[1.40625,51.944265],[1.318359,51.944265],[1.318359,51.890054],[1.318359,51.835778],[1.230469,51.835778],[1.230469,51.781436],[1.054688,51.781436],[0.966797,51.781436],[0.878906,51.781436],[0.703125,51.727028],[0.966797,51.727028],[0.966797,51.618017],[0.878906,51.563412],[0.791016,51.563412],[0.703125,51.563412],[0.439453,51.508742],[0.351562,51.454007],[0.615234,51.454007],[0.527344,51.399206],[0.703125,51.399206],[0.791016,51.399206],[0.878906,51.399206],[0.878906,51.344339],[1.054688,51.344339],[1.230469,51.399206],[1.40625,51.399206],[1.40625,51.179343],[1.318359,51.124213],[1.230469,51.124213],[1.142578,51.069017],[1.054688,51.069017],[1.054688,51.013755],[0.966797,51.013755],[0.966797,50.958427],[0.878906,50.903033],[0.791016,50.958427],[0.703125,50.903033],[0.703125,50.847573],[0.351562,50.847573],[0.351562,50.792047],[0.263672,50.792047],[0.263672,50.736455],[0.087891,50.736455],[0.087891,50.792047],[-0.087891,50.847573],[-0.263672,50.847573],[-0.615234,50.792047],[-0.703125,50.792047],[-0.703125,50.736455],[-0.791016,50.736455],[-0.878906,50.792047],[-0.878906,50.847573],[-1.142578,50.847573],[-1.142578,50.792047],[-1.318359,50.792047],[-1.142578,50.736455],[-1.054688,50.680797],[-1.142578,50.625073],[-1.230469,50.625073],[-1.230469,50.569283],[-1.318359,50.569283],[-1.318359,50.625073],[-1.494141,50.680797],[-1.40625,50.792047],[-1.582031,50.736455],[-2.021484,50.736455],[-2.109375,50.680797],[-1.933594,50.680797],[-1.933594,50.625073],[-2.021484,50.569283],[-2.109375,50.625073],[-2.548828,50.625073],[-2.636719,50.680797],[-2.8125,50.680797],[-2.8125,50.736455],[-2.988281,50.736455],[-2.988281,50.680797],[-3.251953,50.680797],[-3.427734,50.625073],[-3.427734,50.569283],[-3.603516,50.457504],[-3.691406,50.233152],[-3.779297,50.233152],[-3.867188,50.233152],[-3.867188,50.289339],[-3.955078,50.34546],[-4.042969,50.289339],[-4.21875,50.401515],[-4.394531,50.34546],[-4.746094,50.34546],[-4.833984,50.233152],[-4.921875,50.176898],[-5.009766,50.176898],[-5.097656,50.120578],[-5.097656,50.007739],[-5.185547,50.007739],[-5.273438,50.007739],[-5.273438,50.064192],[-5.361328,50.120578],[-5.537109,50.120578],[-5.537109,50.064192],[-5.712891,50.064192],[-5.712891,50.176898],[-5.537109,50.176898],[-5.537109,50.233152],[-5.449219,50.233152],[-5.185547,50.34546],[-5.009766,50.401515],[-5.009766,50.513427],[-4.921875,50.569283],[-4.833984,50.569283],[-4.746094,50.625073],[-4.746094,50.680797],[-4.658203,50.680797],[-4.658203,50.736455],[-4.570312,50.792047],[-4.570312,50.903033],[-4.482422,51.013755],[-4.394531,51.013755],[-4.306641,51.013755],[-4.21875,51.013755],[-4.21875,51.179343],[-4.130859,51.234407],[-3.515625,51.234407],[-3.427734,51.179343],[-2.988281,51.179343],[-2.988281,51.399206],[-2.900391,51.454007],[-2.8125,51.454007],[-2.724609,51.563412],[-2.988281,51.563412],[-2.988281,51.508742],[-3.076172,51.454007],[-3.164062,51.454007],[-3.164062,51.399206],[-3.603516,51.399206],[-3.779297,51.508742],[-3.779297,51.563412],[-3.867188,51.618017],[-3.955078,51.618017],[-4.042969,51.618017],[-4.042969,51.672555],[-4.21875,51.672555],[-4.482422,51.727028],[-4.658203,51.727028],[-4.658203,51.672555],[-4.746094,51.618017],[-5.009766,51.618017],[-5.009766,51.672555],[-4.921875,51.727028],[-5.273438,51.727028],[-5.185547,51.781436],[-5.097656,51.781436],[-5.097656,51.835778],[-5.185547,51.835778],[-5.185547,51.890054],[-5.273438,51.890054],[-5.273438,51.944265],[-5.097656,51.944265],[-5.097656,51.99841],[-4.833984,51.99841],[-4.746094,52.05249],[-4.746094,52.106505],[-4.658203,52.160455],[-4.482422,52.160455],[-4.306641,52.214339],[-4.21875,52.214339],[-4.21875,52.268157],[-4.130859,52.321911],[-4.130859,52.375599],[-4.042969,52.48278],[-4.042969,52.536273],[-4.130859,52.589701],[-4.130859,52.643063],[-4.042969,52.696361],[-4.130859,52.802761],[-4.130859,52.908902],[-4.306641,52.908902],[-4.394531,52.855864],[-4.482422,52.855864],[-4.482422,52.802761],[-4.746094,52.802761],[-4.746094,52.855864],[-4.658203,52.855864],[-4.658203,52.908902],[-4.570312,52.908902],[-4.570312,52.961875],[-4.482422,52.961875],[-4.306641,53.067627],[-4.306641,53.120405],[-4.394531,53.120405],[-4.482422,53.173119],[-4.570312,53.278353],[-4.570312,53.383328],[-4.482422,53.435719],[-4.306641,53.435719],[-4.306641,53.383328],[-4.21875,53.330873],[-4.130859,53.330873],[-4.130859,53.278353],[-4.130859,53.225768],[-4.042969,53.225768],[-3.867188,53.278353],[-3.603516,53.278353],[-3.427734,53.330873],[-3.339844,53.330873],[-3.251953,53.278353],[-3.076172,53.278353],[-3.076172,53.330873],[-3.164062,53.330873],[-3.164062,53.383328],[-2.988281,53.383328],[-2.988281,53.435719],[-3.076172,53.540307],[-3.076172,53.592505],[-2.988281,53.696706],[-2.900391,53.696706],[-2.900391,53.748711],[-3.076172,53.748711],[-3.076172,53.904338],[-2.988281,53.904338],[-2.900391,53.956086],[-2.900391,54.007769],[-2.8125,54.059388],[-2.8125,54.213861],[-2.900391,54.162434],[-3.164062,54.059388],[-3.251953,54.110943],[-3.339844,54.265224],[-3.427734,54.265224],[-3.427734,54.367759],[-3.515625,54.41893],[-3.603516,54.41893],[-3.603516,54.622978],[-3.427734,54.826008],[-3.251953,54.927142],[-2.988281,54.927142],[-2.988281,54.977614],[-3.603516,54.977614],[-3.603516,54.876607],[-3.691406,54.876607],[-3.867188,54.775346],[-4.130859,54.775346],[-4.394531,54.876607],[-4.394531,54.775346],[-4.306641,54.72462],[-4.394531,54.673831],[-4.482422,54.72462],[-4.570312,54.72462],[-4.570312,54.775346],[-4.658203,54.775346],[-4.833984,54.876607],[-4.921875,54.876607],[-4.921875,54.72462],[-5.009766,54.775346],[-5.097656,54.775346],[-5.097656,54.826008],[-5.185547,54.876607],[-5.185547,55.028022],[-5.097656,55.028022],[-5.009766,55.128649],[-5.009766,55.178868],[-4.921875,55.178868],[-4.833984,55.229023],[-4.833984,55.329144],[-4.746094,55.429013],[-4.658203,55.429013],[-4.658203,55.627996],[-4.833984,55.627996],[-4.833984,55.677584],[-4.921875,55.677584],[-4.921875,55.875311],[-5.009766,55.875311],[-5.009766,55.825973],[-5.009766,55.72711],[-5.097656,55.776573],[-5.185547,55.825973],[-5.273438,55.825973],[-5.361328,55.924586],[-5.273438,56.072035],[-5.361328,56.072035],[-5.361328,56.022948],[-5.449219,56.022948],[-5.449219,55.924586],[-5.361328,55.776573],[-5.361328,55.72711],[-5.273438,55.72711],[-5.185547,55.677584],[-5.097656,55.578345],[-5.097656,55.429013],[-5.273438,55.429013],[-5.361328,55.478853],[-5.361328,55.677584],[-5.449219,55.677584],[-5.449219,55.627996],[-5.537109,55.429013],[-5.537109,55.329144],[-5.625,55.279115],[-5.800781,55.279115],[-5.800781,55.429013],[-5.712891,55.429013],[-5.712891,55.578345],[-5.625,55.677584],[-5.625,55.776573],[-5.712891,55.776573],[-5.712891,55.924586],[-5.625,55.924586],[-5.625,55.973798],[-5.625,56.022948],[-5.712891,56.022948],[-5.800781,55.924586],[-5.976562,55.825973],[-5.976562,55.776573],[-6.064453,55.776573],[-6.064453,55.924586],[-5.976562,56.022948],[-5.800781,56.12106],[-5.712891,56.12106],[-5.712891,56.072035],[-5.537109,56.170023],[-5.625,56.170023],[-5.625,56.267761],[-5.537109,56.316537],[-5.537109,56.36525],[-5.361328,56.46249],[-5.361328,56.511018],[-5.361328,56.559482],[-5.361328,56.656226],[-5.625,56.511018],[-5.712891,56.511018],[-5.712891,56.46249],[-5.625,56.46249],[-5.625,56.413901],[-5.800781,56.316537],[-5.976562,56.316537],[-6.240234,56.267761],[-6.328125,56.267761],[-6.328125,56.316537],[-6.240234,56.316537],[-6.064453,56.36525],[-6.240234,56.36525],[-6.152344,56.46249],[-6.328125,56.559482],[-6.328125,56.607885],[-6.240234,56.656226],[-6.240234,56.752723],[-6.152344,56.752723],[-5.976562,56.800878],[-5.888672,56.800878],[-5.888672,56.752723],[-5.800781,56.752723],[-5.800781,56.800878],[-5.800781,56.848972],[-5.625,56.848972],[-5.625,56.897004],[-5.888672,56.897004],[-5.800781,56.992883],[-5.712891,56.992883],[-5.800781,57.04073],[-5.800781,57.088515],[-5.888672,57.088515],[-5.888672,57.04073],[-6.064453,57.04073],[-5.976562,57.136239],[-6.064453,57.136239],[-6.064453,57.183902],[-6.152344,57.183902],[-6.328125,57.136239],[-6.416016,57.279043],[-6.328125,57.279043],[-6.416016,57.326521],[-6.503906,57.421294],[-6.591797,57.373938],[-6.679688,57.373938],[-6.679688,57.421294],[-6.767578,57.421294],[-6.767578,57.515823],[-6.679688,57.610107],[-6.591797,57.610107],[-6.591797,57.562995],[-6.503906,57.515823],[-6.416016,57.515823],[-6.416016,57.657158],[-6.240234,57.657158],[-6.152344,57.610107],[-6.152344,57.279043],[-5.888672,57.231503],[-5.800781,57.279043],[-5.625,57.279043],[-5.537109,57.326521],[-5.537109,57.373938],[-5.625,57.373938],[-5.800781,57.326521],[-5.800781,57.373938],[-5.888672,57.468589],[-5.888672,57.562995],[-5.712891,57.562995],[-5.800781,57.657158],[-5.800781,57.844751],[-5.712891,57.844751],[-5.625,57.844751],[-5.625,57.797944],[-5.537109,57.797944],[-5.537109,57.844751],[-5.449219,57.844751],[-5.449219,57.891497]],[[-4.833984,55.924586],[-4.833984,55.973798],[-4.833984,56.12106],[-4.921875,56.072035],[-4.921875,55.924586],[-4.833984,55.924586]],[[-3.164062,56.36525],[-2.988281,56.413901],[-2.900391,56.46249],[-3.076172,56.46249],[-3.164062,56.36525]],[[-2.900391,53.330873],[-2.900391,53.278353],[-2.724609,53.278353],[-2.724609,53.330873],[-2.900391,53.330873]],[[-3.515625,56.022948],[-3.603516,56.072035],[-3.779297,56.072035],[-3.691406,56.022948],[-3.515625,56.022948]],[[-5.976562,56.559482],[-5.976562,56.511018],[-5.888672,56.511018],[-5.800781,56.511018],[-5.800781,56.559482],[-5.976562,56.559482]],[[-5.800781,56.656226],[-5.537109,56.656226],[-5.712891,56.704506],[-5.800781,56.704506],[-5.800781,56.656226]],[[-5.625,57.136239],[-5.625,57.088515],[-5.537109,57.088515],[-5.361328,57.136239],[-5.625,57.136239]],[[-5.976562,56.656226],[-6.064453,56.656226],[-6.064453,56.607885],[-5.976562,56.559482],[-5.976562,56.656226]],[[-5.712891,57.562995],[-5.625,57.515823],[-5.537109,57.515823],[-5.537109,57.562995],[-5.712891,57.562995]],[[1.318359,51.944265],[1.318359,51.99841],[1.142578,51.99841],[1.318359,51.944265]],[[-0.263672,53.696706],[-0.263672,53.644638],[-0.175781,53.644638],[-0.175781,53.696706],[-0.263672,53.696706]],[[-0.263672,53.696706],[-0.263672,53.748711],[-0.351562,53.748711],[-0.351562,53.696706],[-0.263672,53.696706]],[[-5.537109,57.231503],[-5.361328,57.231503],[-5.537109,57.279043],[-5.537109,57.231503]],[[-5.537109,57.373938],[-5.449219,57.373938],[-5.449219,57.421294],[-5.537109,57.421294],[-5.537109,57.373938]],[[-5.273438,56.072035],[-5.185547,56.12106],[-5.273438,56.12106],[-5.273438,56.072035]],[[-5.625,57.183902],[-5.712891,57.136239],[-5.625,57.136239],[-5.625,57.183902]],[[-5.537109,57.231503],[-5.625,57.279043],[-5.625,57.231503],[-5.537109,57.231503]],[[-4.833984,55.924586],[-4.746094,55.924586],[-4.746094,55.973798],[-4.833984,55.924586]]]]},"properties":{"From":1921,"To":2023,"id":null,"Holder":null,"Name":"United Kingdom","Status":"independent","Area":null,"Capital":"London","capital_geom":"0101000020E61000001BBE8575E3DDBDBF0000000000C04940"}},{"type":"Feature","geometry":{"type":"MultiPolygon","coordinates":[[[[-7.822266,43.771094],[-7.734375,43.771094],[-7.558594,43.771094],[-7.470703,43.707594],[-7.382812,43.707594],[-7.382812,43.644026],[-7.294922,43.580391],[-5.976562,43.580391],[-5.888672,43.644026],[-5.800781,43.644026],[-5.800781,43.580391],[-5.712891,43.580391],[-5.712891,43.516689],[-5.625,43.516689],[-5.625,43.580391],[-5.361328,43.580391],[-5.185547,43.452919],[-4.921875,43.452919],[-4.746094,43.389082],[-4.130859,43.389082],[-4.042969,43.452919],[-3.955078,43.452919],[-3.779297,43.516689],[-3.779297,43.452919],[-3.603516,43.516689],[-3.515625,43.516689],[-3.339844,43.389082],[-2.988281,43.389082],[-2.900391,43.452919],[-2.8125,43.452919],[-2.8125,43.389082],[-2.460938,43.389082],[-2.460938,43.325178],[-2.021484,43.325178],[-1.845703,43.389082],[-1.757812,43.389082],[-1.757812,43.325178],[-1.669922,43.325178],[-1.494141,43.261206],[-1.40625,43.261206],[-1.40625,43.133061],[-1.494141,43.068888],[-1.230469,43.068888],[-1.054688,43.004647],[-0.966797,43.004647],[-0.966797,42.940339],[-0.703125,42.940339],[-0.703125,42.875964],[-0.527344,42.811522],[-0.175781,42.811522],[-0.087891,42.747012],[-0.087891,42.682435],[0.087891,42.682435],[0.175781,42.747012],[0.263672,42.682435],[0.703125,42.682435],[0.703125,42.875964],[0.791016,42.811522],[1.054688,42.811522],[1.142578,42.747012],[1.142578,42.682435],[1.318359,42.747012],[1.40625,42.682435],[1.40625,42.488302],[1.494141,42.423457],[1.582031,42.423457],[1.669922,42.488302],[1.845703,42.488302],[2.021484,42.358544],[2.109375,42.358544],[2.109375,42.423457],[2.373047,42.423457],[2.460938,42.358544],[2.636719,42.358544],[2.636719,42.423457],[2.724609,42.423457],[2.988281,42.488302],[3.076172,42.488302],[3.076172,42.423457],[3.164062,42.423457],[3.164062,42.358544],[3.251953,42.358544],[3.339844,42.293564],[3.251953,42.228517],[3.076172,42.228517],[3.076172,42.163403],[3.251953,42.032974],[3.251953,41.967659],[3.164062,41.902277],[3.164062,41.836828],[3.076172,41.836828],[2.900391,41.705729],[2.8125,41.705729],[2.724609,41.640078],[2.636719,41.640078],[2.636719,41.574361],[2.548828,41.574361],[2.285156,41.442726],[2.197266,41.442726],[2.197266,41.310824],[2.021484,41.310824],[2.021484,41.244772],[1.757812,41.244772],[1.669922,41.178654],[1.494141,41.178654],[1.318359,41.112469],[1.054688,41.112469],[1.054688,41.046217],[0.966797,41.046217],[0.878906,40.979898],[0.703125,40.780541],[0.878906,40.713956],[0.878906,40.647304],[0.703125,40.580585],[0.703125,40.647304],[0.615234,40.647304],[0.527344,40.580585],[0.527344,40.513799],[0.439453,40.446947],[0.351562,40.313043],[0.351562,40.245992],[0.263672,40.245992],[0.263672,40.178873],[0.0,40.044438],[0.0,39.909736],[-0.175781,39.774769],[-0.175781,39.707187],[-0.351562,39.504041],[-0.351562,39.436193],[-0.263672,39.164141],[-0.175781,39.027719],[-0.175781,38.959409],[-0.087891,38.891033],[0.087891,38.891033],[0.175781,38.754083],[0.175781,38.68551],[0.0,38.61687],[-0.087891,38.61687],[-0.263672,38.479395],[-0.351562,38.479395],[-0.351562,38.410558],[-0.527344,38.341656],[-0.615234,38.203655],[-0.615234,38.065392],[-0.703125,38.065392],[-0.703125,37.996163],[-0.791016,37.857507],[-0.791016,37.788081],[-0.878906,37.71859],[-0.791016,37.649034],[-0.703125,37.649034],[-0.703125,37.579413],[-1.318359,37.579413],[-1.318359,37.509726],[-1.494141,37.509726],[-1.494141,37.439974],[-1.582031,37.370157],[-1.669922,37.370157],[-1.757812,37.230328],[-1.845703,37.230328],[-1.845703,37.09024],[-1.933594,36.949892],[-2.021484,36.879621],[-2.021484,36.809285],[-2.109375,36.738884],[-2.197266,36.738884],[-2.285156,36.809285],[-2.548828,36.809285],[-2.636719,36.738884],[-2.636719,36.668419],[-2.900391,36.668419],[-2.900391,36.738884],[-3.339844,36.738884],[-3.427734,36.668419],[-3.515625,36.668419],[-3.515625,36.738884],[-4.394531,36.738884],[-4.482422,36.668419],[-4.482422,36.597889],[-4.658203,36.527295],[-4.746094,36.456636],[-4.833984,36.527295],[-4.921875,36.527295],[-5.097656,36.456636],[-5.361328,36.244273],[-5.361328,36.173357],[-5.449219,36.173357],[-5.449219,36.031332],[-5.625,36.031332],[-5.800781,36.102376],[-5.888672,36.173357],[-6.064453,36.173357],[-6.152344,36.315125],[-6.240234,36.385913],[-6.240234,36.456636],[-6.152344,36.527295],[-6.240234,36.597889],[-6.416016,36.597889],[-6.416016,36.738884],[-6.328125,36.879621],[-6.416016,36.949892],[-6.591797,37.020098],[-6.679688,37.09024],[-6.943359,37.160317],[-7.03125,37.230328],[-7.294922,37.230328],[-7.382812,37.230328],[-7.470703,37.230328],[-7.470703,37.509726],[-7.558594,37.509726],[-7.558594,37.579413],[-7.470703,37.71859],[-7.382812,37.71859],[-7.382812,37.788081],[-7.294922,37.788081],[-7.294922,37.996163],[-7.119141,37.996163],[-6.943359,38.134557],[-6.943359,38.203655],[-7.119141,38.203655],[-7.119141,38.272689],[-7.294922,38.410558],[-7.294922,38.754083],[-7.119141,38.754083],[-7.119141,38.822591],[-7.03125,38.891033],[-6.943359,39.027719],[-6.943359,39.095963],[-7.119141,39.095963],[-7.382812,39.504041],[-7.558594,39.639538],[-7.294922,39.639538],[-7.207031,39.639538],[-7.03125,39.639538],[-7.03125,39.707187],[-6.943359,39.707187],[-6.855469,40.044438],[-6.943359,40.111689],[-7.03125,40.111689],[-7.03125,40.245992],[-6.855469,40.245992],[-6.855469,40.380028],[-6.767578,40.513799],[-6.855469,40.713956],[-6.767578,40.84706],[-6.855469,40.979898],[-6.943359,40.979898],[-6.943359,41.046217],[-6.767578,41.046217],[-6.767578,41.112469],[-6.679688,41.244772],[-6.503906,41.244772],[-6.328125,41.376809],[-6.328125,41.442726],[-6.240234,41.508577],[-6.240234,41.640078],[-6.328125,41.640078],[-6.328125,41.705729],[-6.503906,41.705729],[-6.503906,41.902277],[-6.591797,41.967659],[-7.207031,41.967659],[-7.207031,41.902277],[-7.294922,41.836828],[-7.558594,41.836828],[-7.734375,41.902277],[-7.822266,41.836828],[-7.910156,41.836828],[-7.998047,41.836828],[-8.085938,41.836828],[-8.085938,41.771312],[-8.173828,41.771312],[-8.173828,41.967659],[-8.085938,42.032974],[-8.173828,42.163403],[-8.261719,42.163403],[-8.349609,42.098222],[-8.525391,42.098222],[-8.701172,41.967659],[-8.789062,41.967659],[-8.789062,41.902277],[-8.876953,41.902277],[-8.876953,42.098222],[-8.789062,42.163403],[-8.789062,42.228517],[-8.876953,42.228517],[-8.876953,42.293564],[-8.789062,42.293564],[-8.789062,42.358544],[-8.701172,42.423457],[-8.876953,42.423457],[-8.876953,42.488302],[-8.789062,42.55308],[-8.789062,42.617791],[-8.701172,42.617791],[-8.701172,42.682435],[-8.876953,42.682435],[-8.876953,42.617791],[-8.964844,42.617791],[-8.964844,42.55308],[-9.052734,42.488302],[-9.052734,42.682435],[-9.052734,42.747012],[-9.140625,42.747012],[-9.140625,42.940339],[-9.316406,42.940339],[-9.228516,43.068888],[-9.228516,43.133061],[-9.140625,43.197167],[-8.964844,43.197167],[-8.964844,43.325178],[-8.701172,43.325178],[-8.4375,43.389082],[-8.349609,43.389082],[-8.349609,43.452919],[-8.261719,43.580391],[-7.998047,43.707594],[-7.910156,43.771094],[-7.822266,43.771094]],[[-8.613281,42.293564],[-8.789062,42.293564],[-8.701172,42.228517],[-8.613281,42.293564]]],[[[3.076172,39.300299],[2.988281,39.300299],[2.8125,39.368279],[2.724609,39.368279],[2.724609,39.571822],[2.636719,39.571822],[2.548828,39.504041],[2.373047,39.504041],[2.373047,39.639538],[2.548828,39.707187],[2.636719,39.774769],[2.8125,39.842286],[2.900391,39.909736],[3.076172,39.909736],[3.076172,39.842286],[3.251953,39.707187],[3.339844,39.707187],[3.339844,39.774769],[3.427734,39.774769],[3.515625,39.707187],[3.339844,39.571822],[3.339844,39.504041],[3.251953,39.436193],[3.251953,39.368279],[3.076172,39.300299]]],[[[4.21875,40.044438],[4.21875,39.97712],[4.306641,39.97712],[4.306641,39.774769],[4.21875,39.774769],[4.21875,39.842286],[4.130859,39.842286],[4.130859,39.909736],[3.779297,39.909736],[3.779297,40.044438],[4.21875,40.044438]]],[[[1.582031,39.095963],[1.582031,38.959409],[1.40625,38.822591],[1.318359,38.891033],[1.230469,38.891033],[1.230469,38.959409],[1.318359,39.027719],[1.318359,39.095963],[1.582031,39.095963]]],[[[1.494141,38.754083],[1.582031,38.68551],[1.40625,38.68551],[1.40625,38.754083],[1.494141,38.754083]]]]},"properties":{"From":1886,"To":2023,"id":null,"Holder":null,"Name":"Spain","Status":"independent","Area":null,"Capital":"Madrid","capital_geom":"0101000020E61000007638BA4A77770DC03333333333334440"}},{"type":"Feature","geometry":{"type":"MultiPolygon","coordinates":[[[[11.865234,54.673831],[11.777344,54.622978],[11.689453,54.622978],[11.689453,54.673831],[11.601562,54.673831],[11.513672,54.622978],[11.337891,54.622978],[11.337891,54.673831],[11.25,54.72462],[11.074219,54.72462],[10.986328,54.775346],[10.986328,54.876607],[11.162109,54.977614],[11.25,54.977614],[11.25,54.927142],[11.337891,54.927142],[11.337891,54.876607],[11.425781,54.876607],[11.513672,54.826008],[11.601562,54.826008],[11.601562,54.876607],[11.777344,54.876607],[11.689453,54.927142],[11.777344,54.977614],[11.865234,54.977614],[11.865234,54.927142],[12.041016,54.876607],[12.128906,54.876607],[12.128906,54.775346],[12.041016,54.775346],[11.953125,54.72462],[11.953125,54.572062],[11.865234,54.673831]]],[[[10.458984,57.657158],[10.458984,57.562995],[10.546875,57.421294],[10.546875,57.231503],[10.458984,57.183902],[10.458984,57.136239],[10.371094,56.992883],[10.283203,56.992883],[10.283203,56.704506],[10.371094,56.704506],[10.371094,56.656226],[10.283203,56.607885],[10.283203,56.559482],[10.371094,56.559482],[10.458984,56.511018],[10.634766,56.511018],[10.722656,56.559482],[10.810547,56.559482],[10.810547,56.511018],[10.898438,56.511018],[10.986328,56.46249],[10.898438,56.316537],[10.722656,56.218923],[10.546875,56.218923],[10.546875,56.12106],[10.371094,56.170023],[10.371094,56.218923],[10.283203,56.170023],[10.283203,56.12106],[10.283203,55.924586],[10.195312,55.825973],[10.107422,55.825973],[10.107422,55.875311],[10.019531,55.875311],[9.84375,55.825973],[10.019531,55.825973],[10.019531,55.677584],[9.755859,55.677584],[9.84375,55.578345],[9.755859,55.528631],[9.84375,55.528631],[9.84375,55.478853],[9.755859,55.478853],[9.667969,55.528631],[9.667969,55.478853],[9.580078,55.429013],[9.580078,55.37911],[9.667969,55.279115],[9.755859,55.229023],[9.667969,55.178868],[9.492188,55.178868],[9.492188,55.078367],[9.580078,55.028022],[9.667969,55.028022],[9.667969,55.078367],[9.84375,55.078367],[9.84375,55.028022],[10.019531,54.977614],[10.019531,54.927142],[10.107422,54.876607],[9.755859,54.876607],[9.755859,54.826008],[9.667969,54.876607],[9.667969,54.927142],[9.580078,54.927142],[9.580078,54.876607],[9.492188,54.876607],[9.492188,54.826008],[9.228516,54.826008],[9.140625,54.876607],[8.876953,54.876607],[8.789062,54.876607],[8.701172,54.876607],[8.701172,55.128649],[8.701172,55.329144],[8.613281,55.37911],[8.613281,55.429013],[8.525391,55.429013],[8.261719,55.578345],[8.261719,55.478853],[8.085938,55.578345],[8.173828,55.627996],[8.173828,55.825973],[8.261719,55.825973],[8.349609,55.924586],[8.349609,56.072035],[8.261719,56.072035],[8.261719,56.12106],[8.173828,56.12106],[8.173828,56.072035],[8.085938,56.022948],[8.085938,56.559482],[8.173828,56.656226],[8.173828,56.704506],[8.261719,56.704506],[8.261719,56.848972],[8.349609,56.897004],[8.349609,56.944974],[8.613281,57.088515],[8.701172,57.088515],[8.876953,57.088515],[8.876953,57.136239],[9.404297,57.136239],[9.667969,57.279043],[9.667969,57.373938],[9.755859,57.373938],[9.755859,57.421294],[9.84375,57.468589],[9.931641,57.562995],[10.107422,57.562995],[10.107422,57.610107],[10.283203,57.610107],[10.458984,57.657158]],[[9.228516,56.992883],[9.228516,57.04073],[9.052734,57.04073],[8.876953,56.992883],[8.789062,56.992883],[8.789062,56.944974],[8.876953,56.944974],[8.876953,56.752723],[8.964844,56.800878],[9.140625,56.800878],[9.140625,56.897004],[9.228516,56.992883]],[[8.613281,56.656226],[8.525391,56.752723],[8.525391,56.800878],[8.4375,56.800878],[8.4375,56.656226],[8.349609,56.656226],[8.261719,56.656226],[8.349609,56.559482],[8.525391,56.559482],[8.613281,56.511018],[8.701172,56.559482],[8.701172,56.607885],[8.701172,56.656226],[8.613281,56.656226]],[[10.371094,56.218923],[10.458984,56.218923],[10.458984,56.316537],[10.371094,56.316537],[10.371094,56.218923]],[[9.228516,56.656226],[9.316406,56.607885],[9.316406,56.704506],[9.228516,56.704506],[9.140625,56.704506],[9.228516,56.656226]],[[9.667969,57.04073],[9.931641,57.04073],[10.019531,57.088515],[9.667969,57.04073]],[[9.755859,54.977614],[9.84375,54.927142],[9.84375,55.028022],[9.755859,55.028022],[9.755859,54.977614]],[[9.140625,56.656226],[9.052734,56.607885],[9.052734,56.559482],[9.140625,56.559482],[9.140625,56.607885],[9.140625,56.656226]],[[10.195312,56.704506],[9.84375,56.656226],[10.107422,56.656226],[10.195312,56.704506]],[[8.789062,56.944974],[8.701172,56.944974],[8.701172,56.897004],[8.789062,56.897004],[8.789062,56.944974]],[[9.667969,57.04073],[9.492188,57.04073],[9.580078,56.992883],[9.667969,57.04073]]],[[[8.613281,56.656226],[8.613281,56.607885],[8.525391,56.559482],[8.4375,56.656226],[8.613281,56.656226]]],[[[11.953125,55.924586],[12.041016,55.924586],[12.041016,55.973798],[11.953125,55.973798],[11.953125,56.022948],[12.216797,56.12106],[12.304688,56.12106],[12.480469,56.072035],[12.568359,56.072035],[12.568359,56.022948],[12.480469,55.924586],[12.568359,55.875311],[12.568359,55.677584],[12.480469,55.627996],[12.392578,55.627996],[12.392578,55.578345],[12.216797,55.578345],[12.216797,55.429013],[12.304688,55.37911],[12.480469,55.37911],[12.480469,55.279115],[12.392578,55.279115],[12.304688,55.229023],[12.216797,55.229023],[12.041016,55.178868],[12.041016,55.128649],[12.216797,55.128649],[12.128906,54.977614],[11.865234,54.977614],[11.865234,55.028022],[11.777344,55.078367],[11.777344,55.178868],[11.513672,55.178868],[11.425781,55.229023],[11.337891,55.178868],[11.25,55.178868],[11.162109,55.329144],[11.25,55.37911],[11.162109,55.429013],[11.162109,55.578345],[11.074219,55.677584],[10.986328,55.677584],[10.898438,55.72711],[11.162109,55.72711],[11.162109,55.677584],[11.25,55.677584],[11.513672,55.825973],[11.513672,55.924586],[11.601562,55.924586],[11.689453,55.924586],[11.689453,55.776573],[11.777344,55.776573],[11.777344,55.677584],[11.865234,55.677584],[11.865234,55.776573],[11.953125,55.924586]],[[12.041016,55.72711],[11.953125,55.72711],[11.953125,55.677584],[12.128906,55.677584],[12.128906,55.72711],[12.041016,55.72711]]],[[[10.810547,54.977614],[10.810547,54.927142],[10.810547,54.826008],[10.722656,54.775346],[10.634766,54.775346],[10.634766,54.826008],[10.722656,54.876607],[10.722656,54.977614],[10.810547,54.977614]]],[[[9.84375,55.478853],[9.931641,55.478853],[9.931641,55.528631],[10.019531,55.528631],[10.107422,55.578345],[10.195312,55.578345],[10.283203,55.627996],[10.458984,55.528631],[10.458984,55.429013],[10.634766,55.478853],[10.634766,55.578345],[10.810547,55.37911],[10.810547,55.128649],[10.722656,55.078367],[10.634766,55.078367],[10.634766,55.028022],[10.634766,54.977614],[10.546875,54.977614],[10.546875,55.028022],[10.458984,55.028022],[10.195312,55.078367],[10.195312,55.128649],[10.107422,55.128649],[10.107422,55.178868],[10.019531,55.178868],[9.931641,55.279115],[9.84375,55.329144],[9.84375,55.429013],[9.84375,55.478853]]],[[[10.283203,54.927142],[10.458984,54.876607],[10.458984,54.826008],[10.371094,54.826008],[10.283203,54.876607],[10.283203,54.927142]]],[[[14.853516,55.279115],[14.853516,55.229023],[15.029297,55.178868],[15.117188,55.178868],[15.117188,54.977614],[15.029297,54.977614],[14.941406,55.028022],[14.853516,55.028022],[14.765625,55.078367],[14.677734,55.078367],[14.677734,55.229023],[14.765625,55.279115],[14.853516,55.279115]]],[[[12.304688,54.977614],[12.304688,54.927142],[12.216797,54.927142],[12.216797,54.876607],[12.128906,54.876607],[12.128906,54.977614],[12.216797,54.977614],[12.304688,54.977614]]],[[[11.162109,57.326521],[11.074219,57.279043],[11.074219,57.231503],[10.986328,57.231503],[10.898438,57.279043],[10.986328,57.326521],[11.162109,57.326521]]],[[[10.546875,55.973798],[10.634766,55.875311],[10.634766,55.776573],[10.546875,55.776573],[10.546875,55.973798]]],[[[8.613281,55.128649],[8.525391,55.078367],[8.4375,55.078367],[8.4375,55.178868],[8.525391,55.178868],[8.613281,55.128649]]],[[[12.480469,54.977614],[12.304688,54.977614],[12.304688,55.028022],[12.480469,55.028022],[12.480469,54.977614]]],[[[11.513672,55.924586],[11.337891,55.924586],[11.25,55.973798],[11.425781,55.973798],[11.513672,55.924586]]],[[[10.898438,55.078367],[10.898438,55.178868],[10.986328,55.178868],[10.898438,55.078367]]],[[[12.480469,54.977614],[12.568359,54.977614],[12.568359,54.927142],[12.480469,54.927142],[12.480469,54.977614]]],[[[11.689453,55.924586],[11.689453,55.973798],[11.777344,55.973798],[11.777344,55.924586],[11.689453,55.924586]]],[[[10.546875,57.704147],[10.546875,57.657158],[10.458984,57.657158],[10.458984,57.704147],[10.546875,57.704147]]],[[[10.546875,57.704147],[10.546875,57.751076],[10.634766,57.751076],[10.634766,57.704147],[10.546875,57.704147]]],[[[11.953125,55.924586],[11.865234,55.924586],[11.865234,55.973798],[11.953125,55.924586]]]]},"properties":{"From":1920,"To":2023,"id":null,"Holder":null,"Name":"Denmark","Status":"independent","Area":null,"Capital":"Copenhagen","capital_geom":"0101000020E610000062D7F6764B2229409F5912A0A6D64B40"}},{"type":"Feature","geometry":{"type":"MultiPolygon","coordinates":[[[[12.65625,54.470038],[12.65625,54.41893],[12.480469,54.41893],[12.480469,54.470038],[12.65625,54.470038]]],[[[8.876953,54.876607],[9.140625,54.876607],[9.228516,54.826008],[9.404297,54.826008],[9.404297,54.775346],[9.580078,54.826008],[9.667969,54.826008],[9.667969,54.775346],[10.019531,54.775346],[10.019531,54.521081],[9.931641,54.470038],[10.283203,54.470038],[10.371094,54.41893],[10.634766,54.367759],[10.634766,54.316523],[10.810547,54.316523],[10.898438,54.367759],[11.074219,54.367759],[11.074219,54.162434],[10.986328,54.162434],[10.898438,54.110943],[10.810547,54.110943],[10.810547,54.059388],[10.810547,54.007769],[10.898438,54.007769],[10.898438,53.956086],[10.986328,53.956086],[10.986328,54.007769],[11.162109,54.007769],[11.25,53.956086],[11.425781,53.904338],[11.425781,53.956086],[11.513672,53.956086],[11.513672,54.007769],[11.601562,54.007769],[11.601562,54.110943],[11.689453,54.162434],[11.953125,54.162434],[12.304688,54.265224],[12.304688,54.316523],[12.392578,54.316523],[12.568359,54.367759],[12.744141,54.367759],[12.919922,54.41893],[13.007812,54.41893],[13.095703,54.367759],[13.271484,54.367759],[13.271484,54.41893],[13.183594,54.41893],[13.183594,54.470038],[13.183594,54.521081],[13.271484,54.572062],[13.183594,54.622978],[13.271484,54.673831],[13.359375,54.673831],[13.359375,54.572062],[13.710938,54.572062],[13.710938,54.521081],[13.623047,54.521081],[13.623047,54.41893],[13.710938,54.41893],[13.710938,54.316523],[13.359375,54.316523],[13.359375,54.265224],[13.359375,54.213861],[13.359375,54.162434],[13.447266,54.110943],[13.710938,54.162434],[13.798828,54.110943],[13.886719,54.110943],[13.886719,54.059388],[13.886719,54.007769],[13.798828,54.007769],[13.798828,53.956086],[13.798828,53.904338],[13.886719,53.904338],[13.974609,53.904338],[13.974609,53.956086],[14.0625,53.956086],[14.150391,53.956086],[14.238281,53.956086],[14.238281,53.904338],[14.0625,53.904338],[14.0625,53.852527],[13.798828,53.852527],[13.974609,53.800651],[14.238281,53.696706],[14.326172,53.540307],[14.414062,53.330873],[14.414062,53.120405],[14.326172,53.014783],[14.238281,52.961875],[14.150391,52.961875],[14.150391,52.855864],[14.326172,52.749594],[14.414062,52.749594],[14.414062,52.696361],[14.501953,52.643063],[14.589844,52.643063],[14.589844,52.589701],[14.677734,52.589701],[14.677734,52.48278],[14.589844,52.429222],[14.501953,52.429222],[14.501953,52.375599],[14.589844,52.268157],[14.677734,52.268157],[14.765625,52.05249],[14.677734,51.944265],[14.677734,51.835778],[14.589844,51.835778],[14.677734,51.727028],[14.765625,51.672555],[14.765625,51.618017],[14.677734,51.563412],[14.765625,51.508742],[14.853516,51.508742],[14.941406,51.454007],[14.941406,51.344339],[15.029297,51.344339],[15.029297,51.124213],[14.941406,51.069017],[14.941406,50.958427],[14.853516,50.903033],[14.853516,50.847573],[14.589844,50.847573],[14.589844,50.903033],[14.589844,51.013755],[14.414062,51.013755],[14.326172,51.069017],[14.238281,51.013755],[14.326172,50.958427],[14.326172,50.903033],[14.150391,50.847573],[14.0625,50.847573],[13.886719,50.792047],[13.886719,50.736455],[13.623047,50.736455],[13.623047,50.680797],[13.535156,50.680797],[13.535156,50.625073],[13.359375,50.625073],[13.271484,50.569283],[13.183594,50.569283],[13.183594,50.513427],[13.095703,50.513427],[13.095703,50.457504],[13.007812,50.457504],[13.007812,50.401515],[12.919922,50.401515],[12.832031,50.457504],[12.744141,50.457504],[12.65625,50.401515],[12.480469,50.401515],[12.480469,50.34546],[12.304688,50.233152],[12.216797,50.289339],[12.216797,50.34546],[12.128906,50.34546],[12.128906,50.289339],[12.216797,50.176898],[12.216797,50.120578],[12.392578,50.007739],[12.480469,50.007739],[12.568359,49.894634],[12.480469,49.837982],[12.480469,49.667628],[12.568359,49.61071],[12.568359,49.496675],[12.832031,49.325122],[13.007812,49.325122],[13.007812,49.267805],[13.183594,49.15297],[13.359375,49.095452],[13.359375,48.980217],[13.623047,48.980217],[13.623047,48.922499],[13.710938,48.864715],[13.798828,48.864715],[13.798828,48.57479],[13.710938,48.516604],[13.623047,48.57479],[13.447266,48.57479],[13.447266,48.400032],[13.271484,48.283193],[13.007812,48.283193],[12.744141,48.107431],[12.832031,48.04871],[12.832031,47.989922],[13.007812,47.872144],[12.919922,47.813155],[12.919922,47.694974],[13.095703,47.694974],[13.095703,47.517201],[13.007812,47.457809],[12.919922,47.457809],[12.832031,47.517201],[12.832031,47.635784],[12.744141,47.694974],[12.568359,47.694974],[12.568359,47.635784],[11.953125,47.635784],[11.777344,47.576526],[11.689453,47.576526],[11.601562,47.517201],[11.425781,47.517201],[11.337891,47.398349],[10.986328,47.398349],[10.986328,47.457809],[10.898438,47.517201],[10.722656,47.576526],[10.634766,47.517201],[10.546875,47.517201],[10.458984,47.576526],[10.458984,47.398349],[10.283203,47.279229],[10.195312,47.279229],[10.195312,47.338823],[10.283203,47.398349],[10.019531,47.517201],[9.931641,47.517201],[9.84375,47.576526],[9.755859,47.576526],[9.755859,47.517201],[9.580078,47.517201],[9.492188,47.576526],[9.228516,47.635784],[9.052734,47.694974],[8.964844,47.694974],[8.964844,47.635784],[8.876953,47.635784],[8.876953,47.694974],[8.789062,47.694974],[8.701172,47.694974],[8.701172,47.813155],[8.525391,47.813155],[8.4375,47.754098],[8.4375,47.635784],[8.4375,47.576526],[8.261719,47.576526],[8.261719,47.635784],[8.173828,47.635784],[8.085938,47.576526],[7.734375,47.576526],[7.734375,47.517201],[7.646484,47.517201],[7.646484,47.576526],[7.558594,47.576526],[7.558594,47.872144],[7.646484,47.989922],[7.558594,48.04871],[7.558594,48.166085],[7.734375,48.283193],[7.734375,48.400032],[7.822266,48.57479],[7.910156,48.632909],[7.998047,48.748945],[8.085938,48.806863],[8.085938,48.864715],[8.173828,48.864715],[8.173828,48.980217],[7.998047,48.980217],[7.998047,49.037868],[7.646484,49.037868],[7.470703,49.15297],[7.382812,49.15297],[7.294922,49.095452],[7.119141,49.095452],[6.943359,49.21042],[6.855469,49.21042],[6.855469,49.15297],[6.679688,49.15297],[6.679688,49.267805],[6.591797,49.382373],[6.416016,49.496675],[6.328125,49.496675],[6.416016,49.667628],[6.503906,49.724479],[6.503906,49.837982],[6.416016,49.837982],[6.328125,49.837982],[6.152344,49.95122],[6.152344,50.233152],[6.328125,50.34546],[6.416016,50.34546],[6.416016,50.457504],[6.328125,50.457504],[6.328125,50.513427],[6.240234,50.513427],[6.240234,50.625073],[6.064453,50.736455],[5.976562,50.736455],[5.976562,50.847573],[6.064453,50.847573],[6.064453,50.958427],[5.888672,50.958427],[5.888672,51.069017],[5.976562,51.069017],[6.064453,51.124213],[6.064453,51.234407],[6.240234,51.344339],[6.240234,51.508742],[6.064453,51.618017],[5.976562,51.727028],[5.976562,51.835778],[6.064453,51.890054],[6.152344,51.890054],[6.328125,51.835778],[6.503906,51.835778],[6.503906,51.890054],[6.767578,51.890054],[6.767578,51.944265],[6.767578,51.99841],[6.767578,52.05249],[6.767578,52.106505],[6.855469,52.106505],[6.855469,52.160455],[6.943359,52.160455],[6.943359,52.214339],[7.03125,52.214339],[7.03125,52.375599],[6.943359,52.429222],[6.767578,52.48278],[6.679688,52.48278],[6.679688,52.536273],[6.767578,52.536273],[6.767578,52.589701],[6.679688,52.643063],[7.03125,52.643063],[7.03125,52.802761],[7.119141,52.802761],[7.119141,52.908902],[7.207031,52.961875],[7.207031,53.278353],[7.294922,53.330873],[7.03125,53.330873],[7.03125,53.540307],[7.294922,53.696706],[7.998047,53.696706],[7.998047,53.644638],[8.085938,53.644638],[8.085938,53.592505],[8.173828,53.540307],[8.085938,53.488046],[8.085938,53.435719],[8.261719,53.383328],[8.261719,53.435719],[8.349609,53.435719],[8.349609,53.488046],[8.261719,53.540307],[8.261719,53.644638],[8.349609,53.644638],[8.4375,53.644638],[8.4375,53.696706],[8.525391,53.800651],[8.613281,53.852527],[8.613281,53.904338],[8.701172,53.904338],[8.876953,53.800651],[9.052734,53.852527],[9.316406,53.852527],[9.316406,53.904338],[8.876953,53.904338],[8.876953,54.059388],[8.964844,54.007769],[9.052734,54.059388],[8.964844,54.110943],[8.876953,54.110943],[8.789062,54.162434],[8.789062,54.213861],[8.789062,54.265224],[8.613281,54.265224],[8.613281,54.41893],[8.876953,54.41893],[8.964844,54.470038],[9.052734,54.470038],[9.052734,54.521081],[8.964844,54.521081],[8.964844,54.572062],[8.876953,54.572062],[8.876953,54.622978],[8.789062,54.673831],[8.789062,54.72462],[8.701172,54.72462],[8.701172,54.775346],[8.613281,54.826008],[8.613281,54.876607],[8.613281,54.927142],[8.701172,54.927142],[8.701172,54.876607],[8.789062,54.876607],[8.876953,54.876607]],[[13.095703,54.316523],[13.095703,54.265224],[13.271484,54.265224],[13.183594,54.316523],[13.095703,54.316523]],[[8.525391,53.488046],[8.4375,53.435719],[8.4375,53.383328],[8.525391,53.383328],[8.525391,53.488046]],[[9.316406,53.852527],[9.316406,53.800651],[9.404297,53.748711],[9.404297,53.852527],[9.316406,53.852527]],[[8.4375,53.644638],[8.525391,53.540307],[8.525391,53.644638],[8.4375,53.644638]]],[[[8.4375,54.977614],[8.4375,54.927142],[8.4375,54.876607],[8.261719,54.876607],[8.261719,54.927142],[8.349609,54.977614],[8.349609,55.028022],[8.4375,55.078367],[8.4375,54.977614]]]]},"properties":{"From":1990,"To":2023,"id":null,"Holder":null,"Name":"German Federal Republic","Status":"independent","Area":null,"Capital":"Berlin","capital_geom":"0101000020E6100000CDCCCCCCCCCC2A408369183E22424A40"}},{"type":"Feature","geometry":{"type":"MultiPolygon","coordinates":[[[[22.060547,47.457809],[22.236328,47.635784],[22.236328,47.694974],[22.412109,47.813155],[22.5,47.813155],[22.587891,47.754098],[22.675781,47.754098],[23.115234,48.04871],[23.115234,48.107431],[23.291016,48.107431],[23.291016,48.04871],[23.378906,48.04871],[23.378906,47.989922],[23.554688,47.989922],[23.818359,47.931066],[24.082031,47.931066],[24.257812,47.872144],[24.345703,47.931066],[24.609375,47.931066],[24.697266,47.872144],[24.697266,47.813155],[24.785156,47.813155],[24.873047,47.694974],[25.048828,47.694974],[25.048828,47.754098],[25.136719,47.754098],[25.136719,47.813155],[25.3125,47.931066],[25.839844,47.931066],[25.927734,47.989922],[26.191406,47.989922],[26.279297,48.107431],[26.279297,48.166085],[26.367188,48.224673],[26.542969,48.224673],[26.630859,48.283193],[26.71875,48.283193],[26.806641,48.224673],[26.982422,48.166085],[27.158203,47.989922],[27.158203,47.872144],[27.246094,47.813155],[27.246094,47.694974],[27.421875,47.576526],[27.597656,47.338823],[27.597656,47.279229],[27.773438,47.279229],[27.773438,47.15984],[27.949219,47.040182],[28.037109,47.040182],[28.037109,46.980252],[28.125,46.920255],[28.125,46.860191],[28.212891,46.739861],[28.212891,46.316584],[28.125,46.195042],[28.125,45.644768],[28.037109,45.58329],[28.300781,45.39845],[28.300781,45.336702],[28.388672,45.274886],[28.564453,45.213004],[28.828125,45.213004],[28.828125,45.274886],[29.355469,45.460131],[29.443359,45.460131],[29.53125,45.39845],[29.619141,45.39845],[29.619141,45.274886],[29.619141,45.213004],[29.619141,44.840291],[29.53125,44.840291],[29.443359,44.777936],[29.179688,44.777936],[29.091797,44.840291],[29.003906,44.840291],[29.003906,44.902578],[29.091797,44.964798],[29.003906,45.02695],[28.916016,44.964798],[28.828125,44.964798],[28.828125,44.902578],[28.916016,44.840291],[28.916016,44.777936],[28.916016,44.715514],[28.828125,44.715514],[28.740234,44.715514],[28.740234,44.653024],[28.828125,44.590467],[28.740234,44.590467],[28.740234,44.527843],[28.828125,44.527843],[28.828125,44.465151],[28.652344,44.339565],[28.652344,43.897892],[28.564453,43.771094],[28.125,43.771094],[28.037109,43.834527],[27.949219,43.961191],[27.861328,43.961191],[27.685547,43.961191],[27.685547,44.024422],[27.421875,44.024422],[27.333984,44.087585],[27.246094,44.087585],[27.246094,44.150681],[26.806641,44.150681],[26.806641,44.087585],[26.71875,44.087585],[26.455078,44.024422],[26.279297,44.024422],[26.103516,43.961191],[25.751953,43.707594],[25.664062,43.707594],[25.576172,43.644026],[25.3125,43.644026],[25.224609,43.707594],[24.697266,43.707594],[24.609375,43.771094],[24.433594,43.771094],[24.433594,43.707594],[24.082031,43.707594],[23.994141,43.771094],[23.554688,43.771094],[23.554688,43.834527],[23.203125,43.834527],[23.115234,43.771094],[23.027344,43.771094],[22.939453,43.834527],[22.851562,43.834527],[22.851562,43.961191],[22.939453,44.024422],[23.027344,44.024422],[23.027344,44.087585],[22.939453,44.087585],[22.939453,44.150681],[22.675781,44.21371],[22.675781,44.276671],[22.587891,44.276671],[22.5,44.339565],[22.5,44.465151],[22.587891,44.527843],[22.675781,44.527843],[22.763672,44.527843],[22.763672,44.590467],[22.587891,44.590467],[22.587891,44.653024],[22.5,44.653024],[22.5,44.715514],[22.412109,44.715514],[22.236328,44.590467],[22.236328,44.527843],[22.148438,44.465151],[22.060547,44.527843],[22.060547,44.590467],[21.972656,44.653024],[21.621094,44.653024],[21.621094,44.777936],[21.357422,44.777936],[21.357422,44.902578],[21.533203,44.902578],[21.533203,44.964798],[21.357422,44.964798],[21.357422,45.02695],[21.445312,45.151053],[21.445312,45.213004],[21.269531,45.213004],[21.005859,45.336702],[20.830078,45.460131],[20.830078,45.521744],[20.742188,45.644768],[20.830078,45.644768],[20.830078,45.767523],[20.742188,45.767523],[20.566406,45.890008],[20.478516,45.890008],[20.390625,45.95115],[20.390625,46.012224],[20.302734,46.073231],[20.302734,46.13417],[20.478516,46.195042],[20.566406,46.195042],[20.566406,46.13417],[20.654297,46.13417],[20.742188,46.195042],[20.742188,46.255847],[21.09375,46.255847],[21.181641,46.316584],[21.181641,46.377254],[21.269531,46.437857],[21.269531,46.55886],[21.445312,46.679594],[21.533203,46.679594],[21.533203,46.800059],[21.621094,46.860191],[21.708984,46.980252],[21.621094,47.040182],[21.708984,47.100045],[21.796875,47.100045],[21.796875,47.219568],[21.884766,47.279229],[21.884766,47.338823],[21.972656,47.338823],[21.972656,47.398349],[22.060547,47.398349],[22.060547,47.457809]]],[[[28.916016,44.653024],[28.916016,44.590467],[28.916016,44.527843],[28.828125,44.590467],[28.828125,44.653024],[28.916016,44.653024]]],[[[28.916016,44.653024],[28.916016,44.715514],[29.003906,44.715514],[29.003906,44.653024],[28.916016,44.653024]]]]},"properties":{"From":1940,"To":2023,"id":null,"Holder":null,"Name":"Rumania","Status":"independent","Area":null,"Capital":"Bukarest","capital_geom":"0101000020E61000009A99999999193A401630815B77374640"}},{"type":"Feature","geometry":{"type":"MultiPolygon","coordinates":[[[[27.949219,43.961191],[28.037109,43.834527],[28.125,43.771094],[28.564453,43.771094],[28.564453,43.452919],[28.476562,43.389082],[28.037109,43.389082],[28.037109,43.197167],[27.949219,43.197167],[27.949219,43.133061],[27.861328,43.068888],[27.861328,42.682435],[27.773438,42.682435],[27.421875,42.488302],[27.421875,42.423457],[27.685547,42.423457],[27.685547,42.358544],[27.773438,42.228517],[28.037109,42.032974],[28.037109,41.967659],[27.597656,41.967659],[27.597656,41.902277],[27.421875,41.967659],[27.421875,42.032974],[27.333984,42.032974],[27.333984,42.098222],[27.070312,42.098222],[26.982422,42.032974],[26.982422,41.967659],[26.542969,41.967659],[26.542969,41.836828],[26.367188,41.836828],[26.367188,41.705729],[26.279297,41.705729],[26.279297,41.771312],[26.103516,41.771312],[26.103516,41.640078],[26.191406,41.508577],[26.191406,41.442726],[26.015625,41.310824],[25.488281,41.310824],[25.3125,41.244772],[25.224609,41.244772],[25.048828,41.376809],[24.873047,41.442726],[24.785156,41.376809],[24.609375,41.442726],[24.433594,41.574361],[24.257812,41.508577],[24.169922,41.508577],[24.082031,41.508577],[23.994141,41.442726],[23.818359,41.442726],[23.730469,41.376809],[23.203125,41.376809],[23.203125,41.310824],[22.939453,41.310824],[22.939453,41.640078],[23.027344,41.705729],[23.027344,41.771312],[22.939453,41.771312],[22.939453,41.902277],[22.851562,41.967659],[22.851562,42.032974],[22.675781,42.032974],[22.5,42.163403],[22.412109,42.293564],[22.412109,42.358544],[22.5,42.358544],[22.5,42.423457],[22.5,42.488302],[22.5,42.55308],[22.412109,42.617791],[22.412109,42.811522],[22.5,42.875964],[22.763672,42.875964],[22.763672,42.940339],[22.939453,43.068888],[22.939453,43.133061],[22.939453,43.197167],[22.851562,43.261206],[22.851562,43.325178],[22.763672,43.389082],[22.675781,43.389082],[22.587891,43.452919],[22.5,43.452919],[22.412109,43.707594],[22.324219,43.834527],[22.412109,44.024422],[22.675781,44.21371],[22.939453,44.150681],[22.939453,44.087585],[23.027344,44.087585],[23.027344,44.024422],[22.939453,44.024422],[22.851562,43.961191],[22.851562,43.834527],[22.939453,43.834527],[23.027344,43.771094],[23.115234,43.771094],[23.203125,43.834527],[23.554688,43.834527],[23.554688,43.771094],[23.994141,43.771094],[24.082031,43.707594],[24.433594,43.707594],[24.433594,43.771094],[24.609375,43.771094],[24.697266,43.707594],[25.224609,43.707594],[25.3125,43.644026],[25.576172,43.644026],[25.664062,43.707594],[25.751953,43.707594],[26.103516,43.961191],[26.279297,44.024422],[26.455078,44.024422],[26.71875,44.087585],[26.806641,44.087585],[26.806641,44.150681],[27.246094,44.150681],[27.246094,44.087585],[27.333984,44.087585],[27.421875,44.024422],[27.685547,44.024422],[27.685547,43.961191],[27.861328,43.961191],[27.949219,43.961191]]]]},"properties":{"From":1940,"To":2023,"id":null,"Holder":null,"Name":"Bulgaria","Status":"independent","Area":null,"Capital":"Sofia","capital_geom":"0101000020E610000033A83638115137401630815B77574540"}},{"type":"Feature","geometry":{"type":"MultiPolygon","coordinates":[[[[29.091797,41.178654],[29.091797,41.112469],[28.916016,40.979898],[28.564453,40.979898],[28.476562,40.979898],[28.476562,41.046217],[28.388672,41.046217],[28.212891,41.112469],[28.125,41.112469],[28.125,41.046217],[28.037109,41.046217],[27.949219,40.979898],[27.773438,40.979898],[27.685547,40.979898],[27.509766,40.979898],[27.421875,40.913513],[27.421875,40.84706],[27.333984,40.713956],[26.982422,40.580585],[26.894531,40.513799],[26.71875,40.446947],[26.455078,40.245992],[26.367188,40.111689],[26.279297,40.111689],[26.279297,40.178873],[26.279297,40.313043],[26.455078,40.446947],[26.542969,40.446947],[26.630859,40.513799],[26.71875,40.513799],[26.806641,40.580585],[26.806641,40.647304],[26.455078,40.647304],[26.367188,40.580585],[26.103516,40.580585],[26.103516,40.713956],[26.191406,40.84706],[26.279297,40.84706],[26.279297,40.913513],[26.367188,40.979898],[26.367188,41.046217],[26.279297,41.112469],[26.279297,41.244772],[26.455078,41.244772],[26.630859,41.310824],[26.630859,41.508577],[26.542969,41.640078],[26.367188,41.705729],[26.367188,41.836828],[26.542969,41.836828],[26.542969,41.967659],[26.982422,41.967659],[26.982422,42.032974],[27.070312,42.098222],[27.333984,42.098222],[27.333984,42.032974],[27.421875,42.032974],[27.421875,41.967659],[27.597656,41.902277],[27.597656,41.967659],[28.037109,41.967659],[28.037109,41.902277],[27.949219,41.902277],[27.949219,41.836828],[28.037109,41.640078],[28.125,41.640078],[28.125,41.574361],[28.212891,41.508577],[28.300781,41.508577],[28.300781,41.442726],[28.476562,41.442726],[28.828125,41.310824],[28.916016,41.244772],[29.091797,41.244772],[29.091797,41.178654]],[[28.564453,41.112469],[28.476562,41.046217],[28.564453,41.046217],[28.564453,41.112469]]],[[[25.927734,40.245992],[26.015625,40.178873],[26.015625,40.111689],[25.664062,40.111689],[25.664062,40.178873],[25.751953,40.178873],[25.751953,40.245992],[25.927734,40.245992]]],[[[27.685547,40.647304],[27.597656,40.580585],[27.509766,40.580585],[27.509766,40.647304],[27.685547,40.647304]]]]},"properties":{"From":1923,"To":2023,"id":null,"Holder":null,"Name":"Turkey (Ottoman Empire)","Status":"independent","Area":null,"Capital":"Ankara","capital_geom":"0101000020E61000002829B000A66E40403B191C25AFF64340"}},{"type":"Feature","geometry":{"type":"MultiPolygon","coordinates":[[[[19.6875,42.617791],[19.775391,42.617791],[19.775391,42.488302],[19.951172,42.488302],[20.039062,42.55308],[20.126953,42.55308],[20.126953,42.488302],[20.214844,42.488302],[20.214844,42.293564],[20.478516,42.293564],[20.478516,42.228517],[20.566406,42.032974],[20.566406,41.771312],[20.478516,41.771312],[20.566406,41.640078],[20.478516,41.574361],[20.478516,41.442726],[20.478516,41.376809],[20.478516,41.244772],[20.566406,41.178654],[20.566406,41.112469],[20.654297,41.112469],[20.742188,40.913513],[21.005859,40.913513],[21.005859,40.713956],[21.09375,40.647304],[21.005859,40.580585],[20.917969,40.446947],[20.830078,40.446947],[20.742188,40.380028],[20.742188,40.245992],[20.654297,40.111689],[20.566406,40.111689],[20.566406,40.044438],[20.478516,40.044438],[20.302734,39.97712],[20.302734,39.909736],[20.390625,39.909736],[20.390625,39.774769],[20.302734,39.774769],[20.302734,39.707187],[20.214844,39.639538],[20.126953,39.639538],[20.126953,39.707187],[19.951172,39.707187],[19.951172,39.909736],[19.863281,40.044438],[19.775391,40.111689],[19.599609,40.111689],[19.599609,40.178873],[19.511719,40.178873],[19.423828,40.245992],[19.423828,40.313043],[19.423828,40.380028],[19.511719,40.380028],[19.511719,40.446947],[19.423828,40.580585],[19.335938,40.647304],[19.335938,40.713956],[19.423828,40.84706],[19.511719,40.84706],[19.511719,40.979898],[19.423828,40.979898],[19.423828,41.046217],[19.511719,41.112469],[19.511719,41.310824],[19.423828,41.310824],[19.423828,41.376809],[19.511719,41.574361],[19.599609,41.574361],[19.599609,41.771312],[19.511719,41.836828],[19.335938,41.836828],[19.335938,41.967659],[19.423828,42.098222],[19.335938,42.163403],[19.248047,42.163403],[19.511719,42.423457],[19.599609,42.55308],[19.599609,42.617791],[19.6875,42.617791]]]]},"properties":{"From":1920,"To":2023,"id":null,"Holder":null,"Name":"Albania","Status":"independent","Area":null,"Capital":"Tirane","capital_geom":"0101000020E61000007D0569C6A2D1334052B81E85EBA94440"}},{"type":"Feature","geometry":{"type":"MultiPolygon","coordinates":[[[[19.511719,43.325178],[19.599609,43.261206],[19.6875,43.197167],[19.775391,43.197167],[19.951172,43.068888],[20.039062,43.068888],[20.126953,43.004647],[20.214844,43.004647],[20.302734,42.940339],[20.390625,42.940339],[20.390625,42.811522],[20.302734,42.811522],[20.214844,42.747012],[20.126953,42.747012],[20.039062,42.811522],[20.039062,42.682435],[20.039062,42.617791],[20.039062,42.55308],[19.951172,42.488302],[19.775391,42.488302],[19.775391,42.617791],[19.6875,42.617791],[19.599609,42.617791],[19.599609,42.55308],[19.511719,42.423457],[19.248047,42.163403],[19.335938,42.163403],[19.423828,42.098222],[19.335938,41.967659],[19.335938,41.902277],[19.248047,41.902277],[19.160156,41.967659],[19.160156,42.032974],[19.072266,42.098222],[19.072266,42.163403],[18.984375,42.163403],[18.896484,42.293564],[18.808594,42.293564],[18.632812,42.358544],[18.544922,42.358544],[18.544922,42.423457],[18.720703,42.423457],[18.720703,42.488302],[18.457031,42.488302],[18.457031,42.55308],[18.544922,42.617791],[18.544922,42.747012],[18.457031,42.747012],[18.457031,43.004647],[18.544922,43.004647],[18.632812,43.068888],[18.632812,43.133061],[18.720703,43.261206],[18.896484,43.389082],[18.984375,43.325178],[18.984375,43.261206],[19.072266,43.261206],[19.072266,43.325178],[18.984375,43.452919],[18.896484,43.516689],[18.984375,43.580391],[19.248047,43.516689],[19.248047,43.452919],[19.511719,43.389082],[19.511719,43.325178]]]]},"properties":{"From":2006,"To":2023,"id":null,"Holder":null,"Name":"Montenegro","Status":"independent","Area":null,"Capital":"Podgorica","capital_geom":"0101000020E6100000A9DDAF027C43334023F8DF4A76384540"}},{"type":"Feature","geometry":{"type":"MultiPolygon","coordinates":[[[[16.787109,45.213004],[16.962891,45.274886],[17.050781,45.213004],[17.050781,45.151053],[17.314453,45.151053],[17.490234,45.089036],[17.841797,45.089036],[17.929688,45.089036],[18.193359,45.089036],[18.28125,45.151053],[18.457031,45.089036],[18.632812,45.089036],[18.808594,45.02695],[18.808594,44.964798],[18.720703,44.964798],[18.720703,44.902578],[18.808594,44.902578],[18.808594,44.840291],[19.072266,44.840291],[19.160156,44.902578],[19.423828,44.902578],[19.423828,44.840291],[19.335938,44.777936],[19.335938,44.715514],[19.160156,44.590467],[19.160156,44.465151],[19.072266,44.402392],[19.072266,44.339565],[19.160156,44.339565],[19.160156,44.276671],[19.248047,44.276671],[19.335938,44.21371],[19.511719,44.150681],[19.599609,44.087585],[19.599609,44.024422],[19.511719,43.961191],[19.335938,43.961191],[19.335938,44.024422],[19.248047,44.024422],[19.248047,43.961191],[19.335938,43.834527],[19.423828,43.771094],[19.511719,43.771094],[19.511719,43.580391],[19.335938,43.580391],[19.248047,43.516689],[18.984375,43.580391],[18.896484,43.516689],[18.984375,43.452919],[19.072266,43.325178],[19.072266,43.261206],[18.984375,43.261206],[18.984375,43.325178],[18.896484,43.389082],[18.720703,43.261206],[18.632812,43.133061],[18.632812,43.068888],[18.544922,43.004647],[18.457031,43.004647],[18.457031,42.747012],[18.544922,42.747012],[18.544922,42.617791],[18.457031,42.55308],[18.369141,42.617791],[18.193359,42.617791],[18.193359,42.682435],[18.017578,42.747012],[17.929688,42.811522],[17.841797,42.811522],[17.841797,42.875964],[17.753906,42.940339],[17.666016,42.940339],[17.666016,43.068888],[17.578125,43.068888],[17.578125,43.133061],[17.402344,43.197167],[17.314453,43.261206],[17.314453,43.325178],[17.226562,43.389082],[17.226562,43.452919],[17.138672,43.516689],[17.050781,43.516689],[16.962891,43.580391],[16.962891,43.644026],[16.787109,43.707594],[16.699219,43.834527],[16.611328,43.897892],[16.523438,44.024422],[16.435547,44.024422],[16.259766,44.150681],[16.259766,44.21371],[16.171875,44.21371],[16.171875,44.339565],[16.083984,44.527843],[15.996094,44.590467],[15.996094,44.715514],[15.820312,44.715514],[15.732422,44.777936],[15.732422,45.089036],[15.820312,45.151053],[15.820312,45.213004],[15.996094,45.213004],[16.083984,45.151053],[16.171875,45.02695],[16.347656,45.02695],[16.523438,45.151053],[16.523438,45.213004],[16.787109,45.213004]]]]},"properties":{"From":1992,"To":2023,"id":null,"Holder":null,"Name":"Bosnia-Herzegovina","Status":"independent","Area":null,"Capital":"Sarajevo","capital_geom":"0101000020E6100000BF9B6ED921623240CDCCCCCCCCEC4540"}},{"type":"Feature","geometry":{"type":"MultiPolygon","coordinates":[[[[20.478516,41.376809],[20.478516,41.442726],[20.478516,41.574361],[20.566406,41.640078],[20.478516,41.771312],[20.566406,41.771312],[20.566406,41.902277],[20.654297,41.836828],[20.742188,41.836828],[20.742188,42.032974],[20.830078,42.098222],[20.917969,42.098222],[21.09375,42.228517],[21.181641,42.228517],[21.181641,42.163403],[21.269531,42.163403],[21.357422,42.228517],[21.796875,42.228517],[21.796875,42.293564],[21.884766,42.358544],[22.060547,42.293564],[22.236328,42.293564],[22.236328,42.358544],[22.324219,42.358544],[22.412109,42.293564],[22.5,42.163403],[22.675781,42.032974],[22.851562,42.032974],[22.851562,41.967659],[22.939453,41.902277],[22.939453,41.771312],[23.027344,41.771312],[23.027344,41.705729],[22.939453,41.640078],[22.939453,41.310824],[22.763672,41.310824],[22.763672,41.178654],[22.587891,41.112469],[22.324219,41.112469],[22.324219,41.178654],[22.236328,41.178654],[21.972656,41.112469],[21.884766,41.112469],[21.884766,41.046217],[21.796875,40.913513],[21.621094,40.84706],[21.533203,40.913513],[21.445312,40.913513],[21.357422,40.84706],[21.005859,40.84706],[21.005859,40.913513],[20.742188,40.913513],[20.654297,41.112469],[20.566406,41.112469],[20.566406,41.178654],[20.478516,41.244772],[20.478516,41.376809]]]]},"properties":{"From":1991,"To":2023,"id":null,"Holder":null,"Name":"Macedonia (FYROM/North Macedonia)","Status":"independent","Area":null,"Capital":"Skopje","capital_geom":"0101000020E61000009ED15625916D35403255302AA9FF4440"}},{"type":"Feature","geometry":{"type":"MultiPolygon","coordinates":[[[[18.896484,45.890008],[19.072266,46.012224],[19.160156,46.012224],[19.160156,45.95115],[19.248047,45.95115],[19.599609,46.195042],[19.6875,46.195042],[19.775391,46.13417],[19.863281,46.13417],[19.951172,46.195042],[20.126953,46.13417],[20.302734,46.13417],[20.302734,46.073231],[20.390625,46.012224],[20.390625,45.95115],[20.478516,45.890008],[20.566406,45.890008],[20.742188,45.767523],[20.830078,45.767523],[20.830078,45.644768],[20.742188,45.644768],[20.830078,45.521744],[20.830078,45.460131],[21.005859,45.336702],[21.269531,45.213004],[21.445312,45.213004],[21.445312,45.151053],[21.357422,45.02695],[21.357422,44.964798],[21.533203,44.964798],[21.533203,44.902578],[21.357422,44.902578],[21.357422,44.777936],[21.621094,44.777936],[21.621094,44.653024],[21.972656,44.653024],[22.060547,44.590467],[22.060547,44.527843],[22.148438,44.465151],[22.236328,44.527843],[22.236328,44.590467],[22.412109,44.715514],[22.5,44.715514],[22.5,44.653024],[22.587891,44.653024],[22.587891,44.590467],[22.763672,44.590467],[22.763672,44.527843],[22.675781,44.527843],[22.587891,44.527843],[22.5,44.465151],[22.5,44.339565],[22.587891,44.276671],[22.675781,44.276671],[22.675781,44.21371],[22.412109,44.024422],[22.324219,43.834527],[22.412109,43.707594],[22.5,43.452919],[22.587891,43.452919],[22.675781,43.389082],[22.763672,43.389082],[22.851562,43.325178],[22.851562,43.261206],[22.939453,43.197167],[22.939453,43.133061],[22.939453,43.068888],[22.763672,42.940339],[22.763672,42.875964],[22.5,42.875964],[22.412109,42.811522],[22.412109,42.617791],[22.5,42.55308],[22.5,42.488302],[22.5,42.423457],[22.5,42.358544],[22.412109,42.358544],[22.324219,42.358544],[22.236328,42.358544],[22.236328,42.293564],[22.060547,42.293564],[21.884766,42.358544],[21.796875,42.293564],[21.796875,42.228517],[21.533203,42.228517],[21.533203,42.358544],[21.621094,42.358544],[21.621094,42.488302],[21.708984,42.488302],[21.708984,42.617791],[21.796875,42.617791],[21.796875,42.682435],[21.621094,42.682435],[21.621094,42.747012],[21.357422,42.747012],[21.357422,42.811522],[21.445312,42.811522],[21.445312,42.875964],[21.269531,42.875964],[21.269531,42.940339],[21.181641,43.004647],[21.181641,43.133061],[20.917969,43.133061],[20.917969,43.197167],[20.830078,43.261206],[20.742188,43.261206],[20.654297,43.197167],[20.654297,43.133061],[20.654297,43.068888],[20.654297,43.004647],[20.566406,43.004647],[20.478516,42.940339],[20.478516,42.875964],[20.390625,42.875964],[20.390625,42.940339],[20.302734,42.940339],[20.214844,43.004647],[20.126953,43.004647],[20.039062,43.068888],[19.951172,43.068888],[19.775391,43.197167],[19.6875,43.197167],[19.599609,43.261206],[19.511719,43.325178],[19.511719,43.389082],[19.248047,43.452919],[19.248047,43.516689],[19.335938,43.580391],[19.511719,43.580391],[19.511719,43.771094],[19.423828,43.771094],[19.335938,43.834527],[19.248047,43.961191],[19.248047,44.024422],[19.335938,44.024422],[19.335938,43.961191],[19.511719,43.961191],[19.599609,44.024422],[19.599609,44.087585],[19.511719,44.150681],[19.335938,44.21371],[19.248047,44.276671],[19.160156,44.276671],[19.160156,44.339565],[19.072266,44.339565],[19.072266,44.402392],[19.160156,44.465151],[19.160156,44.590467],[19.335938,44.715514],[19.335938,44.777936],[19.423828,44.840291],[19.423828,44.902578],[19.160156,44.902578],[19.072266,44.840291],[18.984375,44.902578],[19.160156,45.02695],[19.072266,45.089036],[19.160156,45.213004],[18.984375,45.39845],[18.984375,45.521744],[18.896484,45.521744],[18.896484,45.644768],[18.984375,45.644768],[18.984375,45.767523],[18.896484,45.890008]],[[19.248047,45.213004],[19.248047,45.151053],[19.423828,45.151053],[19.423828,45.213004],[19.248047,45.213004]]]]},"properties":{"From":2008,"To":2023,"id":null,"Holder":null,"Name":"Serbia","Status":"independent","Area":null,"Capital":"Belgrade","capital_geom":"0101000020E6100000D690B8C7D2773440DB166536C8684640"}},{"type":"Feature","geometry":{"type":"MultiPolygon","coordinates":[[[[17.226562,43.004647],[17.050781,43.004647],[17.050781,43.068888],[17.226562,43.004647]]],[[[17.402344,42.811522],[17.578125,42.811522],[17.666016,42.747012],[17.402344,42.747012],[17.402344,42.811522]]],[[[16.962891,42.940339],[16.962891,43.004647],[17.050781,43.004647],[17.138672,42.940339],[16.962891,42.940339]]],[[[19.248047,45.213004],[19.423828,45.213004],[19.423828,45.151053],[19.248047,45.151053],[19.248047,45.213004]]],[[[16.259766,43.068888],[16.171875,43.004647],[16.083984,43.004647],[16.083984,43.068888],[16.259766,43.068888]]],[[[16.699219,43.197167],[16.787109,43.133061],[16.435547,43.133061],[16.347656,43.197167],[16.699219,43.197167]]],[[[14.765625,45.089036],[14.765625,45.02695],[14.765625,44.964798],[14.677734,44.964798],[14.501953,45.02695],[14.414062,45.089036],[14.501953,45.213004],[14.589844,45.213004],[14.589844,45.274886],[14.501953,45.336702],[14.238281,45.336702],[14.238281,45.089036],[14.150391,45.089036],[14.150391,44.964798],[14.0625,44.964798],[13.974609,44.902578],[13.974609,44.840291],[13.886719,44.777936],[13.798828,44.840291],[13.798828,44.964798],[13.710938,45.089036],[13.623047,45.151053],[13.623047,45.274886],[13.535156,45.39845],[13.535156,45.521744],[13.623047,45.460131],[14.414062,45.460131],[14.414062,45.521744],[14.501953,45.521744],[14.501953,45.644768],[14.589844,45.644768],[14.677734,45.521744],[14.853516,45.460131],[14.941406,45.460131],[14.941406,45.521744],[15.117188,45.460131],[15.117188,45.39845],[15.205078,45.39845],[15.292969,45.460131],[15.292969,45.644768],[15.380859,45.644768],[15.380859,45.706179],[15.292969,45.706179],[15.292969,45.767523],[15.380859,45.767523],[15.46875,45.828799],[15.732422,45.828799],[15.732422,46.073231],[15.644531,46.073231],[15.644531,46.13417],[15.644531,46.195042],[15.996094,46.316584],[16.083984,46.316584],[16.083984,46.377254],[16.171875,46.377254],[16.259766,46.437857],[16.259766,46.55886],[16.347656,46.55886],[16.435547,46.498392],[16.611328,46.498392],[16.787109,46.377254],[16.875,46.377254],[16.875,46.255847],[16.962891,46.255847],[17.050781,46.195042],[17.138672,46.195042],[17.138672,46.13417],[17.226562,46.073231],[17.226562,46.012224],[17.314453,45.95115],[17.578125,45.95115],[17.578125,45.890008],[17.666016,45.890008],[17.666016,45.828799],[17.841797,45.767523],[18.457031,45.767523],[18.544922,45.828799],[18.632812,45.828799],[18.632812,45.890008],[18.808594,45.890008],[18.984375,45.767523],[18.984375,45.644768],[18.896484,45.644768],[18.896484,45.521744],[18.984375,45.521744],[18.984375,45.39845],[19.160156,45.213004],[19.072266,45.089036],[19.160156,45.02695],[18.984375,44.902578],[19.072266,44.840291],[18.808594,44.840291],[18.808594,44.902578],[18.720703,44.902578],[18.720703,44.964798],[18.808594,44.964798],[18.808594,45.02695],[18.632812,45.089036],[18.457031,45.089036],[18.28125,45.151053],[18.193359,45.089036],[17.929688,45.089036],[17.841797,45.089036],[17.490234,45.089036],[17.314453,45.151053],[17.050781,45.151053],[17.050781,45.213004],[16.962891,45.274886],[16.787109,45.213004],[16.523438,45.213004],[16.523438,45.151053],[16.347656,45.02695],[16.171875,45.02695],[16.083984,45.151053],[15.996094,45.213004],[15.820312,45.213004],[15.820312,45.151053],[15.732422,45.089036],[15.732422,44.777936],[15.820312,44.715514],[15.996094,44.715514],[15.996094,44.590467],[16.083984,44.527843],[16.171875,44.339565],[16.171875,44.21371],[16.259766,44.21371],[16.259766,44.150681],[16.435547,44.024422],[16.523438,44.024422],[16.611328,43.897892],[16.699219,43.834527],[16.787109,43.707594],[16.962891,43.644026],[16.962891,43.580391],[17.050781,43.516689],[17.138672,43.516689],[17.226562,43.452919],[17.226562,43.389082],[17.314453,43.325178],[17.314453,43.261206],[17.402344,43.197167],[17.578125,43.133061],[17.578125,43.068888],[17.666016,43.068888],[17.666016,42.940339],[17.490234,42.940339],[17.490234,43.068888],[17.314453,43.133061],[17.226562,43.133061],[17.050781,43.261206],[16.962891,43.389082],[16.787109,43.389082],[16.875,43.325178],[16.875,43.261206],[16.523438,43.261206],[16.435547,43.325178],[16.435547,43.389082],[16.699219,43.389082],[16.523438,43.516689],[16.435547,43.516689],[16.347656,43.516689],[16.171875,43.516689],[16.083984,43.452919],[15.996094,43.452919],[15.996094,43.516689],[15.908203,43.580391],[15.908203,43.644026],[15.820312,43.771094],[15.644531,43.771094],[15.556641,43.834527],[15.556641,43.897892],[15.46875,43.897892],[15.380859,43.961191],[15.292969,44.087585],[15.117188,44.21371],[15.117188,44.276671],[15.117188,44.339565],[15.029297,44.402392],[15.029297,44.465151],[15.029297,44.527843],[15.029297,44.590467],[14.941406,44.527843],[14.941406,44.590467],[14.941406,44.715514],[14.853516,44.715514],[14.853516,44.840291],[14.941406,44.902578],[14.941406,44.964798],[14.853516,45.089036],[14.765625,45.089036]],[[15.117188,44.465151],[15.205078,44.339565],[15.205078,44.276671],[15.46875,44.276671],[15.292969,44.339565],[15.205078,44.465151],[15.117188,44.465151]],[[14.765625,45.089036],[14.765625,45.151053],[14.677734,45.151053],[14.677734,45.089036],[14.765625,45.089036]],[[15.029297,44.465151],[15.117188,44.465151],[15.117188,44.527843],[15.029297,44.465151]]],[[[17.402344,42.940339],[17.490234,42.940339],[17.666016,42.875964],[17.666016,42.940339],[17.753906,42.940339],[17.841797,42.875964],[17.841797,42.811522],[17.753906,42.811522],[17.578125,42.811522],[17.402344,42.875964],[17.402344,42.940339]]],[[[14.414062,44.902578],[14.501953,44.715514],[14.501953,44.590467],[14.414062,44.653024],[14.326172,44.840291],[14.326172,44.902578],[14.414062,44.902578]]],[[[18.193359,42.617791],[18.369141,42.617791],[18.457031,42.55308],[18.457031,42.423457],[18.193359,42.55308],[18.193359,42.617791]]],[[[14.414062,44.590467],[14.326172,44.590467],[14.326172,44.715514],[14.414062,44.653024],[14.414062,44.590467]]],[[[17.841797,42.811522],[17.929688,42.811522],[18.017578,42.747012],[18.193359,42.682435],[18.193359,42.617791],[18.017578,42.682435],[17.841797,42.747012],[17.841797,42.811522]]],[[[16.787109,42.940339],[16.699219,42.940339],[16.611328,43.004647],[16.787109,43.004647],[16.787109,42.940339]]],[[[14.326172,45.089036],[14.414062,45.089036],[14.414062,44.964798],[14.326172,45.02695],[14.326172,45.089036]]],[[[16.875,42.940339],[16.875,42.875964],[16.787109,42.940339],[16.875,42.940339]]],[[[14.414062,44.590467],[14.501953,44.590467],[14.501953,44.527843],[14.414062,44.590467]]]]},"properties":{"From":1992,"To":2023,"id":null,"Holder":null,"Name":"Croatia","Status":"independent","Area":null,"Capital":"Zagreb","capital_geom":"0101000020E61000005DA45016BEF62F40DCF4673F52E84640"}},{"type":"Feature","geometry":{"type":"MultiPolygon","coordinates":[[[[15.029297,46.619261],[15.117188,46.619261],[15.117188,46.679594],[15.556641,46.679594],[15.820312,46.739861],[15.996094,46.739861],[15.996094,46.860191],[16.347656,46.860191],[16.347656,46.679594],[16.435547,46.679594],[16.523438,46.498392],[16.435547,46.498392],[16.347656,46.55886],[16.259766,46.55886],[16.259766,46.437857],[16.171875,46.377254],[16.083984,46.377254],[16.083984,46.316584],[15.996094,46.316584],[15.644531,46.195042],[15.644531,46.13417],[15.644531,46.073231],[15.732422,46.073231],[15.732422,45.828799],[15.46875,45.828799],[15.380859,45.767523],[15.292969,45.767523],[15.292969,45.706179],[15.380859,45.706179],[15.380859,45.644768],[15.292969,45.644768],[15.292969,45.460131],[15.205078,45.39845],[15.117188,45.39845],[15.117188,45.460131],[14.941406,45.521744],[14.941406,45.460131],[14.853516,45.460131],[14.677734,45.521744],[14.589844,45.644768],[14.501953,45.644768],[14.501953,45.521744],[14.414062,45.521744],[14.414062,45.460131],[13.623047,45.460131],[13.623047,45.521744],[13.710938,45.521744],[13.710938,45.58329],[13.886719,45.58329],[13.886719,45.644768],[13.798828,45.706179],[13.798828,45.767523],[13.710938,45.767523],[13.623047,45.828799],[13.623047,46.012224],[13.535156,45.95115],[13.447266,46.012224],[13.535156,46.073231],[13.623047,46.073231],[13.623047,46.195042],[13.535156,46.195042],[13.447266,46.195042],[13.447266,46.255847],[13.359375,46.316584],[13.447266,46.316584],[13.623047,46.437857],[13.710938,46.437857],[13.710938,46.498392],[14.150391,46.498392],[14.150391,46.437857],[14.501953,46.437857],[14.501953,46.377254],[14.853516,46.498392],[14.853516,46.619261],[15.029297,46.619261]]],[[[15.029297,46.619261],[15.029297,46.679594],[15.117188,46.679594],[15.029297,46.619261]]]]},"properties":{"From":1992,"To":2023,"id":null,"Holder":null,"Name":"Slovenia","Status":"independent","Area":null,"Capital":"Ljubljana","capital_geom":"0101000020E61000002C82FFAD64072D40BB0F406A13074740"}},{"type":"Feature","geometry":{"type":"MultiPolygon","coordinates":[[[[43.945312,42.55308],[43.857422,42.488302],[43.769531,42.488302],[43.769531,42.423457],[43.857422,42.423457],[43.769531,42.358544],[43.681641,42.358544],[43.59375,42.228517],[43.59375,42.163403],[43.505859,42.098222],[43.505859,42.032974],[43.417969,42.032974],[43.330078,41.967659],[43.330078,41.902277],[43.242188,41.836828],[42.978516,41.771312],[42.1875,41.771312],[42.1875,41.705729],[42.011719,41.705729],[41.923828,41.640078],[41.835938,41.640078],[41.748047,41.705729],[41.748047,41.967659],[41.660156,42.098222],[41.660156,42.293564],[41.572266,42.358544],[41.572266,42.488302],[41.484375,42.488302],[41.484375,42.747012],[41.396484,42.747012],[41.220703,42.811522],[41.132812,42.811522],[41.044922,42.875964],[41.044922,43.004647],[40.869141,43.004647],[40.869141,43.068888],[40.693359,43.068888],[40.341797,43.133061],[40.253906,43.261206],[40.253906,43.325178],[40.078125,43.389082],[39.990234,43.389082],[39.990234,43.452919],[40.078125,43.580391],[40.341797,43.580391],[40.517578,43.516689],[40.78125,43.516689],[40.78125,43.452919],[40.869141,43.452919],[40.957031,43.389082],[41.220703,43.389082],[41.572266,43.261206],[41.572266,43.197167],[42.099609,43.197167],[42.1875,43.261206],[42.451172,43.261206],[42.451172,43.197167],[42.539062,43.197167],[42.626953,43.133061],[42.714844,43.197167],[42.890625,43.197167],[42.978516,43.133061],[42.978516,43.068888],[43.154297,42.940339],[43.242188,42.940339],[43.417969,42.875964],[43.59375,42.875964],[43.59375,42.811522],[43.769531,42.811522],[43.857422,42.747012],[43.769531,42.682435],[43.769531,42.617791],[43.945312,42.55308]]],[[[45.351562,42.55308],[45.439453,42.55308],[45.615234,42.55308],[45.703125,42.488302],[45.791016,42.488302],[45.703125,42.358544],[45.703125,42.228517],[45.966797,42.032974],[46.054688,42.032974],[46.230469,41.967659],[46.40625,41.967659],[46.40625,41.836828],[46.318359,41.771312],[46.230469,41.771312],[46.230469,41.574361],[46.494141,41.376809],[46.582031,41.376809],[46.669922,41.244772],[46.669922,41.178654],[46.494141,41.046217],[46.40625,41.112469],[46.318359,41.112469],[46.318359,41.178654],[45.878906,41.178654],[45.878906,41.244772],[45.791016,41.244772],[45.615234,41.376809],[45.263672,41.508577],[45.263672,41.574361],[45.351562,41.574361],[45.351562,41.640078],[45.175781,41.705729],[45.087891,41.771312],[45.0,41.771312],[44.648438,41.967659],[44.648438,42.358544],[44.560547,42.423457],[44.296875,42.423457],[44.296875,42.488302],[44.208984,42.55308],[43.945312,42.55308],[44.208984,42.617791],[44.208984,42.682435],[44.384766,42.682435],[44.472656,42.747012],[44.736328,42.747012],[44.736328,42.682435],[44.824219,42.682435],[44.824219,42.747012],[45.0,42.747012],[45.0,42.682435],[45.263672,42.682435],[45.351562,42.55308]]]]},"properties":{"From":1991,"To":2023,"id":null,"Holder":null,"Name":"Georgia","Status":"independent","Area":null,"Capital":"T'bilisi","capital_geom":"0101000020E61000003CDD79E239654640CDCCCCCCCCDC4440"}},{"type":"Feature","geometry":{"type":"MultiPolygon","coordinates":[[[[12.128906,47.040182],[12.128906,46.920255],[12.216797,46.920255],[12.216797,46.860191],[12.304688,46.860191],[12.392578,46.739861],[12.392578,46.679594],[12.65625,46.679594],[12.744141,46.619261],[12.832031,46.619261],[13.183594,46.55886],[13.623047,46.55886],[13.710938,46.498392],[13.710938,46.437857],[13.623047,46.437857],[13.447266,46.316584],[13.359375,46.316584],[13.447266,46.255847],[13.447266,46.195042],[13.535156,46.195042],[13.623047,46.195042],[13.623047,46.073231],[13.535156,46.073231],[13.447266,46.012224],[13.535156,45.95115],[13.623047,46.012224],[13.623047,45.828799],[13.623047,45.767523],[13.535156,45.767523],[13.535156,45.706179],[13.447266,45.706179],[13.359375,45.767523],[13.095703,45.767523],[13.095703,45.644768],[12.919922,45.644768],[12.832031,45.58329],[12.65625,45.521744],[12.568359,45.521744],[12.568359,45.460131],[12.480469,45.460131],[12.480469,45.521744],[12.304688,45.460131],[12.128906,45.274886],[12.480469,45.02695],[12.480469,44.964798],[12.568359,44.964798],[12.480469,44.902578],[12.480469,44.840291],[12.392578,44.902578],[12.392578,44.840291],[12.304688,44.840291],[12.216797,44.777936],[12.216797,44.715514],[12.304688,44.465151],[12.392578,44.276671],[12.392578,44.150681],[12.480469,44.150681],[12.480469,44.087585],[12.568359,44.087585],[12.65625,43.961191],[12.832031,43.961191],[13.095703,43.834527],[13.095703,43.771094],[13.183594,43.771094],[13.359375,43.644026],[13.535156,43.644026],[13.535156,43.580391],[13.623047,43.580391],[13.623047,43.452919],[13.710938,43.389082],[13.798828,43.068888],[13.886719,43.004647],[13.886719,42.811522],[13.974609,42.811522],[13.974609,42.747012],[14.0625,42.682435],[14.0625,42.617791],[14.238281,42.488302],[14.501953,42.228517],[14.589844,42.228517],[14.677734,42.163403],[14.677734,42.098222],[14.765625,42.098222],[14.853516,42.032974],[14.941406,42.032974],[15.029297,41.967659],[15.117188,41.967659],[15.117188,41.902277],[15.820312,41.902277],[15.908203,41.967659],[16.083984,41.967659],[16.171875,41.902277],[16.171875,41.771312],[15.996094,41.705729],[15.996094,41.640078],[15.908203,41.640078],[15.908203,41.508577],[16.083984,41.376809],[16.171875,41.376809],[16.699219,41.178654],[16.787109,41.178654],[17.050781,41.112469],[17.226562,40.979898],[17.314453,40.979898],[17.314453,40.913513],[17.490234,40.84706],[17.753906,40.713956],[17.929688,40.647304],[18.017578,40.647304],[18.017578,40.580585],[18.105469,40.513799],[18.28125,40.446947],[18.457031,40.313043],[18.457031,40.245992],[18.544922,40.111689],[18.457031,40.044438],[18.457031,39.97712],[18.369141,39.909736],[18.369141,39.774769],[18.28125,39.774769],[18.28125,39.842286],[18.193359,39.842286],[18.105469,39.909736],[18.017578,39.909736],[18.017578,40.111689],[17.929688,40.245992],[17.841797,40.313043],[17.402344,40.313043],[17.314453,40.446947],[17.226562,40.446947],[17.050781,40.513799],[16.962891,40.513799],[16.962891,40.446947],[16.699219,40.245992],[16.699219,40.111689],[16.611328,40.111689],[16.611328,39.97712],[16.523438,39.909736],[16.523438,39.639538],[16.699219,39.639538],[16.787109,39.571822],[16.962891,39.504041],[17.138672,39.368279],[17.138672,38.891033],[16.962891,38.959409],[16.875,38.891033],[16.699219,38.891033],[16.611328,38.822591],[16.611328,38.754083],[16.523438,38.68551],[16.523438,38.61687],[16.611328,38.548165],[16.611328,38.410558],[16.523438,38.410558],[16.523438,38.341656],[16.435547,38.341656],[16.171875,38.134557],[16.171875,37.996163],[16.083984,37.996163],[16.083984,37.926868],[15.644531,37.926868],[15.644531,38.272689],[15.820312,38.272689],[15.908203,38.479395],[15.908203,38.61687],[15.820312,38.61687],[15.820312,38.68551],[15.996094,38.754083],[16.171875,38.754083],[16.171875,38.822591],[16.259766,38.822591],[16.259766,38.891033],[16.083984,39.027719],[16.083984,39.232253],[15.996094,39.368279],[15.996094,39.436193],[15.908203,39.504041],[15.908203,39.571822],[15.820312,39.571822],[15.820312,39.842286],[15.732422,39.909736],[15.732422,39.97712],[15.556641,40.111689],[15.46875,40.111689],[15.46875,40.044438],[15.380859,39.97712],[15.292969,40.044438],[15.292969,40.111689],[15.117188,40.178873],[15.029297,40.178873],[14.941406,40.245992],[14.941406,40.313043],[15.029297,40.380028],[14.941406,40.446947],[14.941406,40.580585],[14.853516,40.647304],[14.501953,40.647304],[14.501953,40.713956],[14.326172,40.84706],[14.238281,40.84706],[14.150391,40.780541],[14.0625,40.84706],[14.0625,40.913513],[13.974609,40.979898],[13.886719,41.112469],[13.798828,41.178654],[13.798828,41.244772],[13.535156,41.244772],[13.271484,41.310824],[13.183594,41.310824],[13.183594,41.244772],[13.007812,41.244772],[13.007812,41.310824],[12.832031,41.442726],[12.65625,41.442726],[12.480469,41.574361],[12.480469,41.640078],[12.392578,41.705729],[12.216797,41.771312],[12.216797,41.836828],[11.953125,42.032974],[11.777344,42.032974],[11.777344,42.163403],[11.689453,42.163403],[11.689453,42.228517],[11.513672,42.358544],[11.425781,42.358544],[11.337891,42.423457],[11.162109,42.423457],[11.162109,42.55308],[11.074219,42.617791],[10.986328,42.747012],[10.898438,42.747012],[10.722656,42.811522],[10.810547,42.875964],[10.722656,42.940339],[10.546875,42.940339],[10.546875,43.261206],[10.458984,43.389082],[10.371094,43.452919],[10.283203,43.452919],[10.283203,43.897892],[10.195312,43.897892],[10.195312,43.961191],[10.107422,44.024422],[10.019531,44.024422],[10.019531,44.087585],[9.755859,44.150681],[9.667969,44.150681],[9.404297,44.276671],[9.316406,44.276671],[9.228516,44.339565],[8.789062,44.402392],[8.613281,44.402392],[8.4375,44.276671],[8.4375,44.150681],[8.261719,44.150681],[8.261719,44.087585],[8.173828,43.961191],[8.085938,43.897892],[7.910156,43.834527],[7.822266,43.834527],[7.734375,43.771094],[7.558594,43.771094],[7.558594,43.834527],[7.470703,43.897892],[7.734375,44.087585],[7.646484,44.150681],[7.382812,44.150681],[7.03125,44.21371],[6.943359,44.276671],[6.855469,44.402392],[6.855469,44.527843],[6.943359,44.653024],[7.03125,44.715514],[7.03125,44.840291],[6.943359,44.840291],[6.855469,44.902578],[6.767578,44.902578],[6.679688,45.02695],[6.591797,45.089036],[6.679688,45.151053],[6.943359,45.151053],[7.119141,45.274886],[7.119141,45.460131],[6.767578,45.706179],[6.767578,45.767523],[6.855469,45.828799],[6.943359,45.828799],[6.943359,45.890008],[7.03125,45.95115],[7.119141,45.890008],[7.382812,45.890008],[7.470703,45.95115],[7.734375,45.95115],[7.822266,45.95115],[7.910156,45.95115],[7.910156,46.012224],[7.998047,46.012224],[8.173828,46.13417],[8.173828,46.195042],[8.261719,46.437857],[8.4375,46.437857],[8.4375,46.255847],[8.701172,46.13417],[8.701172,46.073231],[8.789062,46.073231],[8.789062,46.012224],[8.789062,45.95115],[8.876953,45.95115],[8.876953,45.890008],[8.964844,45.890008],[8.964844,45.828799],[9.052734,45.828799],[9.052734,45.95115],[9.052734,46.012224],[9.052734,46.13417],[9.140625,46.13417],[9.140625,46.195042],[9.316406,46.316584],[9.316406,46.437857],[9.316406,46.498392],[9.492188,46.498392],[9.492188,46.316584],[9.755859,46.316584],[9.84375,46.377254],[10.019531,46.377254],[10.019531,46.316584],[10.107422,46.255847],[10.195312,46.255847],[10.195312,46.377254],[10.107422,46.437857],[10.019531,46.437857],[10.019531,46.55886],[10.107422,46.619261],[10.283203,46.619261],[10.283203,46.55886],[10.458984,46.55886],[10.458984,46.860191],[10.722656,46.860191],[10.810547,46.800059],[11.074219,46.800059],[11.074219,46.920255],[11.162109,46.920255],[11.162109,46.980252],[11.513672,47.040182],[11.601562,47.040182],[11.689453,46.980252],[11.777344,46.980252],[12.041016,47.040182],[12.128906,47.040182]],[[12.392578,43.897892],[12.480469,43.897892],[12.480469,43.961191],[12.392578,43.961191],[12.392578,43.897892]]],[[[12.919922,38.065392],[13.007812,38.065392],[13.095703,38.134557],[13.095703,38.203655],[13.359375,38.203655],[13.359375,38.134557],[13.710938,37.996163],[13.974609,37.996163],[14.0625,38.065392],[14.150391,37.996163],[14.326172,37.996163],[14.501953,38.065392],[14.677734,38.065392],[14.853516,38.203655],[14.941406,38.134557],[15.117188,38.134557],[15.292969,38.203655],[15.556641,38.272689],[15.556641,38.134557],[15.380859,37.996163],[15.380859,37.926868],[15.205078,37.788081],[15.205078,37.649034],[15.117188,37.579413],[15.117188,37.370157],[15.205078,37.160317],[15.205078,37.09024],[15.292969,37.09024],[15.292969,36.949892],[15.117188,36.949892],[15.117188,36.668419],[15.029297,36.668419],[14.941406,36.738884],[14.853516,36.738884],[14.765625,36.668419],[14.589844,36.809285],[14.501953,36.809285],[14.414062,36.879621],[14.414062,36.949892],[14.326172,36.949892],[14.238281,37.020098],[14.238281,37.09024],[13.886719,37.09024],[13.710938,37.160317],[13.535156,37.300275],[13.359375,37.370157],[13.271484,37.370157],[13.271484,37.439974],[13.183594,37.439974],[13.183594,37.509726],[13.007812,37.509726],[12.919922,37.579413],[12.65625,37.579413],[12.480469,37.649034],[12.480469,37.996163],[12.568359,38.065392],[12.744141,38.134557],[12.919922,38.065392]]],[[[13.710938,45.767523],[13.798828,45.767523],[13.798828,45.706179],[13.886719,45.644768],[13.886719,45.58329],[13.798828,45.58329],[13.710938,45.706179],[13.710938,45.767523]]],[[[9.580078,40.913513],[9.667969,40.84706],[9.755859,40.647304],[9.755859,40.580585],[9.84375,40.513799],[9.84375,40.446947],[9.755859,40.380028],[9.667969,40.380028],[9.667969,40.313043],[9.580078,40.245992],[9.580078,40.178873],[9.755859,40.044438],[9.667969,39.909736],[9.667969,39.436193],[9.580078,39.368279],[9.580078,39.164141],[9.492188,39.095963],[9.404297,39.095963],[9.404297,39.164141],[9.316406,39.164141],[9.316406,39.232253],[9.140625,39.164141],[9.052734,39.232253],[9.052734,39.027719],[8.876953,38.891033],[8.613281,38.891033],[8.525391,39.027719],[8.4375,39.027719],[8.349609,39.027719],[8.349609,39.095963],[8.4375,39.095963],[8.4375,39.368279],[8.4375,39.436193],[8.4375,39.774769],[8.525391,39.707187],[8.525391,39.909736],[8.4375,39.909736],[8.4375,40.313043],[8.349609,40.513799],[8.173828,40.647304],[8.173828,40.913513],[8.261719,40.913513],[8.261719,40.84706],[8.613281,40.84706],[8.613281,40.913513],[8.789062,40.913513],[9.140625,41.178654],[9.140625,41.244772],[9.228516,41.244772],[9.492188,41.112469],[9.580078,41.112469],[9.667969,40.979898],[9.580078,40.913513]]],[[[10.458984,42.875964],[10.458984,42.747012],[10.107422,42.747012],[10.107422,42.811522],[10.371094,42.811522],[10.371094,42.875964],[10.458984,42.875964]]],[[[12.128906,47.040182],[12.128906,47.100045],[12.216797,47.100045],[12.216797,47.040182],[12.128906,47.040182]]],[[[6.855469,45.828799],[6.855469,45.890008],[6.943359,45.890008],[6.855469,45.828799]]]]},"properties":{"From":1919,"To":2023,"id":null,"Holder":null,"Name":"Italy/Sardinia","Status":"independent","Area":null,"Capital":"Rome","capital_geom":"0101000020E6100000F3599E0777F728403333333333F34440"}},{"type":"Feature","geometry":{"type":"MultiPolygon","coordinates":[[[[46.669922,41.244772],[46.582031,41.376809],[46.494141,41.376809],[46.230469,41.574361],[46.230469,41.771312],[46.318359,41.771312],[46.40625,41.836828],[46.40625,41.902277],[46.582031,41.902277],[46.669922,41.836828],[46.757812,41.836828],[46.757812,41.771312],[46.845703,41.771312],[47.109375,41.574361],[47.197266,41.574361],[47.285156,41.442726],[47.285156,41.310824],[47.373047,41.310824],[47.548828,41.244772],[47.724609,41.244772],[47.724609,41.178654],[47.900391,41.178654],[47.900391,41.310824],[48.076172,41.442726],[48.076172,41.508577],[48.251953,41.508577],[48.339844,41.574361],[48.427734,41.574361],[48.427734,41.640078],[48.515625,41.771312],[48.603516,41.836828],[48.691406,41.771312],[48.867188,41.574361],[48.867188,41.508577],[49.042969,41.442726],[49.130859,41.310824],[49.130859,41.178654],[49.21875,41.112469],[49.21875,41.046217],[49.394531,40.84706],[49.482422,40.84706],[49.482422,40.780541],[49.482422,40.713956],[49.482422,40.647304],[49.570312,40.647304],[49.658203,40.580585],[50.097656,40.580585],[50.273438,40.513799],[50.273438,40.446947],[50.361328,40.380028],[50.361328,40.245992],[50.273438,40.313043],[50.185547,40.313043],[50.097656,40.380028],[49.921875,40.313043],[49.746094,40.313043],[49.658203,40.245992],[49.570312,40.245992],[49.482422,40.178873],[49.394531,40.044438],[49.482422,40.044438],[49.482422,39.909736],[49.394531,39.842286],[49.306641,39.909736],[49.042969,39.97712],[48.867188,40.178873],[48.691406,40.313043],[48.691406,40.446947],[48.603516,40.580585],[48.339844,40.647304],[47.988281,40.647304],[47.8125,40.713956],[47.109375,40.780541],[46.845703,40.84706],[46.494141,40.979898],[46.318359,41.112469],[46.40625,41.112469],[46.494141,41.046217],[46.669922,41.178654],[46.669922,41.244772]]],[[[46.318359,41.112469],[46.230469,41.112469],[46.054688,41.178654],[46.318359,41.178654],[46.318359,41.112469]]]]},"properties":{"From":1991,"To":2023,"id":null,"Holder":null,"Name":"Azerbaijan","Status":"independent","Area":null,"Capital":"Baku","capital_geom":"0101000020E6100000166C239EECF04840A661F88898324440"}},{"type":"Feature","geometry":{"type":"MultiPolygon","coordinates":[[[[24.169922,35.532226],[24.257812,35.38905],[25.048828,35.38905],[25.224609,35.317366],[25.751953,35.317366],[25.751953,35.101934],[25.839844,35.101934],[25.839844,35.173808],[25.927734,35.173808],[26.015625,35.245619],[26.103516,35.245619],[26.191406,35.245619],[26.279297,35.245619],[26.279297,35.029996],[25.576172,35.029996],[25.488281,34.957995],[24.785156,34.957995],[24.785156,35.029996],[24.697266,35.101934],[24.521484,35.101934],[24.521484,35.173808],[24.082031,35.173808],[23.90625,35.245619],[23.642578,35.245619],[23.554688,35.317366],[23.554688,35.603719],[23.642578,35.603719],[23.642578,35.532226],[23.730469,35.532226],[23.730469,35.675147],[23.818359,35.675147],[23.818359,35.532226],[24.082031,35.532226],[24.082031,35.603719],[24.169922,35.603719],[24.169922,35.532226]]],[[[27.158203,35.675147],[27.158203,35.817813],[27.246094,35.817813],[27.246094,35.746512],[27.158203,35.675147]]],[[[27.773438,35.960223],[27.773438,36.102376],[27.685547,36.173357],[27.861328,36.315125],[28.037109,36.385913],[28.125,36.385913],[28.212891,36.456636],[28.212891,36.315125],[28.125,36.173357],[28.037109,36.102376],[28.037109,36.031332],[27.949219,36.031332],[27.861328,35.960223],[27.861328,35.88905],[27.773438,35.88905],[27.773438,35.960223]]],[[[23.027344,36.315125],[23.115234,36.244273],[23.027344,36.173357],[22.939453,36.173357],[22.939453,36.315125],[23.027344,36.315125]]],[[[24.257812,41.508577],[24.433594,41.574361],[24.609375,41.442726],[24.785156,41.376809],[24.873047,41.442726],[25.048828,41.376809],[25.224609,41.244772],[25.3125,41.244772],[25.488281,41.310824],[26.015625,41.310824],[26.191406,41.442726],[26.191406,41.508577],[26.103516,41.640078],[26.103516,41.771312],[26.279297,41.771312],[26.279297,41.705729],[26.367188,41.705729],[26.542969,41.640078],[26.630859,41.508577],[26.630859,41.310824],[26.455078,41.244772],[26.279297,41.244772],[26.279297,41.112469],[26.367188,41.046217],[26.367188,40.979898],[26.279297,40.913513],[26.279297,40.84706],[26.191406,40.84706],[26.103516,40.713956],[26.015625,40.780541],[26.015625,40.84706],[25.488281,40.84706],[25.400391,40.913513],[25.136719,40.913513],[25.136719,41.046217],[25.048828,40.979898],[24.873047,40.913513],[24.785156,40.84706],[24.609375,40.84706],[24.609375,40.913513],[24.521484,40.979898],[24.433594,40.913513],[24.345703,40.913513],[24.345703,40.84706],[24.169922,40.713956],[23.994141,40.713956],[23.90625,40.780541],[23.818359,40.780541],[23.642578,40.647304],[23.818359,40.580585],[23.818359,40.446947],[23.90625,40.380028],[23.730469,40.380028],[23.730469,40.245992],[23.642578,40.245992],[23.378906,40.313043],[23.378906,40.111689],[23.466797,40.044438],[23.642578,39.97712],[23.642578,39.909736],[23.466797,39.97712],[23.378906,39.97712],[23.291016,40.111689],[23.291016,40.245992],[23.203125,40.313043],[23.115234,40.313043],[22.939453,40.380028],[22.851562,40.446947],[22.851562,40.513799],[22.939453,40.513799],[22.939453,40.647304],[22.851562,40.647304],[22.851562,40.580585],[22.675781,40.513799],[22.587891,40.446947],[22.587891,40.380028],[22.587891,40.313043],[22.5,40.111689],[22.587891,40.044438],[22.587891,39.97712],[22.675781,39.97712],[22.851562,39.774769],[22.851562,39.707187],[22.939453,39.639538],[22.939453,39.571822],[23.203125,39.300299],[23.115234,39.300299],[23.027344,39.368279],[22.939453,39.368279],[22.851562,39.232253],[22.851562,39.164141],[22.939453,39.164141],[22.939453,39.095963],[23.027344,39.095963],[23.027344,39.027719],[23.027344,38.959409],[23.115234,38.959409],[23.115234,39.027719],[23.378906,39.027719],[23.466797,38.891033],[23.466797,38.822591],[23.554688,38.822591],[23.730469,38.68551],[23.994141,38.68551],[24.169922,38.61687],[24.169922,38.410558],[24.257812,38.203655],[24.345703,38.134557],[24.521484,38.134557],[24.609375,38.065392],[24.609375,37.996163],[24.521484,37.996163],[24.521484,37.926868],[24.345703,37.996163],[24.345703,38.065392],[24.169922,38.134557],[24.169922,38.203655],[24.082031,38.203655],[24.082031,38.134557],[23.994141,38.065392],[23.994141,37.996163],[24.082031,37.857507],[24.082031,37.649034],[23.90625,37.649034],[23.90625,37.788081],[23.818359,37.788081],[23.818359,37.857507],[23.642578,37.996163],[23.554688,37.996163],[23.554688,37.926868],[23.466797,37.857507],[23.378906,37.926868],[23.466797,37.996163],[23.203125,37.996163],[23.203125,37.926868],[23.027344,37.926868],[23.027344,37.857507],[23.115234,37.857507],[23.115234,37.788081],[23.203125,37.649034],[23.203125,37.579413],[23.291016,37.579413],[23.378906,37.509726],[23.466797,37.509726],[23.466797,37.439974],[23.378906,37.439974],[23.378906,37.370157],[23.291016,37.370157],[23.203125,37.370157],[23.203125,37.300275],[23.115234,37.370157],[23.115234,37.439974],[22.763672,37.579413],[22.763672,37.370157],[22.939453,37.160317],[22.939453,37.09024],[23.027344,37.020098],[23.027344,36.879621],[23.115234,36.809285],[23.115234,36.738884],[23.027344,36.738884],[23.027344,36.597889],[23.115234,36.597889],[23.115234,36.527295],[23.115234,36.456636],[22.939453,36.527295],[22.763672,36.809285],[22.587891,36.809285],[22.5,36.668419],[22.5,36.385913],[22.412109,36.456636],[22.412109,36.527295],[22.324219,36.668419],[22.324219,36.809285],[22.236328,36.879621],[22.148438,36.879621],[22.148438,37.020098],[21.972656,37.020098],[21.884766,36.949892],[21.884766,36.879621],[21.972656,36.809285],[21.972656,36.738884],[21.796875,36.738884],[21.796875,36.809285],[21.708984,36.809285],[21.708984,36.949892],[21.621094,37.020098],[21.621094,37.09024],[21.533203,37.160317],[21.708984,37.300275],[21.708984,37.370157],[21.621094,37.439974],[21.621094,37.509726],[21.533203,37.509726],[21.533203,37.579413],[21.357422,37.649034],[21.269531,37.788081],[21.181641,37.788081],[21.09375,37.857507],[21.269531,37.996163],[21.357422,37.996163],[21.357422,38.203655],[21.445312,38.203655],[21.533203,38.134557],[21.621094,38.134557],[21.708984,38.203655],[21.708984,38.272689],[21.796875,38.272689],[21.884766,38.341656],[21.708984,38.341656],[21.445312,38.341656],[21.357422,38.410558],[21.181641,38.272689],[21.09375,38.341656],[21.09375,38.479395],[21.005859,38.68551],[20.917969,38.754083],[20.742188,38.754083],[20.742188,38.61687],[20.654297,38.548165],[20.566406,38.548165],[20.566406,38.754083],[20.654297,38.822591],[20.742188,38.822591],[20.742188,38.959409],[20.830078,38.959409],[21.005859,38.959409],[21.005859,38.891033],[21.09375,38.891033],[21.181641,38.959409],[21.181641,39.027719],[20.917969,39.027719],[20.917969,39.095963],[20.742188,39.095963],[20.566406,39.164141],[20.478516,39.300299],[20.302734,39.300299],[20.214844,39.436193],[20.214844,39.639538],[20.302734,39.707187],[20.302734,39.774769],[20.390625,39.774769],[20.390625,39.909736],[20.302734,39.909736],[20.302734,39.97712],[20.478516,40.044438],[20.566406,40.044438],[20.566406,40.111689],[20.654297,40.111689],[20.742188,40.245992],[20.742188,40.380028],[20.830078,40.446947],[20.917969,40.446947],[21.005859,40.580585],[21.09375,40.647304],[21.005859,40.713956],[21.005859,40.84706],[21.357422,40.84706],[21.445312,40.913513],[21.533203,40.913513],[21.621094,40.84706],[21.796875,40.913513],[21.884766,41.046217],[21.884766,41.112469],[21.972656,41.112469],[22.236328,41.178654],[22.324219,41.178654],[22.324219,41.112469],[22.587891,41.112469],[22.763672,41.178654],[22.763672,41.310824],[23.203125,41.310824],[23.203125,41.376809],[23.730469,41.376809],[23.818359,41.442726],[23.994141,41.442726],[24.082031,41.508577],[24.169922,41.508577],[24.257812,41.508577]],[[21.884766,38.341656],[21.972656,38.341656],[22.148438,38.203655],[22.236328,38.203655],[22.412109,38.134557],[22.5,38.134557],[22.675781,38.065392],[22.763672,38.065392],[22.763672,37.996163],[22.851562,37.926868],[22.939453,37.926868],[22.939453,37.996163],[22.851562,38.065392],[23.203125,38.065392],[23.203125,38.134557],[23.115234,38.203655],[22.851562,38.203655],[22.675781,38.341656],[22.5,38.341656],[22.5,38.410558],[22.412109,38.410558],[22.412109,38.341656],[22.148438,38.341656],[22.148438,38.410558],[21.972656,38.410558],[21.884766,38.341656]],[[22.851562,38.891033],[22.5,38.891033],[22.587891,38.822591],[22.763672,38.822591],[22.763672,38.754083],[22.939453,38.754083],[23.115234,38.61687],[23.203125,38.68551],[23.291016,38.68551],[23.291016,38.61687],[23.378906,38.548165],[23.378906,38.479395],[23.642578,38.479395],[23.642578,38.548165],[23.466797,38.61687],[23.378906,38.754083],[23.203125,38.822591],[22.851562,38.822591],[22.851562,38.891033]],[[23.642578,38.410558],[23.642578,38.341656],[23.818359,38.341656],[23.90625,38.272689],[23.994141,38.272689],[24.082031,38.272689],[24.082031,38.410558],[23.642578,38.410558]]],[[[25.576172,37.230328],[25.576172,36.949892],[25.400391,36.949892],[25.3125,37.09024],[25.488281,37.160317],[25.576172,37.230328]]],[[[26.367188,36.668419],[26.455078,36.597889],[26.367188,36.527295],[26.279297,36.527295],[26.279297,36.597889],[26.367188,36.668419]]],[[[25.3125,36.809285],[25.400391,36.738884],[25.400391,36.668419],[25.3125,36.668419],[25.224609,36.738884],[25.3125,36.809285]]],[[[24.521484,36.738884],[24.521484,36.668419],[24.345703,36.668419],[24.345703,36.738884],[24.521484,36.738884]]],[[[26.982422,36.738884],[27.070312,36.809285],[27.158203,36.879621],[27.333984,36.879621],[27.333984,36.809285],[27.246094,36.809285],[27.070312,36.738884],[26.982422,36.738884]]],[[[26.367188,39.300299],[26.367188,39.232253],[26.455078,39.232253],[26.542969,39.164141],[26.630859,39.027719],[26.542969,38.959409],[26.279297,38.959409],[26.191406,39.027719],[26.103516,39.027719],[26.103516,39.095963],[26.015625,39.095963],[25.927734,39.164141],[25.839844,39.164141],[25.839844,39.300299],[26.191406,39.300299],[26.191406,39.368279],[26.367188,39.368279],[26.367188,39.300299]],[[26.191406,39.164141],[26.279297,39.164141],[26.279297,39.232253],[26.191406,39.232253],[26.191406,39.164141]]],[[[26.982422,37.09024],[26.982422,37.020098],[27.070312,37.020098],[27.070312,36.949892],[26.894531,36.949892],[26.894531,37.09024],[26.982422,37.09024]]],[[[26.630859,37.71859],[26.630859,37.788081],[26.982422,37.788081],[27.070312,37.71859],[26.894531,37.649034],[26.806641,37.649034],[26.71875,37.71859],[26.630859,37.71859]]],[[[25.224609,37.160317],[25.3125,37.09024],[25.224609,37.020098],[25.224609,36.949892],[25.136719,36.949892],[25.136719,37.09024],[25.224609,37.160317]]],[[[24.433594,37.370157],[24.433594,37.300275],[24.345703,37.300275],[24.345703,37.439974],[24.433594,37.439974],[24.433594,37.370157]]],[[[20.654297,38.341656],[20.654297,38.272689],[20.830078,38.134557],[20.830078,38.065392],[20.742188,38.065392],[20.566406,38.134557],[20.390625,38.134557],[20.302734,38.203655],[20.390625,38.341656],[20.566406,38.341656],[20.566406,38.479395],[20.654297,38.479395],[20.654297,38.410558],[20.742188,38.410558],[20.742188,38.341656],[20.654297,38.341656]]],[[[25.927734,38.272689],[26.015625,38.341656],[25.927734,38.479395],[25.839844,38.479395],[25.839844,38.548165],[26.015625,38.61687],[26.103516,38.548165],[26.191406,38.548165],[26.103516,38.410558],[26.103516,38.341656],[26.191406,38.341656],[26.191406,38.272689],[26.103516,38.272689],[26.015625,38.203655],[26.015625,38.134557],[25.927734,38.134557],[25.927734,38.203655],[25.927734,38.272689]]],[[[25.224609,37.649034],[25.224609,37.509726],[25.136719,37.509726],[25.136719,37.579413],[24.960938,37.649034],[25.224609,37.649034]]],[[[26.279297,37.649034],[26.279297,37.579413],[26.191406,37.579413],[26.015625,37.509726],[26.015625,37.649034],[26.279297,37.649034]]],[[[24.433594,37.649034],[24.257812,37.509726],[24.257812,37.649034],[24.433594,37.649034]]],[[[20.039062,39.368279],[19.863281,39.436193],[19.863281,39.571822],[19.775391,39.571822],[19.775391,39.639538],[19.599609,39.774769],[19.775391,39.774769],[19.863281,39.842286],[19.951172,39.774769],[19.951172,39.707187],[19.863281,39.707187],[19.863281,39.639538],[19.951172,39.639538],[19.951172,39.504041],[20.039062,39.368279]]],[[[20.917969,37.71859],[20.830078,37.649034],[20.654297,37.788081],[20.654297,37.926868],[20.742188,37.926868],[20.830078,37.857507],[20.830078,37.788081],[20.917969,37.788081],[20.917969,37.71859]]],[[[25.224609,39.909736],[25.224609,39.842286],[25.136719,39.774769],[25.136719,39.842286],[25.048828,39.842286],[25.048828,39.97712],[25.400391,39.97712],[25.400391,39.909736],[25.3125,39.909736],[25.3125,39.842286],[25.224609,39.909736]]],[[[24.697266,40.780541],[24.785156,40.713956],[24.785156,40.647304],[24.697266,40.580585],[24.609375,40.580585],[24.609375,40.647304],[24.521484,40.647304],[24.521484,40.780541],[24.697266,40.780541]]],[[[24.785156,37.996163],[24.960938,37.857507],[24.960938,37.71859],[24.785156,37.857507],[24.697266,37.857507],[24.697266,37.996163],[24.785156,37.996163]]],[[[24.521484,38.959409],[24.697266,38.822591],[24.697266,38.754083],[24.521484,38.754083],[24.433594,38.891033],[24.433594,38.959409],[24.521484,38.959409]]],[[[23.730469,40.178873],[23.818359,40.178873],[23.90625,40.178873],[23.994141,40.111689],[23.994141,39.97712],[23.90625,39.97712],[23.818359,40.044438],[23.818359,40.111689],[23.730469,40.111689],[23.730469,40.178873]]],[[[24.169922,40.313043],[24.257812,40.313043],[24.345703,40.178873],[24.433594,40.111689],[24.257812,40.111689],[24.257812,40.178873],[24.169922,40.313043]]],[[[25.488281,40.446947],[25.488281,40.513799],[25.664062,40.513799],[25.664062,40.446947],[25.576172,40.380028],[25.488281,40.446947]]],[[[23.642578,39.232253],[23.818359,39.095963],[23.642578,39.095963],[23.642578,39.232253]]],[[[23.203125,39.300299],[23.291016,39.300299],[23.291016,39.232253],[23.291016,39.164141],[23.203125,39.164141],[23.203125,39.300299]]],[[[27.158203,35.603719],[27.158203,35.38905],[27.070312,35.603719],[27.158203,35.603719]]],[[[26.630859,37.71859],[26.630859,37.649034],[26.542969,37.649034],[26.542969,37.71859],[26.630859,37.71859]]],[[[23.994141,40.380028],[24.169922,40.313043],[23.994141,40.313043],[23.994141,40.380028]]],[[[23.203125,39.164141],[23.203125,39.095963],[23.115234,39.164141],[23.203125,39.164141]]],[[[25.3125,39.842286],[25.3125,39.774769],[25.224609,39.774769],[25.3125,39.842286]]]]},"properties":{"From":1919,"To":2023,"id":null,"Holder":null,"Name":"Greece","Status":"independent","Area":null,"Capital":"Athens","capital_geom":"0101000020E6100000F92CCF83BBBB37407D96E7C1DDFD4240"}},{"type":"Feature","geometry":{"type":"MultiPolygon","coordinates":[[[[3.867188,51.618017],[3.779297,51.672555],[3.691406,51.672555],[3.691406,51.727028],[4.042969,51.727028],[4.042969,51.781436],[3.867188,51.781436],[3.867188,51.835778],[4.042969,51.835778],[4.042969,51.99841],[4.130859,51.99841],[4.394531,52.160455],[4.394531,52.214339],[4.482422,52.268157],[4.482422,52.375599],[4.570312,52.375599],[4.570312,52.536273],[4.658203,52.589701],[4.658203,52.749594],[4.746094,52.961875],[4.833984,52.961875],[4.833984,52.908902],[4.921875,52.908902],[5.009766,52.961875],[5.097656,52.961875],[5.097656,52.802761],[5.185547,52.749594],[5.273438,52.749594],[5.273438,52.643063],[5.009766,52.643063],[5.009766,52.536273],[5.097656,52.536273],[5.097656,52.429222],[5.097656,52.375599],[5.185547,52.375599],[5.185547,52.429222],[5.273438,52.48278],[5.449219,52.48278],[5.449219,52.536273],[5.537109,52.589701],[5.625,52.589701],[5.625,52.643063],[5.625,52.802761],[5.712891,52.855864],[5.361328,52.855864],[5.361328,52.908902],[5.449219,52.961875],[5.361328,53.014783],[5.361328,53.120405],[5.449219,53.120405],[5.449219,53.225768],[5.537109,53.278353],[5.625,53.278353],[5.888672,53.383328],[5.976562,53.383328],[6.064453,53.435719],[6.240234,53.435719],[6.328125,53.383328],[6.503906,53.435719],[6.855469,53.435719],[6.943359,53.383328],[6.943359,53.330873],[7.119141,53.278353],[7.207031,53.225768],[7.207031,52.961875],[7.119141,52.908902],[7.119141,52.802761],[7.03125,52.802761],[7.03125,52.643063],[6.679688,52.643063],[6.767578,52.589701],[6.767578,52.536273],[6.679688,52.536273],[6.679688,52.48278],[6.767578,52.48278],[6.943359,52.429222],[7.03125,52.375599],[7.03125,52.214339],[6.943359,52.214339],[6.943359,52.160455],[6.855469,52.160455],[6.855469,52.106505],[6.767578,52.106505],[6.767578,52.05249],[6.767578,51.99841],[6.767578,51.944265],[6.767578,51.890054],[6.503906,51.890054],[6.503906,51.835778],[6.328125,51.835778],[6.152344,51.890054],[6.064453,51.890054],[5.976562,51.835778],[5.976562,51.727028],[6.064453,51.618017],[6.240234,51.508742],[6.240234,51.344339],[6.064453,51.234407],[6.064453,51.124213],[5.976562,51.069017],[5.888672,51.069017],[5.888672,50.958427],[6.064453,50.958427],[6.064453,50.847573],[5.976562,50.847573],[5.976562,50.736455],[5.712891,50.736455],[5.712891,50.792047],[5.625,50.847573],[5.625,50.903033],[5.800781,50.958427],[5.800781,51.179343],[5.625,51.179343],[5.537109,51.234407],[5.537109,51.289406],[5.449219,51.289406],[5.361328,51.234407],[5.273438,51.234407],[5.273438,51.289406],[5.185547,51.344339],[5.097656,51.344339],[5.097656,51.454007],[5.009766,51.454007],[4.921875,51.399206],[4.833984,51.399206],[4.833984,51.508742],[4.746094,51.508742],[4.658203,51.454007],[4.570312,51.454007],[4.394531,51.454007],[4.394531,51.399206],[4.306641,51.399206],[4.21875,51.399206],[3.779297,51.399206],[3.603516,51.454007],[3.515625,51.454007],[3.427734,51.508742],[3.427734,51.563412],[3.515625,51.563412],[3.603516,51.618017],[3.867188,51.618017]],[[4.042969,51.563412],[4.042969,51.508742],[4.042969,51.454007],[4.306641,51.454007],[4.21875,51.508742],[4.042969,51.563412]],[[3.867188,51.618017],[3.867188,51.563412],[3.955078,51.563412],[4.042969,51.563412],[4.042969,51.618017],[3.867188,51.618017]],[[4.042969,51.727028],[4.042969,51.672555],[4.130859,51.672555],[4.130859,51.727028],[4.042969,51.727028]],[[5.537109,52.268157],[5.361328,52.268157],[5.449219,52.214339],[5.537109,52.268157]],[[5.800781,52.429222],[5.712891,52.429222],[5.712891,52.375599],[5.800781,52.375599],[5.800781,52.429222]],[[5.712891,52.589701],[5.800781,52.536273],[5.800781,52.589701],[5.712891,52.589701]]],[[[3.603516,51.399206],[3.779297,51.344339],[3.955078,51.344339],[4.21875,51.399206],[4.21875,51.344339],[4.042969,51.234407],[3.955078,51.234407],[3.867188,51.179343],[3.691406,51.289406],[3.515625,51.289406],[3.515625,51.234407],[3.427734,51.234407],[3.339844,51.289406],[3.339844,51.399206],[3.603516,51.399206]]],[[[4.921875,53.173119],[4.921875,53.067627],[4.833984,53.014783],[4.658203,53.014783],[4.746094,53.067627],[4.833984,53.173119],[4.921875,53.173119]]],[[[5.537109,53.435719],[5.185547,53.330873],[5.185547,53.383328],[5.537109,53.435719]]]]},"properties":{"From":1886,"To":2023,"id":null,"Holder":null,"Name":"Netherlands","Status":"independent","Area":null,"Capital":"Amsterdam","capital_geom":"0101000020E61000002C4A09C1AAAA1340CDCCCCCCCC2C4A40"}},{"type":"Feature","geometry":{"type":"MultiPolygon","coordinates":[[[[4.658203,51.454007],[4.746094,51.508742],[4.833984,51.508742],[4.833984,51.399206],[4.921875,51.399206],[5.009766,51.454007],[5.097656,51.454007],[5.097656,51.344339],[5.185547,51.344339],[5.273438,51.289406],[5.273438,51.234407],[5.361328,51.234407],[5.449219,51.289406],[5.537109,51.289406],[5.537109,51.234407],[5.625,51.179343],[5.800781,51.179343],[5.800781,50.958427],[5.625,50.903033],[5.625,50.847573],[5.712891,50.792047],[5.712891,50.736455],[6.064453,50.736455],[6.240234,50.625073],[6.240234,50.513427],[6.328125,50.513427],[6.328125,50.457504],[6.416016,50.457504],[6.416016,50.34546],[6.328125,50.34546],[6.152344,50.233152],[6.152344,50.120578],[6.064453,50.176898],[5.976562,50.176898],[5.888672,50.120578],[5.888672,50.064192],[5.800781,50.007739],[5.800781,49.95122],[5.712891,49.894634],[5.712891,49.837982],[5.888672,49.724479],[5.888672,49.553726],[5.625,49.553726],[5.625,49.496675],[5.449219,49.496675],[5.449219,49.61071],[5.361328,49.61071],[5.361328,49.667628],[5.009766,49.781264],[4.833984,49.781264],[4.833984,50.120578],[4.658203,50.064192],[4.658203,50.007739],[4.482422,49.95122],[4.21875,49.95122],[4.21875,50.007739],[4.130859,50.007739],[4.21875,50.120578],[4.21875,50.233152],[4.042969,50.34546],[3.779297,50.34546],[3.691406,50.401515],[3.691406,50.457504],[3.603516,50.513427],[3.251953,50.513427],[3.251953,50.680797],[3.164062,50.736455],[3.164062,50.792047],[3.076172,50.792047],[2.988281,50.736455],[2.8125,50.736455],[2.636719,50.847573],[2.636719,51.013755],[2.548828,51.124213],[2.900391,51.234407],[2.988281,51.234407],[2.988281,51.289406],[3.076172,51.289406],[3.076172,51.344339],[3.339844,51.344339],[3.339844,51.289406],[3.427734,51.234407],[3.515625,51.234407],[3.515625,51.289406],[3.691406,51.289406],[3.867188,51.179343],[3.955078,51.234407],[4.042969,51.234407],[4.21875,51.344339],[4.21875,51.399206],[4.306641,51.399206],[4.394531,51.399206],[4.394531,51.454007],[4.570312,51.454007],[4.658203,51.454007]],[[4.394531,51.399206],[4.306641,51.344339],[4.394531,51.344339],[4.394531,51.399206]]]]},"properties":{"From":1886,"To":2023,"id":null,"Holder":null,"Name":"Belgium","Status":"independent","Area":null,"Capital":"Brussels","capital_geom":"0101000020E6100000D4B5F63E555511404963B48EAA6A4940"}},{"type":"Feature","geometry":{"type":"MultiPolygon","coordinates":[[[[6.416016,49.837982],[6.503906,49.837982],[6.503906,49.724479],[6.416016,49.667628],[6.328125,49.496675],[6.152344,49.496675],[6.064453,49.439557],[5.976562,49.439557],[5.888672,49.496675],[5.800781,49.496675],[5.800781,49.553726],[5.888672,49.553726],[5.888672,49.724479],[5.712891,49.837982],[5.712891,49.894634],[5.800781,49.95122],[5.800781,50.007739],[5.888672,50.064192],[5.888672,50.120578],[5.976562,50.176898],[6.064453,50.176898],[6.152344,50.120578],[6.152344,49.95122],[6.328125,49.837982],[6.416016,49.837982]]]]},"properties":{"From":1886,"To":2023,"id":null,"Holder":null,"Name":"Luxembourg","Status":"independent","Area":null,"Capital":"Luxembourg","capital_geom":"0101000020E610000085EB51B81E851840DFF8DA334BCE4840"}},{"type":"Feature","geometry":{"type":"Polygon","coordinates":[[[45.5730542,40.6324911],[45.5288822,40.6061001],[45.5061002,40.6120821],[45.4919362,40.6369361],[45.5094362,40.6617911],[45.5639182,40.6642091],[45.5879092,40.6511001],[45.5730542,40.6324911]],[[46.5403732,38.8755911],[46.5163912,38.8780361],[46.4519362,38.8899911],[46.3763822,38.9069361],[46.3510912,38.9099821],[46.2947182,38.8958181],[46.2686002,38.8823451],[46.2450002,38.8667911],[46.1868907,38.8426451],[46.1236002,38.9099821],[46.1072182,38.9361001],[45.9687362,39.1745731],[45.9694272,39.1977641],[45.9860912,39.2230451],[46.0056182,39.2490271],[45.9851272,39.2754001],[45.8555542,39.3480361],[45.8289452,39.4463001],[45.8193542,39.5491641],[45.7919362,39.5655361],[45.7383912,39.5791541],[45.6266542,39.5599911],[45.5991632,39.5516541],[45.5583272,39.5338731],[45.5283272,39.5172091],[45.5023542,39.5044361],[45.4649912,39.4940181],[45.3269272,39.5389541],[45.2663912,39.6111091],[45.0755452,39.7722821],[45.0470732,39.7791541],[45.0211002,39.7698541],[44.9987452,39.7519181],[44.9605362,39.7294271],[44.9267912,39.7198451],[44.8895732,39.7229091],[44.8583272,39.7249911],[44.7865727,39.7088046],[44.7461002,39.7305541],[44.6413822,39.8037451],[44.5924912,39.8318001],[44.5602632,39.8794361],[44.5518002,39.8987451],[44.4877822,39.9627731],[44.3991542,40.0036091],[44.3516632,40.0222181],[44.2826362,40.0461001],[44.0442912,40.0103451],[43.9713732,40.0108181],[43.9338822,40.0136091],[43.9124912,40.0186001],[43.6684002,40.1031821],[43.6488182,40.1248541],[43.6685272,40.1461731],[43.7153732,40.1571821],[43.6616542,40.2744361],[43.6069362,40.3688911],[43.5830542,40.4511091],[43.5927632,40.5011001],[43.6530452,40.5313821],[43.7179362,40.6209181],[43.7413822,40.6666541],[43.7504092,40.7450001],[43.7424912,40.7702641],[43.6724912,40.9265181],[43.5952002,40.9933271],[43.5659732,40.9966641],[43.4838732,41.0227731],[43.4541632,41.0949271],[43.4607732,41.1129641],[43.5463912,41.1349911],[43.5701362,41.1355451],[43.5997092,41.1297181],[43.6375002,41.1230451],[43.7344272,41.1136001],[43.7562452,41.1126271],[43.7913732,41.1186641],[43.8336092,41.1455451],[43.8565182,41.1601271],[43.8924912,41.1654091],[43.9927632,41.1641451],[44.1227632,41.1819271],[44.1447092,41.1849911],[44.1727002,41.1968641],[44.2488732,41.2235911],[44.3405452,41.2124911],[44.4299912,41.1922181],[44.4841542,41.1877641],[44.5662362,41.1852641],[44.7286002,41.2122091],[44.8247182,41.2124911],[44.8488732,41.2130541],[44.8697092,41.2166451],[44.9786002,41.2702641],[45.0229452,41.2970541],[45.0469452,41.2233091],[45.1436002,41.2015181],[45.1930452,41.1730451],[45.2113732,41.1597181],[45.2210912,41.1399821],[45.2047092,41.1207541],[45.1759632,41.1150001],[45.1279002,41.1181821],[45.0820732,41.1136361],[45.0799912,41.0804091],[45.0963732,41.0597091],[45.3509632,41.0009641],[45.6194362,40.8665821],[45.6180452,40.8359641],[45.6027002,40.8004731],[45.5769362,40.7774911],[45.5233182,40.7630541],[45.4555452,40.7422091],[45.4363822,40.7337361],[45.4204002,40.7199911],[45.3891542,40.6637361],[45.4136002,40.6080361],[45.5363822,40.4569271],[45.6380362,40.3911091],[45.6627632,40.3758271],[45.8822092,40.2674911],[45.9133452,40.2645001],[45.9560272,40.2721361],[45.9977272,40.2308271],[45.9774092,40.1184541],[45.9079732,40.0239451],[45.8805452,40.0140181],[45.8477732,40.0161091],[45.8244362,40.0199821],[45.7636092,40.0244361],[45.7136092,40.0260911],[45.6819272,40.0258271],[45.6380362,40.0216641],[45.6136002,40.0144361],[45.5975542,39.9973541],[45.6077632,39.9717911],[45.7052732,39.9613731],[45.7297092,39.9583181],[45.7511002,39.9533181],[45.7793002,39.9405451],[45.7969362,39.9179001],[45.8047182,39.8920731],[45.8202632,39.8604001],[45.8506822,39.8290181],[45.8813822,39.8085911],[45.9176272,39.7916641],[45.9602732,39.7786001],[45.9838732,39.7774911],[46.0086632,39.7701911],[46.0305362,39.7455361],[46.0433182,39.7230361],[46.0574912,39.6998451],[46.1897092,39.6072181],[46.2076272,39.5970731],[46.2442272,39.5949821],[46.3045732,39.6165181],[46.3294272,39.6251271],[46.3572182,39.6265091],[46.5262362,39.5781181],[46.5456912,39.5493641],[46.5129732,39.4756091],[46.4486002,39.4577641],[46.4042912,39.4512361],[46.3860272,39.4386641],[46.3841542,39.4059641],[46.3981822,39.3841541],[46.5574912,39.2691451],[46.5813822,39.2536091],[46.6205047,39.2255406],[46.5416542,39.1894181],[46.4960912,39.2036091],[46.4558182,39.2175541],[46.4231452,39.2087001],[46.4244272,39.1656181],[46.4583182,39.1427731],[46.4774822,39.1366541],[46.4950632,39.1264451],[46.5177732,39.0737361],[46.5236002,39.0441541],[46.5161002,39.0248451],[46.5022092,38.9998451],[46.4955362,38.9573451],[46.5403732,38.8755911]],[[44.9841542,41.0576271],[45.0179092,41.0317996],[45.0497092,41.0387451],[45.0552632,41.0597181],[45.0238822,41.0870731],[44.9926362,41.0854091],[44.9841542,41.0576271]],[[45.2063822,40.9794271],[45.2291632,40.9691541],[45.2411002,40.9851271],[45.2020272,40.9994361],[45.2063822,40.9794271]]]},"properties":{"Name":"Armenia","From":1991,"To":2026,"id":"371","Status":"independent","Capital":"Yerevan","source":"CShapes 2.0 official GeoJSON geometry extended as 2020--2026 reference"}}]}